id,title,release_date,release_year,budget,revenue,runtime,popularity,vote_average,vote_count,original_language,genres,genre_count,in_collection,adult,status
189,Sin City: A Dame to Kill For,2014-08-20,2014,65000000,39407616,102,7.2972,6.403,4138,en,"Action, Crime, Thriller",3,True,False,Released
1771,Captain America: The First Avenger,2011-07-22,2011,140000000,370569774,124,9.026,7.004,22628,en,"Action, Adventure, Science Fiction",3,True,False,Released
1865,Pirates of the Caribbean: On Stranger Tides,2011-05-15,2011,379000000,1046721266,136,13.524,6.566,14872,en,"Adventure, Action, Fantasy",3,True,False,Released
1930,The Amazing Spider-Man,2012-06-23,2012,215000000,758725893,136,17.6519,6.732,18407,en,"Action, Adventure, Science Fiction",3,True,False,Released
4258,Scary Movie 5,2013-04-11,2013,20000000,78613981,88,7.2694,4.791,3007,en,Comedy,1,True,False,Released
7978,The Wolfman,2010-02-10,2010,150000000,140700000,103,5.2078,5.9,2164,en,Horror,1,False,False,Released
8952,I Love You Phillip Morris,2010-02-04,2010,13000000,20768906,98,2.8019,6.419,1806,en,"Comedy, Crime, Drama, Romance",4,False,False,Released
8967,The Tree of Life,2011-05-17,2011,32000000,54700000,139,4.0647,6.727,3312,en,"Drama, Fantasy",2,False,False,Released
9364,Wuthering Heights,2011-09-09,2011,5692172,1742215,124,3.6969,5.873,275,en,"Drama, Romance",2,False,False,Released
9543,Prince of Persia: The Sands of Time,2010-05-19,2010,200000000,336365676,116,7.6761,6.296,7126,en,"Adventure, Fantasy, Action",3,False,False,Released
10138,Iron Man 2,2010-04-28,2010,200000000,623933331,124,28.7536,6.851,22269,en,"Adventure, Action, Science Fiction",3,True,False,Released
10140,The Chronicles of Narnia: The Voyage of the Dawn Treader,2010-12-02,2010,155000000,415686217,113,6.7897,6.44,5871,en,"Adventure, Family, Fantasy",3,True,False,Released
10191,How to Train Your Dragon,2010-03-18,2010,165000000,495141736,98,13.0268,7.857,14276,en,"Fantasy, Adventure, Animation, Family",4,True,False,Released
10192,Shrek Forever After,2010-05-20,2010,165000000,752600867,93,12.5911,6.393,7898,en,"Comedy, Adventure, Fantasy, Animation, Family",5,True,False,Released
10193,Toy Story 3,2010-06-16,2010,200000000,1067316101,102,15.4923,7.804,15635,en,"Animation, Family, Comedy",3,True,False,Released
10195,Thor,2011-04-21,2011,150000000,449326618,115,15.0319,6.768,22244,en,"Adventure, Fantasy, Action",3,True,False,Released
10196,The Last Airbender,2010-06-30,2010,150000000,319713881,103,6.9756,4.647,4242,en,"Action, Adventure, Fantasy",3,False,False,Released
10316,The Ides of March,2011-10-07,2011,12500000,76338111,101,3.9939,6.679,2690,en,Drama,1,False,False,Released
10317,Our Brand Is Crisis,2015-09-11,2015,28000000,7002261,107,1.8465,5.9,526,en,"Comedy, Drama",2,False,False,Released
10679,Iron Sky,2012-04-04,2012,7500000,10109659,93,3.0911,5.749,1758,en,"Action, Comedy, Science Fiction",3,True,False,Released
11324,Shutter Island,2010-02-14,2010,80000000,294804195,138,18.3919,8.198,25692,en,"Drama, Thriller, Mystery",3,False,False,Released
11439,The Ghost Writer,2010-02-12,2010,45000000,60300000,128,3.2116,6.82,2432,en,"Thriller, Mystery",2,False,False,Released
12155,Alice in Wonderland,2010-03-03,2010,200000000,1025467110,108,13.6924,6.639,14730,en,"Family, Fantasy, Adventure",3,True,False,Released
12201,Edge of Darkness,2010-01-28,2010,80000000,81126522,117,7.7807,6.416,1707,en,"Crime, Drama, Mystery, Thriller",4,False,False,Released
12444,Harry Potter and the Deathly Hallows: Part 1,2010-11-17,2010,250000000,954305868,146,19.8285,7.734,20270,en,"Adventure, Fantasy",2,True,False,Released
12445,Harry Potter and the Deathly Hallows: Part 2,2011-07-12,2011,125000000,1341511219,130,22.0168,8.08,21869,en,"Adventure, Fantasy",2,True,False,Released
12645,Inhale,2010-08-27,2010,10000000,55089,100,1.1078,6.019,130,en,"Drama, Action, Thriller",3,False,False,Released
12819,Alpha and Omega,2010-07-05,2010,20000000,50507267,88,3.5637,5.957,550,en,"Animation, Family, Comedy, Adventure, Romance",5,True,False,Released
13477,When in Rome,2010-01-29,2010,55000000,43042835,91,3.5157,5.9,1269,en,"Comedy, Fantasy, Romance",3,False,False,Released
14564,Rings,2017-02-01,2017,25000000,83080890,102,4.9551,5.016,2600,en,Horror,1,True,False,Released
16290,Jackass 3D,2010-10-15,2010,20000000,117224271,94,3.1479,6.6,1450,en,"Comedy, Documentary, Action",3,True,False,Released
17578,The Adventures of Tintin,2011-10-24,2011,130000000,373993951,107,8.1576,6.919,5775,en,"Adventure, Animation, Mystery",3,False,False,Released
18823,Clash of the Titans,2010-03-26,2010,125000000,493214993,106,8.6356,5.916,6646,en,"Adventure, Fantasy, Action",3,True,False,Released
19901,Daybreakers,2010-01-06,2010,20000000,51417188,98,5.4357,6.281,2152,en,"Action, Fantasy, Science Fiction",3,False,False,Released
20352,Despicable Me,2010-07-08,2010,69000000,543284256,95,15.9499,7.256,15990,en,"Animation, Comedy, Crime, Family, Science Fiction",5,True,False,Released
20504,The Book of Eli,2010-01-14,2010,80000000,157107755,118,8.3597,6.795,6631,en,"Action, Thriller, Science Fiction",3,False,False,Released
20526,TRON: Legacy,2010-12-14,2010,170000000,409912892,126,9.3915,6.539,7864,en,"Adventure, Action, Science Fiction",3,True,False,Released
20533,Jonah Hex,2010-06-18,2010,47000000,10539000,81,3.0888,4.954,1535,en,"Western, Fantasy, Thriller",3,False,False,Released
20662,Robin Hood,2010-05-12,2010,200000000,321669741,140,7.5344,6.396,4987,en,"Action, Adventure, History, Drama",4,False,False,Released
22538,Scott Pilgrim vs. the World,2010-08-12,2010,73000000,51825248,113,7.3329,7.485,8516,en,"Action, Comedy, Romance",3,False,False,Released
22894,Legion,2010-01-21,2010,26000000,67918658,100,7.9494,5.9,2839,en,"Action, Fantasy, Horror",3,False,False,Released
22907,Takers,2010-08-26,2010,32000000,80205382,107,5.078,6.236,1368,en,"Action, Crime, Drama, Thriller",4,False,False,Released
22970,The Cabin in the Woods,2012-04-12,2012,30000000,71038838,95,8.7759,6.648,8480,en,"Horror, Mystery, Comedy",3,False,False,Released
22971,Dear John,2010-02-04,2010,25000000,114977104,108,4.3863,6.84,4270,en,"Drama, Romance, War",3,False,False,Released
22972,Green Zone,2010-03-11,2010,100000000,94882889,115,5.9927,6.488,2358,en,"War, Action, Adventure, Drama, Thriller",5,False,False,Released
23023,Tooth Fairy,2010-01-14,2010,48000000,112462508,101,4.3282,5.476,2096,en,"Comedy, Family, Fantasy",3,True,False,Released
23047,Season of the Witch,2011-01-07,2011,40000000,91627228,95,4.3319,5.524,2630,en,"Adventure, Fantasy, Action",3,False,False,Released
23048,Hot Tub Time Machine,2010-03-26,2010,36000000,64780213,101,4.0693,6.043,2720,en,"Science Fiction, Comedy, Adventure",3,True,False,Released
23168,The Town,2010-09-15,2010,37000000,154026136,125,7.9631,7.218,5589,en,"Crime, Drama, Thriller",3,False,False,Released
23169,Remember Me,2010-03-11,2010,16000000,56000000,113,5.7207,7.098,3697,en,"Drama, Romance",2,False,False,Released
23172,The Spy Next Door,2010-01-15,2010,28000000,66166000,94,6.4741,5.879,1400,en,"Action, Comedy, Family",3,False,False,Released
23437,A Nightmare on Elm Street,2010-04-30,2010,35000000,115665418,95,5.779,5.525,2895,en,"Horror, Mystery, Thriller",3,False,False,Released
23483,Kick-Ass,2010-03-26,2010,28000000,96188903,118,9.7107,7.124,12323,en,"Action, Crime",2,True,False,Released
23514,The Rum Diary,2011-10-13,2011,45000000,24000000,120,2.8518,5.88,1322,en,"Comedy, Drama",2,False,False,Released
23629,Sucker Punch,2011-03-24,2011,82000000,89792502,110,5.0448,6.192,5028,en,"Action, Fantasy, Thriller",3,False,False,Released
23631,Machete,2010-09-01,2010,10500000,45491656,105,5.3866,6.344,3529,en,"Action, Comedy, Thriller",3,True,False,Released
23742,Cop Out,2010-02-26,2010,30000000,55600000,107,3.6125,5.543,1621,en,"Action, Comedy, Crime",3,False,False,Released
23759,Centurion,2010-02-15,2010,12000000,6890432,97,5.4494,6.236,1550,en,"Adventure, Action, Drama",3,False,False,Released
23830,Last Night,2010-11-05,2010,7000000,7644937,93,3.7622,6.1,816,en,"Drama, Romance",2,False,False,Released
24021,The Twilight Saga: Eclipse,2010-06-23,2010,68000000,698491347,124,10.6277,6.195,9210,en,"Adventure, Fantasy, Drama, Romance",4,True,False,Released
24428,The Avengers,2012-04-25,2012,220000000,1518815515,143,50.9247,8.007,37415,en,"Science Fiction, Action, Adventure",3,True,False,Released
25195,Leap Year,2010-01-08,2010,19000000,32686500,100,5.151,6.9,2146,en,"Romance, Comedy",2,False,False,Released
26022,My Name Is Khan,2010-02-10,2010,12000000,42345360,165,4.4664,8.0,1425,hi,"Drama, Romance",2,False,False,Released
26388,Buried,2010-09-24,2010,1987650,19152480,95,3.7229,6.638,3023,en,Thriller,1,False,False,Released
26389,From Paris with Love,2010-02-04,2010,52000000,52800000,92,9.3104,6.375,2291,en,"Action, Crime, Thriller",3,False,False,Released
26390,Brooklyn's Finest,2010-03-04,2010,17000000,45700000,132,3.7582,6.318,983,en,"Crime, Drama, Thriller",3,False,False,Released
27004,Ca$h,2010-03-01,2010,7000000,46488,108,2.8334,5.9,252,en,"Crime, Thriller, Comedy, Mystery",4,False,False,Released
27022,The Sorcerer's Apprentice,2010-07-13,2010,150000000,215300000,109,7.6343,6.139,5244,en,"Fantasy, Adventure, Action",3,False,False,Released
27023,Saint John of Las Vegas,2010-01-29,2010,3800000,111731,84,0.822,5.7,55,en,Comedy,1,False,False,Released
27205,Inception,2010-07-15,2010,160000000,839030630,148,32.4608,8.372,39064,en,"Action, Science Fiction, Adventure",3,False,False,Released
27569,Extraordinary Measures,2010-01-21,2010,31000000,15134293,106,3.047,6.271,341,en,Drama,1,False,False,Released
27573,The Bounty Hunter,2010-03-16,2010,40000000,136300000,110,3.0998,5.846,3036,en,"Action, Comedy, Romance",3,False,False,Released
27576,Salt,2010-07-21,2010,110000000,293329073,100,7.4297,6.412,5888,en,"Action, Mystery, Thriller",3,False,False,Released
27578,The Expendables,2010-08-07,2010,80000000,274470394,103,12.441,6.253,8242,en,"Thriller, Adventure, Action",3,True,False,Released
27579,The American,2010-08-31,2010,20000000,67900000,104,5.7051,5.98,1501,en,"Crime, Drama, Thriller",3,False,False,Released
27581,The Other Guys,2010-08-06,2010,100000000,170432927,107,7.2655,6.328,4544,en,"Comedy, Action",2,False,False,Released
27582,The Mechanic,2011-01-13,2011,40000000,51070807,93,8.3781,6.527,3566,en,"Action, Thriller, Crime",3,True,False,Released
27583,Greenberg,2010-03-26,2010,25000000,6344112,107,2.611,5.89,621,en,"Comedy, Drama, Romance",3,False,False,Released
27584,High School,2010-06-03,2010,10000000,221590,99,2.4468,5.7,163,en,Comedy,1,False,False,Released
27585,Rabbit Hole,2010-12-16,2010,5000000,5144717,91,3.2885,6.651,653,en,Drama,1,False,False,Released
27586,The Runaways,2010-03-19,2010,10000000,2995811,107,2.8526,6.457,833,en,"Drama, Music",2,False,False,Released
28211,Chloe,2010-02-25,2010,14000000,13657649,96,4.6207,6.134,1856,en,"Drama, Thriller, Mystery",3,False,False,Released
28510,Universal Soldier: Regeneration,2010-02-23,2010,14000000,153977852,97,2.6436,5.641,486,en,"Adventure, Action, Science Fiction, Thriller",4,True,False,Released
29159,Giallo,2010-03-13,2010,14000000,50113,92,0.845,4.195,177,it,"Crime, Horror, Mystery, Thriller",4,False,False,Released
29426,Survival of the Dead,2010-05-06,2010,4000000,386078,90,1.8308,4.9,503,en,"Horror, Comedy, Drama, Thriller",4,True,False,Released
29427,The Crazies,2010-02-26,2010,20000000,54956140,101,5.2784,6.309,2253,en,"Mystery, Horror, Action",3,False,False,Released
29888,Dulha Mil Gaya,2010-01-08,2010,5600000,2700000,152,0.9899,5.4,33,hi,"Comedy, Drama, Romance",3,False,False,Released
30618,Bunraku,2010-09-01,2010,25000000,129706,124,2.7398,5.792,348,en,"Thriller, Action, Drama",3,False,False,Released
31059,Our Russia: Eggs of Destiny,2010-01-20,2010,2000000,22212223,85,0.896,4.552,77,ru,Comedy,1,False,False,Released
31458,Rann,2010-01-29,2010,7500000,2000000,145,1.0363,6.625,20,hi,"Drama, Thriller",2,False,False,Released
31867,Repo Men,2010-03-18,2010,32000000,18409891,111,4.136,6.329,2081,en,"Action, Science Fiction, Thriller, Crime",4,False,False,Released
32007,Hurricane Season,2010-02-09,2010,143000,1000000,103,1.9854,6.6,66,en,Drama,1,False,False,Released
32511,"Police, Adjective",2010-01-14,2010,1089360,48298,115,0.3645,6.541,61,ro,"Drama, Comedy, Crime",3,False,False,Released
32657,Percy Jackson & the Olympians: The Lightning Thief,2010-02-01,2010,95000000,226497209,118,9.7429,6.212,7787,en,"Adventure, Fantasy, Family",3,True,False,Released
32823,Get Him to the Greek,2010-06-03,2010,40000000,90029656,109,4.0191,5.975,1920,en,"Adventure, Comedy, Music",3,False,False,Released
32856,Valentine's Day,2010-02-10,2010,52000000,216528528,125,5.2623,5.92,3151,en,"Comedy, Romance",2,False,False,Released
33217,Diary of a Wimpy Kid,2010-03-19,2010,15000000,75700000,92,5.5493,6.267,1752,en,"Comedy, Family",2,True,False,Released
33909,Wall Street: Money Never Sleeps,2010-09-20,2010,70000000,134748021,133,4.3454,6.098,1676,en,"Drama, Crime",2,True,False,Released
34016,She's Out of My League,2010-03-11,2010,20000000,49800000,104,3.7855,6.483,2317,en,"Romance, Comedy",2,False,False,Released
34144,Atithi Tum Kab Jaoge?,2010-02-26,2010,2100000,5400000,155,0.538,6.324,54,hi,Comedy,1,False,False,Released
34418,Teen Patti,2010-02-26,2010,1000000,3900000,142,0.9368,3.8,10,hi,"Drama, Thriller",2,False,False,Released
34544,The A-Team,2010-06-09,2010,110000000,177238796,117,6.1966,6.411,4971,en,"Action, Comedy, Crime",3,False,False,Released
34563,Our Family Wedding,2010-03-12,2010,14000000,21409028,103,1.0265,5.6,139,en,Comedy,1,False,False,Released
34586,Kandahar,2010-02-04,2010,7000000,15172408,103,0.7556,6.2,44,ru,Drama,1,False,False,Released
34647,Enter the Void,2010-05-05,2010,13000000,754249,161,2.8591,7.293,1967,en,"Fantasy, Drama",2,False,False,Released
34764,Karthik Calling Karthik,2010-02-26,2010,2800000,3900000,135,0.8792,6.338,102,hi,"Romance, Thriller",2,False,False,Released
34803,Death at a Funeral,2010-04-15,2010,21000000,49050886,92,3.1986,5.875,1059,en,Comedy,1,False,False,Released
34806,The Back-Up Plan,2010-04-23,2010,35000000,77477008,106,5.566,6.122,1479,en,"Comedy, Romance",2,False,False,Released
34813,The Losers,2010-04-23,2010,25000000,23580000,97,5.4153,6.258,1964,en,"Action, Adventure, Crime, Mystery, Thriller",5,False,False,Released
34851,Predators,2010-07-07,2010,40000000,127233108,107,10.4042,6.3,4576,en,"Science Fiction, Action, Thriller",3,True,False,Released
35019,Nanny McPhee and the Big Bang,2010-03-26,2010,35000000,93251121,109,7.7536,6.313,1938,en,"Comedy, Fantasy, Family",3,True,False,Released
35056,Date Night,2010-04-08,2010,55000000,152300000,88,6.0111,6.107,3047,en,"Comedy, Action, Adventure",3,False,False,Released
35169,Furry Vengeance,2010-04-30,2010,35000000,36236710,92,3.3722,5.026,643,en,"Family, Comedy",2,False,False,Released
35428,What Men Talk About,2010-03-04,2010,1950000,12005838,93,1.23,7.2,193,ru,Comedy,1,True,False,Released
35552,The Extraordinary Adventures of Adèle Blanc-Sec,2010-04-09,2010,25000000,34604339,107,6.2625,6.254,1478,fr,"Fantasy, Adventure, Action, Mystery",4,False,False,Released
35688,Why Did I Get Married Too?,2010-04-02,2010,20000000,60673972,121,2.7258,6.5,166,en,"Comedy, Romance",2,True,False,Released
35690,The Last Song,2010-03-31,2010,20000000,89137047,107,2.8443,7.229,3381,en,"Drama, Family, Romance",3,False,False,Released
35716,Preacher's Kid,2010-01-29,2010,7000000,515065,110,2.2475,6.2,43,en,"Drama, Family, Music",3,False,False,Released
35791,Resident Evil: Afterlife,2010-09-01,2010,60000000,300228084,97,0.3016,6.051,4165,en,"Action, Adventure, Horror, Science Fiction",4,True,False,Released
36696,Space Dogs,2010-03-18,2010,25000000,8553835,85,1.3326,5.2,54,ru,"Family, Animation",2,True,False,Released
36865,The Disappearance of Haruhi Suzumiya,2010-02-05,2010,2000000,7701498,162,4.0138,7.8,278,ja,"Animation, Comedy, Science Fiction, Mystery, Drama",5,False,False,Released
36939,Boogie Woogie,2010-04-16,2010,6000000,48411,94,1.1424,5.048,104,en,"Comedy, Drama",2,False,False,Released
36970,Oceans,2010-01-22,2010,80000000,83090556,104,1.9613,7.449,334,en,"Documentary, Family, Drama",3,False,False,Released
37034,True Legend,2010-02-09,2010,20000000,6820000,115,5.29,6.6,241,zh,"Action, Fantasy",2,False,False,Released
37056,Letters to Juliet,2010-05-13,2010,30000000,82148538,105,3.4577,7.0,2998,en,"Comedy, Drama, Romance",3,False,False,Released
37414,The Killer Inside Me,2010-02-19,2010,13000000,4052191,109,2.5985,5.836,623,en,"Crime, Drama, Thriller",3,False,False,Released
37430,Conan the Barbarian,2011-08-17,2011,90000000,63523283,113,4.6059,5.308,1992,en,"Adventure, Fantasy, Action",3,False,False,Released
37460,Raavan,2010-06-18,2010,4200000,4000000,138,0.8505,4.875,28,hi,"Action, Adventure, Crime, Drama, Romance, Thriller",6,False,False,Released
37472,Ip Man 2,2010-04-29,2010,12900000,36000000,108,1.0787,7.463,2475,cn,"Action, History, Drama",3,True,False,Released
37495,Four Lions,2010-05-07,2010,3900000,6200000,97,2.809,6.958,1266,en,"Comedy, Crime, Drama",3,False,False,Released
37686,Super 8,2011-06-09,2011,50000000,260100000,112,6.9516,6.774,7031,en,"Thriller, Science Fiction, Mystery",3,False,False,Released
37710,The Tourist,2010-12-08,2010,100000000,278731369,103,7.3558,6.178,5721,en,"Action, Thriller, Romance",3,False,False,Released
37724,Skyfall,2012-10-24,2012,200000000,1108594176,143,10.9853,7.26,16055,en,"Action, Adventure, Thriller",3,True,False,Released
37735,Easy A,2010-09-16,2010,8000000,75026327,93,7.7174,6.805,7338,en,Comedy,1,False,False,Released
37786,Sex and the City 2,2010-05-26,2010,100000000,290700000,147,6.3631,6.1,1719,en,"Comedy, Drama, Romance",3,True,False,Released
37799,The Social Network,2010-10-01,2010,40000000,224920315,121,9.5189,7.4,13077,en,Drama,1,True,False,Released
37821,Killers,2010-06-04,2010,75000000,98159963,100,6.2045,5.952,2300,en,"Action, Comedy, Thriller, Romance",4,False,False,Released
37822,Badmaash Company,2010-05-07,2010,1900000,5100000,144,1.2594,5.839,59,hi,Crime,1,False,False,Released
37832,Mammuth,2010-04-21,2010,3000000,7100000,92,0.9217,5.8,164,fr,Comedy,1,False,False,Released
37834,Knight and Day,2010-06-15,2010,117000000,261989769,109,7.214,6.228,4859,en,"Action, Comedy",2,False,False,Released
37851,Hooked on the Game 2. The Next Level,2010-04-15,2010,3500000,2294357,86,1.0387,4.8,47,ru,"Action, Science Fiction",2,True,False,Released
37905,The Horde,2010-02-10,2010,3100000,2943372,98,1.6787,5.967,506,fr,"Action, Horror, Thriller",3,False,False,Released
37931,MacGruber,2010-05-21,2010,10000000,9322895,90,2.3989,5.415,601,en,"Action, Comedy",2,False,False,Released
37941,Vinnaithaandi Varuvaayaa,2010-02-26,2010,3000000,12000000,157,1.4341,7.602,59,ta,"Drama, Romance",2,False,False,Released
37950,Charlie St. Cloud,2010-07-30,2010,44000000,48200000,99,2.8726,7.0,2229,en,"Drama, Romance",2,False,False,Released
37958,Immortals,2011-11-10,2011,75000000,226904017,110,8.3672,6.041,2789,en,"Fantasy, Action, Drama",3,False,False,Released
38031,You Will Meet a Tall Dark Stranger,2010-09-22,2010,22000000,36015260,98,2.4236,5.9,901,en,"Comedy, Drama, Romance",3,False,False,Released
38033,Chain Letter,2010-10-01,2010,5000000,143000,96,1.3077,4.413,138,en,"Horror, Thriller",2,False,False,Released
38050,The Adjustment Bureau,2011-03-03,2011,50200000,127900000,106,7.1827,6.776,4876,en,"Science Fiction, Thriller, Romance",3,False,False,Released
38055,Megamind,2010-10-28,2010,130000000,321885765,96,11.2774,7.022,7421,en,"Animation, Action, Comedy, Family, Science Fiction",5,True,False,Released
38073,Going the Distance,2010-08-27,2010,32000000,42045846,102,3.3146,6.1,775,en,"Comedy, Drama, Romance",3,False,False,Released
38117,Beastly,2011-01-21,2011,17000000,43200000,86,3.8791,6.306,2859,en,"Romance, Fantasy, Drama",3,False,False,Released
38150,Heartless,2010-05-21,2010,5000000,20435,114,2.2026,5.849,175,en,"Fantasy, Horror, Thriller",3,False,False,Released
38167,Eat Pray Love,2010-08-12,2010,60000000,204594016,133,5.8668,6.243,2615,en,"Drama, Romance",2,False,False,Released
38234,Undisputed III: Redemption,2010-04-17,2010,3000000,76500000,96,7.8394,7.546,1005,en,"Action, Thriller, Crime, Drama",4,True,False,Released
38303,You Again,2010-09-23,2010,20000000,32054369,105,3.1906,6.269,1291,en,"Comedy, Romance",2,False,False,Released
38317,Zookeeper,2011-07-06,2011,80000000,169900000,102,4.658,5.436,1764,en,"Comedy, Romance, Family",3,False,False,Released
38319,Your Highness,2011-04-08,2011,49900000,28013733,102,3.3292,5.324,1438,en,"Comedy, Fantasy, Adventure, Action, Romance",5,False,False,Released
38321,Priest,2011-05-05,2011,60000000,84154026,87,10.5453,5.856,2496,en,"Action, Fantasy, Horror",3,False,False,Released
38322,"Big Mommas: Like Father, Like Son",2011-02-16,2011,32000000,82686066,107,3.3018,5.5,1296,en,"Crime, Comedy, Action",3,True,False,Released
38325,How I Ended This Summer,2010-04-01,2010,2500000,622644,124,0.6359,6.5,128,ru,"Drama, Thriller",2,False,False,Released
38356,Transformers: Dark of the Moon,2011-06-28,2011,195000000,1123794079,154,2.7078,6.223,8888,en,"Action, Science Fiction, Adventure",3,True,False,Released
38357,Morning Glory,2010-11-10,2010,40000000,60040976,107,3.601,6.366,1621,en,"Drama, Comedy, Romance",3,False,False,Released
38358,The Last Exorcism,2010-08-27,2010,1800000,69400000,87,2.2651,5.694,1103,en,"Horror, Thriller, Mystery",3,True,False,Released
38363,Fair Game,2010-05-20,2010,22000000,25806953,108,4.0762,6.453,851,en,"Drama, Thriller",2,False,False,Released
38365,Grown Ups,2010-06-24,2010,80000000,271457606,102,15.537,6.398,6624,en,Comedy,1,True,False,Released
38407,Shanghai,2010-06-10,2010,50000000,15302850,105,4.9857,6.112,187,en,"Drama, Thriller, Mystery",3,False,False,Released
38408,Life As We Know It,2010-10-02,2010,38000000,105734416,114,3.9363,6.901,3262,en,"Comedy, Romance, Drama",3,False,False,Released
38448,Ondine,2010-03-05,2010,12000000,1790061,111,1.8677,6.395,353,en,"Drama, Romance",2,False,False,Released
38541,The Divide,2012-01-13,2012,3000000,156362,122,2.6322,5.9,734,en,"Horror, Science Fiction, Thriller",3,False,False,Released
38543,Ironclad,2011-03-03,2011,25000000,5151023,121,3.454,6.144,794,en,"Romance, Adventure, Action, History",4,True,False,Released
38568,Howl,2010-08-26,2010,5000000,1183258,84,2.576,6.449,196,en,Drama,1,False,False,Released
38575,The Karate Kid,2010-06-10,2010,40000000,359126022,140,13.1303,6.565,6515,en,"Action, Adventure, Drama, Family",4,True,False,Released
38579,Marmaduke,2010-06-03,2010,50000000,83761844,88,2.1421,5.205,803,en,"Family, Comedy",2,False,False,Released
38684,Jane Eyre,2011-03-11,2011,13000000,34710627,120,5.222,7.199,1554,en,"Drama, Romance",2,False,False,Released
38700,Bad Boys for Life,2020-01-15,2020,90000000,426505244,124,10.4018,7.116,8703,en,"Thriller, Action, Crime",3,True,False,Released
38745,Gulliver's Travels,2010-12-23,2010,112000000,237382724,85,4.1346,5.216,2532,en,"Family, Comedy, Adventure, Fantasy",4,False,False,Released
38753,Passion Play,2011-01-10,2011,8000000,25603,94,1.7816,4.8,119,en,"Drama, Romance, Fantasy, Horror",4,False,False,Released
38757,Tangled,2010-11-24,2010,260000000,592461732,100,18.1749,7.61,12310,en,"Animation, Family, Adventure",3,True,False,Released
38778,Dinner for Schmucks,2010-07-30,2010,69000000,86387857,114,2.7201,5.72,1923,en,Comedy,1,False,False,Released
38843,Ramona and Beezus,2010-07-23,2010,15000000,27293743,103,3.1232,6.549,785,en,"Comedy, Family",2,False,False,Released
39013,Winter's Bone,2010-06-11,2010,2000000,13831503,101,3.8438,6.784,1975,en,"Drama, Mystery",2,False,False,Released
39053,Cyrus,2010-06-18,2010,7000000,9900000,91,2.3131,5.9,452,en,"Comedy, Drama, Romance",3,False,False,Released
39210,Somewhere,2010-09-03,2010,8000000,14788642,97,2.605,6.082,803,en,Drama,1,False,False,Released
39254,Real Steel,2011-09-28,2011,110000000,299300000,127,17.1946,7.069,9027,en,"Action, Science Fiction, Drama",3,False,False,Released
39451,Little Fockers,2010-12-21,2010,100000000,310650585,98,6.9107,5.654,3429,en,"Comedy, Romance",2,True,False,Released
39486,Secretariat,2010-08-20,2010,35000000,60300000,123,4.313,7.408,634,en,Drama,1,False,False,Released
39513,Paul,2011-02-14,2011,40000000,98000000,104,9.5326,6.736,6223,en,"Adventure, Comedy, Science Fiction",3,False,False,Released
39514,RED,2010-10-13,2010,58000000,199006387,111,9.0712,6.705,7109,en,"Action, Adventure, Comedy, Crime, Thriller",5,True,False,Released
39525,Angadi Theru,2010-03-26,2010,600000,2000000,160,0.5579,6.8,14,ta,"Drama, Romance",2,False,False,Released
39538,Contagion,2011-09-08,2011,60000000,137551594,106,8.7351,6.647,6497,en,"Drama, Thriller, Science Fiction",3,False,False,Released
39691,Cats & Dogs: The Revenge of Kitty Galore,2010-07-29,2010,85000000,112483764,82,2.4328,5.2,681,en,"Family, Adventure, Comedy, Fantasy, Action",5,True,False,Released
39781,The Kids Are All Right,2010-07-09,2010,3500000,34705850,106,2.0732,6.607,1580,en,"Comedy, Drama",2,False,False,Released
39800,Life During Wartime,2010-04-16,2010,4500000,744816,97,1.4902,5.9,146,en,"Comedy, Drama",2,True,False,Released
39806,Princess Kaiulani,2010-05-14,2010,9000000,771499,130,0.6202,5.7,40,en,Drama,1,False,False,Released
40247,Please Give,2010-04-30,2010,3000000,4313829,90,2.5839,6.2,165,en,"Comedy, Drama",2,False,False,Released
40264,Vampires Suck,2010-08-18,2010,20000000,80547866,82,3.8003,4.391,1388,en,"Comedy, Fantasy",2,True,False,Released
40777,I Hate Luv Storys,2010-06-30,2010,4400000,12000000,129,0.7229,5.898,83,hi,"Comedy, Drama, Romance",3,False,False,Released
40794,Loose Cannons,2010-03-12,2010,7000000,8220215,108,1.578,7.269,807,it,"Comedy, Drama, Romance",3,False,False,Released
40805,The Green Hornet,2011-01-12,2011,120000000,227817248,119,4.9901,5.595,3460,en,"Action, Crime, Comedy",3,False,False,Released
40807,50/50,2011-09-30,2011,8000000,39187783,100,4.5474,7.182,4067,en,"Comedy, Drama",2,False,False,Released
41109,Don 2,2011-12-23,2011,11000000,2900000,139,1.6033,6.948,260,hi,"Action, Thriller",2,True,False,Released
41110,I Am Love,2010-03-19,2010,3600000,12014663,120,1.3719,6.751,406,it,"Drama, Romance",2,False,False,Released
41154,Men in Black 3,2012-05-23,2012,225000000,654213485,106,8.4728,6.541,10925,en,"Action, Comedy, Science Fiction",3,True,False,Released
41201,The Illusionist,2010-06-16,2010,18000000,6007194,80,1.8503,7.263,677,fr,"Animation, Drama",2,False,False,Released
41210,The Switch,2010-08-20,2010,19000000,49830607,101,4.06,6.227,2029,en,"Comedy, Romance, Drama",3,False,False,Released
41211,Heartbreaker,2010-03-17,2010,8700000,47355187,105,1.3869,6.621,1406,fr,"Romance, Comedy",2,False,False,Released
41216,Legend of the Guardians: The Owls of Ga'Hoole,2010-07-10,2010,80000000,140073390,97,5.2721,6.822,2459,en,"Animation, Adventure, Family, Fantasy",4,False,False,Released
41233,Step Up 3D,2010-08-04,2010,30000000,159291809,107,5.7086,6.816,1984,en,"Drama, Romance",2,True,False,Released
41283,Faster,2010-11-23,2010,24000000,23081726,98,5.0426,6.351,2078,en,"Crime, Drama, Action, Thriller",4,False,False,Released
41382,Lottery Ticket,2010-08-20,2010,17000000,24719879,99,1.3302,5.6,180,en,Comedy,1,False,False,Released
41402,Let Me In,2010-10-01,2010,20000000,24145613,116,3.5317,6.792,2187,en,"Drama, Horror, Mystery",3,False,False,Released
41411,The Round Up,2010-03-10,2010,20000000,25346148,115,2.5808,7.534,1037,fr,"Drama, History, War",3,False,False,Released
41436,Paranormal Activity 2,2010-10-20,2010,3000000,177512032,91,3.8467,5.789,2618,en,"Horror, Mystery",2,True,False,Released
41439,Saw 3D,2010-10-22,2010,17000000,136151680,90,6.0693,5.977,3275,en,"Horror, Crime",2,True,False,Released
41446,Scream 4,2011-04-13,2011,40000000,97231420,111,8.4191,6.48,4139,en,"Horror, Mystery",2,True,False,Released
41479,The Joneses,2010-04-16,2010,10000000,7022728,96,2.8853,6.2,638,en,"Comedy, Drama",2,False,False,Released
41505,6 Souls,2010-03-27,2010,22000000,851517,112,2.8261,6.026,762,en,"Horror, Mystery, Thriller",3,False,False,Released
41513,The Smurfs,2011-07-29,2011,110000000,563749323,103,6.7216,5.758,3985,en,"Animation, Family, Adventure, Comedy, Fantasy",5,True,False,Released
41515,Yogi Bear,2010-12-17,2010,80000000,203509374,80,2.6556,5.563,934,en,"Comedy, Family, Animation, Adventure",4,False,False,Released
41517,Ra.One,2011-10-24,2011,24000000,35911689,156,2.9586,5.712,370,hi,"Adventure, Action, Science Fiction",3,False,False,Released
41556,The Romantics,2010-09-10,2010,4500000,123820,97,1.1842,4.9,259,en,"Drama, Romance",2,False,False,Released
41592,StreetDance 3D,2010-05-19,2010,5773100,18144030,98,2.2907,6.462,429,en,"Music, Romance, Drama",3,True,False,Released
41630,No Strings Attached,2011-01-21,2011,25000000,149200000,107,6.5385,6.294,4962,en,"Comedy, Romance",2,False,False,Released
41733,Due Date,2010-11-03,2010,65000000,211800000,95,5.4401,6.392,5779,en,"Comedy, Drama",2,False,False,Released
41894,Blood Done Sign My Name,2010-02-01,2010,10000000,82739,128,0.8466,5.6,13,en,"Drama, Crime",2,False,False,Released
42151,Down Terrace,2010-07-30,2010,31192,10000,93,1.615,6.2,82,en,"Crime, Drama",2,False,False,Released
42188,Never Let Me Go,2010-03-18,2010,15000000,9918093,104,5.1691,6.846,2447,en,"Drama, Romance, Science Fiction",3,False,False,Released
42194,Tekken,2010-03-20,2010,30000000,1697207,92,2.2453,5.339,734,en,"Crime, Drama, Action, Thriller, Science Fiction",5,True,False,Released
42296,Catfish,2010-09-17,2010,30000,3045943,87,2.3366,6.8,551,en,Documentary,1,False,False,Released
42297,Burlesque,2010-11-23,2010,55000000,89500000,119,3.7657,7.208,2363,en,"Drama, Romance",2,False,False,Released
42684,Skyline,2010-11-11,2010,10500000,66984887,93,4.2651,5.0,1748,en,"Science Fiction, Action, Thriller",3,True,False,Released
42707,Road to Nowhere,2010-09-11,2010,5000000,27046,121,0.3613,5.7,45,en,"Mystery, Thriller, Romance",3,False,False,Released
42748,Bo,2010-02-10,2010,1200000,1675160,100,0.807,5.0,37,nl,Drama,1,False,False,Released
42888,How Do You Know,2010-12-17,2010,120000000,48668907,121,2.7007,5.325,1049,en,"Comedy, Drama, Romance",3,False,False,Released
42889,The Virginity Hit,2010-09-24,2010,2000000,636706,120,1.0245,4.4,78,en,Comedy,1,False,False,Released
42949,Arthur 3: The War of the Two Worlds,2010-08-22,2010,70200000,33885979,101,1.7771,5.781,1604,fr,"Animation, Adventure, Fantasy, Family",4,True,False,Released
42966,Once Upon a Time in Mumbaai,2010-07-30,2010,19000000,8300000,132,0.677,6.636,92,hi,"Drama, Thriller, Crime",3,True,False,Released
43074,Ghostbusters,2016-07-14,2016,144000000,229147509,117,6.6095,5.345,6754,en,"Action, Fantasy, Comedy",3,False,False,Released
43083,This Is Sodom,2010-08-05,2010,2745000,5850000,88,0.481,6.8,22,he,"Comedy, History",2,False,False,Released
43212,My Dear Desperado,2010-05-20,2010,800000,4214668,105,1.8664,6.7,17,ko,"Romance, Comedy",2,False,False,Released
43347,Love & Other Drugs,2010-11-22,2010,30000000,102800000,112,14.121,7.038,5553,en,"Drama, Comedy, Romance",3,False,False,Released
43434,Carlos,2010-07-07,2010,18000000,871279,339,2.1961,7.0,233,en,"Crime, Drama, Thriller, History",4,False,False,Released
43539,The Next Three Days,2010-11-18,2010,30000000,67448651,133,5.9882,7.086,3077,en,"Romance, Drama, Thriller, Crime",4,False,False,Released
43552,Vanishing on 7th Street,2010-09-11,2010,10000000,1671196,92,1.5291,5.324,610,en,"Mystery, Horror, Thriller",3,False,False,Released
43593,Piranha 3D,2010-08-20,2010,24000000,83188165,88,5.4802,5.4,2378,en,"Comedy, Horror",2,True,False,Released
43609,My Own Love Song,2010-04-07,2010,1600000,300849,100,2.2726,6.2,62,en,"Comedy, Drama",2,False,False,Released
43615,"Lula, the Son of Brazil",2010-01-01,2010,9500000,3785593,130,0.3163,5.5,87,pt,"Drama, History",2,False,False,Released
43754,The Killing Jar,2010-02-14,2010,400000,2339,92,0.7842,5.5,93,en,"Crime, Mystery, Thriller",3,False,False,Released
43919,Hatchet II,2010-10-01,2010,2500000,156190,85,2.271,5.536,401,en,"Horror, Comedy, Thriller",3,True,False,Released
43923,It's Kind of a Funny Story,2010-10-08,2010,8000000,6491240,102,3.28,6.948,2451,en,"Comedy, Drama",2,False,False,Released
43930,"Tomorrow, When the War Began",2010-08-08,2010,27000000,16533595,103,2.6458,6.093,547,en,"Action, Adventure, Drama",3,False,False,Released
43931,My Soul to Take,2010-10-08,2010,25000000,21500813,107,1.6579,5.472,549,en,"Horror, Mystery",2,False,False,Released
43933,Monsters,2010-06-18,2010,500000,5639730,94,3.4423,6.187,1757,en,"Drama, Thriller, Science Fiction",3,True,False,Released
43935,Dylan Dog: Dead of Night,2011-03-16,2011,20000000,4634062,107,1.2333,4.7,527,en,"Action, Comedy, Fantasy, Horror, Mystery, Science Fiction, Thriller",7,False,False,Released
43942,Freakonomics,2010-10-01,2010,3000000,103735,93,1.1624,6.1,128,en,Documentary,1,False,False,Released
43947,I Spit on Your Grave,2010-06-17,2010,2000000,572809,108,7.4653,6.503,2533,en,"Thriller, Crime, Horror",3,True,False,Released
43949,Flipped,2010-08-06,2010,14000000,4324817,89,9.3668,8.005,3299,en,"Romance, Drama",2,False,False,Released
43959,Soul Surfer,2011-04-08,2011,18000000,47088990,112,3.4162,7.014,1231,en,"Family, Drama",2,False,False,Released
44009,Another Year,2010-11-05,2010,8000000,18124262,129,2.5435,7.01,436,en,"Drama, Comedy",2,False,False,Released
44010,Logan,2010-09-10,2010,135000,10474,94,0.4866,5.3,10,en,"Comedy, Drama, Family",3,False,False,Released
44040,Devil,2010-09-16,2010,10000000,33583175,80,5.4495,6.102,3088,en,"Horror, Mystery, Thriller",3,False,False,Released
44048,Unstoppable,2010-11-04,2010,100000000,167805466,98,4.8699,6.608,3858,en,"Action, Thriller",2,False,False,Released
44113,Stone,2010-10-07,2010,22000000,9479718,105,1.9374,5.294,728,en,"Drama, Thriller, Action, Mystery",4,False,False,Released
44115,127 Hours,2010-11-12,2010,18000000,35700000,94,6.9122,7.087,8043,en,"Adventure, Drama, Thriller",3,False,False,Released
44129,The Company Men,2010-10-21,2010,15000000,4882577,104,2.1722,6.531,800,en,Drama,1,False,False,Released
44147,Wild Target,2010-06-17,2010,8000000,3494154,98,3.4785,6.442,782,en,"Action, Comedy",2,False,False,Released
44214,Black Swan,2010-12-03,2010,13000000,329398046,108,10.3993,7.685,15473,en,"Drama, Thriller, Horror",3,False,False,Released
44263,City Under Siege,2010-08-11,2010,17000000,13851432,110,2.1421,5.0,66,cn,"Science Fiction, Action, Thriller",3,False,False,Released
44264,True Grit,2010-12-22,2010,38000000,252300000,110,7.1019,7.305,5709,en,"Drama, Adventure, Western",3,False,False,Released
44549,Peepli Live,2010-08-13,2010,2270000,6900000,110,0.6691,7.338,74,hi,"Drama, Comedy",2,False,False,Released
44560,Aftershock,2010-07-22,2010,25000000,100297064,135,2.3791,7.2,200,zh,Drama,1,False,False,Released
44564,The Dilemma,2011-01-13,2011,70000000,67112664,111,3.2669,5.33,912,en,"Comedy, Drama",2,False,False,Released
44565,Khatta Meetha,2010-07-23,2010,7500000,10000000,155,1.0918,5.725,71,hi,"Comedy, Drama",2,False,False,Released
44566,Anjaana Anjaani,2010-09-24,2010,6400000,5900000,151,0.6976,5.97,84,hi,"Comedy, Drama, Romance",3,False,False,Released
44603,Hereafter,2010-10-22,2010,50000000,107000000,129,4.1701,6.137,1804,en,"Drama, Fantasy",2,False,False,Released
44613,Lafangey Parindey,2010-08-20,2010,4500000,5000000,126,0.6471,5.9,22,hi,"Action, Drama, Romance",3,False,False,Released
44629,Animal Kingdom,2010-06-03,2010,5000000,1000000,113,3.1339,6.8,903,en,"Crime, Drama",2,False,False,Released
44638,The Tempest,2010-09-11,2010,20000000,346594,111,1.5523,5.316,133,en,"Drama, Fantasy, Comedy",3,False,False,Released
44639,Inside Job,2010-10-08,2010,2000000,7871522,109,3.317,7.7,1028,en,"Documentary, Crime",2,False,False,Released
44716,In a Better World,2010-08-26,2010,15000000,13004198,118,1.5139,7.13,456,da,Drama,1,False,False,Released
44718,Get Low,2010-07-30,2010,700000,10522511,103,1.9083,6.733,333,en,"Drama, Mystery, Comedy",3,False,False,Released
44754,Margaret,2011-09-30,2011,14000000,46495,150,2.6038,6.324,327,en,Drama,1,False,False,Released
44826,Hugo,2011-11-22,2011,170000000,185770160,126,7.5628,7.174,7626,en,"Adventure, Drama, Family",3,False,False,Released
44833,Battleship,2012-04-11,2012,209000000,303025485,131,10.0588,5.883,5903,en,"Thriller, Action, Adventure, Science Fiction",4,False,False,Released
44835,Hesher,2010-01-22,2010,7000000,449702,106,2.8848,6.801,746,en,Drama,1,False,False,Released
44865,The Grandmaster,2013-01-10,2013,38600000,64076736,130,4.3877,6.6,974,zh,"Action, Drama, History",3,False,False,Released
44877,4.3.2.1,2010-06-02,2010,4600000,1163967,117,1.4587,5.472,215,en,"Action, Thriller, Crime, Romance",4,False,False,Released
44896,Rango,2011-03-02,2011,135000000,245724603,107,10.5756,6.892,7038,en,"Animation, Comedy, Family, Western, Adventure",5,False,False,Released
44912,Green Lantern,2011-06-14,2011,200000000,219851172,114,7.4201,5.182,7616,en,"Adventure, Action, Thriller, Science Fiction",4,False,False,Released
44943,Battle: Los Angeles,2011-03-08,2011,70000000,211800000,116,6.4326,5.8,3698,en,"Science Fiction, Action",2,False,False,Released
44944,For Colored Girls,2010-11-05,2010,21000000,38000000,134,2.3401,6.7,81,en,Drama,1,False,False,Released
44945,Trust,2010-09-10,2010,9500000,120000,104,4.4287,6.5,1037,en,"Crime, Drama, Thriller",3,False,False,Released
44977,Dhoom 3,2013-12-19,2013,19500000,91000000,171,2.3276,6.015,306,hi,"Action, Crime",2,True,False,Released
44978,Golmaal 3,2010-11-05,2010,4800000,20000000,140,1.3391,5.554,92,hi,"Comedy, Family",2,True,False,Released
44982,13,2010-03-12,2010,20000000,3701600,91,5.1529,5.835,896,en,"Drama, Thriller",2,False,False,Released
45094,Conviction,2010-10-15,2010,12500000,11826980,107,2.6647,7.072,649,en,Drama,1,False,False,Released
45132,Super,2010-11-26,2010,2500000,1185012,96,4.0545,6.539,1722,en,"Comedy, Action, Drama",3,False,False,Released
45243,The Hangover Part II,2011-05-25,2011,80000000,586764305,102,8.6833,6.502,11215,en,Comedy,1,True,False,Released
45269,The King's Speech,2010-11-26,2010,15000000,414211549,118,5.9706,7.732,9251,en,"Drama, History",2,False,False,Released
45272,Country Strong,2010-12-22,2010,15000000,20601987,117,2.5613,6.102,264,en,"Drama, Romance, Music",3,False,False,Released
45316,Udaan,2010-06-17,2010,800000,520000,138,0.903,7.186,220,hi,Drama,1,False,False,Released
45317,The Fighter,2010-12-10,2010,25000000,129190869,116,4.9883,7.38,4694,en,Drama,1,False,False,Released
45324,Casino Jack,2010-09-16,2010,12500000,1083683,108,2.7202,5.8,322,en,"Comedy, Crime, Drama",3,False,False,Released
45535,Fatal,2010-06-16,2010,17289533,8929413,95,0.9171,5.985,664,fr,Comedy,1,True,False,Released
45610,Machine Gun Preacher,2011-09-23,2011,30000000,3338690,129,3.492,6.735,1127,en,"Action, Thriller, Crime",3,False,False,Released
45612,Source Code,2011-03-30,2011,32000000,147332697,93,7.1905,7.31,9044,en,"Thriller, Science Fiction, Mystery",3,False,False,Released
45649,Rubber,2010-11-09,2010,500000,98017,82,2.5007,5.917,1109,fr,"Comedy, Drama, Fantasy, Horror, Mystery",5,False,False,Released
45657,The Ward,2010-09-13,2010,10000000,5343820,89,2.7329,5.755,1282,en,"Horror, Thriller",2,False,False,Released
45658,Everything Must Go,2011-05-13,2011,5000000,2614773,97,1.7206,6.2,661,en,"Comedy, Drama, Romance",3,False,False,Released
45756,Saint,2010-10-31,2010,4000000,4000000,85,0.9338,4.9,157,nl,"Horror, Comedy",2,False,False,Released
45772,Gnomeo & Juliet,2011-01-13,2011,36000000,189712432,84,4.3687,5.901,2064,en,"Animation, Family",2,True,False,Released
45839,FRED: The Movie,2010-12-17,2010,4000000,1309580,83,0.8513,4.4,160,en,"Comedy, Family, Adventure, TV Movie",4,True,False,Released
46138,Made in Dagenham,2010-10-01,2010,7200000,12629471,113,2.4298,6.673,327,en,"Comedy, Drama, History",3,False,False,Released
46146,Troll Hunter,2010-10-29,2010,3500000,4159678,104,2.887,6.702,1735,no,"Fantasy, Horror",2,False,False,Released
46195,Rio,2011-04-03,2011,90000000,483866772,96,10.7824,6.762,7133,en,"Animation, Adventure, Comedy, Family",4,True,False,Released
46261,Don't Be Afraid of the Dark,2010-11-06,2010,25000000,36993168,99,3.192,5.806,1124,en,"Fantasy, Horror, Thriller",3,False,False,Released
46332,Of Gods and Men,2010-09-08,2010,4000000,41424067,120,2.0858,6.7,410,fr,"Drama, History",2,False,False,Released
46420,The Loved Ones,2010-08-04,2010,4000000,358399,84,2.714,6.715,836,en,Horror,1,False,False,Released
46504,Guy and Madeline on a Park Bench,2010-03-28,2010,60000,35556,83,0.3351,5.4,61,en,"Drama, Music, Romance",3,False,False,Released
46523,New Kids Turbo,2010-12-09,2010,1500000,8786756,84,1.3765,6.341,329,nl,"Action, Comedy",2,True,False,Released
46528,The Warrior's Way,2010-12-01,2010,42000000,11100000,100,3.3988,6.583,663,en,"Adventure, Fantasy, Action, Western, Thriller",5,False,False,Released
46529,I Am Number Four,2011-02-18,2011,50000000,149900000,109,7.2562,6.177,4948,en,"Action, Thriller, Science Fiction, Adventure",4,False,False,Released
46660,I Love You Too,2010-05-06,2010,3846807,1980411,107,0.7655,5.6,37,en,"Comedy, Drama, Romance",3,False,False,Released
46689,Waste Land,2010-01-24,2010,1500000,187716,90,0.657,7.6,127,en,Documentary,1,False,False,Released
46705,Blue Valentine,2010-12-26,2010,1000000,15440333,112,4.7051,6.962,3492,en,"Drama, Romance",2,False,False,Released
46738,Incendies,2010-09-17,2010,6800000,6788659,131,6.2299,8.1,3235,fr,"Drama, War, Mystery",3,False,False,Released
46829,Barney's Version,2010-10-26,2010,30000000,8454301,134,3.0336,7.0,485,en,"Comedy, Drama",2,False,False,Released
46838,Tucker and Dale vs. Evil,2010-01-22,2010,5000000,5224938,89,4.9255,7.395,3117,en,"Comedy, Horror",2,False,False,Released
47088,The Extra Man,2010-08-01,2010,7000000,453079,108,0.8882,5.8,106,en,Comedy,1,False,False,Released
47327,Drive Angry,2011-02-24,2011,50000000,40909909,104,5.7578,5.531,2018,en,"Fantasy, Thriller, Action, Crime",4,False,False,Released
47557,The Edge,2010-09-23,2010,11000000,5380142,115,1.2861,5.7,59,ru,Drama,1,False,False,Released
47607,Tiny Furniture,2010-11-12,2010,65000,416498,99,0.7199,5.6,168,en,"Romance, Comedy, Drama",3,False,False,Released
47760,Restless,2011-09-16,2011,8000000,2500000,91,2.6598,6.499,432,en,"Drama, Romance",2,False,False,Released
47904,Outside the Law,2010-09-21,2010,30000000,3470487,137,0.8307,6.608,201,fr,"Action, Drama, History, War",4,False,False,Released
47933,Independence Day: Resurgence,2016-06-22,2016,165000000,389681935,120,7.5909,5.356,6417,en,"Action, Adventure, Science Fiction",3,True,False,Released
47964,A Good Day to Die Hard,2013-02-06,2013,92000000,304654182,98,4.4843,5.335,6725,en,"Action, Thriller",2,True,False,Released
47971,xXx: Return of Xander Cage,2017-01-13,2017,85000000,346118277,107,13.0517,6.132,9204,en,"Action, Adventure, Crime",3,True,False,Released
48034,Little White Lies,2010-10-20,2010,25000000,48531470,154,2.1383,7.099,1627,fr,"Comedy, Drama",2,True,False,Released
48138,Unknown,2011-02-16,2011,30000000,130786397,113,6.4956,6.689,4142,en,"Action, Mystery, Thriller",3,False,False,Released
48171,The Rite,2011-01-28,2011,37000000,96047633,114,5.5005,6.122,2222,en,"Drama, Thriller, Horror",3,False,False,Released
48231,A Dangerous Method,2011-09-30,2011,15000000,27462041,99,3.1571,6.4,2212,en,Drama,1,False,False,Released
48289,The Debt,2010-09-30,2010,20000000,45636368,113,3.0759,6.568,958,en,"Drama, Thriller",2,False,False,Released
48303,Certified Copy,2010-05-19,2010,7000000,7736632,106,1.3069,7.01,447,fr,"Drama, Romance",2,False,False,Released
48340,Sanctum,2011-02-03,2011,30000000,108609310,108,4.872,6.043,1151,en,"Action, Thriller",2,False,False,Released
48415,Welcome to the South,2010-10-01,2010,4000000,65584679,102,1.0388,6.716,1867,it,Comedy,1,True,False,Released
48492,Detective Dee and the Mystery of the Phantom Flame,2010-09-18,2010,13000000,51723285,123,2.98,6.55,427,zh,"Action, Adventure, Drama, Mystery",4,True,False,Released
48572,Red State,2011-08-19,2011,4000000,1104682,88,3.3588,6.045,1031,en,"Horror, Action, Thriller",3,False,False,Released
48620,The Mighty Macs,2011-10-21,2011,7000000,1891936,102,0.9808,5.2,42,en,Drama,1,False,False,Released
48838,London Boulevard,2010-11-10,2010,25000000,8307227,103,3.0095,5.9,808,en,"Drama, Crime",2,False,False,Released
48988,Hall Pass,2011-02-25,2011,36000000,83200000,105,5.7934,5.704,2098,en,"Comedy, Romance",2,False,False,Released
49009,The Way Back,2010-11-22,2010,30000000,24172201,133,5.3517,6.998,1744,en,"Drama, Adventure, History",3,False,False,Released
49010,Hobo with a Shotgun,2011-05-06,2011,3000000,748453,86,1.5405,5.907,685,en,"Crime, Action, Thriller",3,False,False,Released
49012,Arthur,2011-04-08,2011,40000000,48147945,110,2.8279,5.551,788,en,"Comedy, Romance",2,False,False,Released
49013,Cars 2,2011-06-11,2011,200000000,559852396,106,14.8232,6.177,8428,en,"Animation, Family, Adventure, Comedy",4,True,False,Released
49014,Cosmopolis,2012-05-25,2012,20500000,6063556,109,2.3165,5.7,1336,en,Drama,1,False,False,Released
49017,Dracula Untold,2014-10-01,2014,70000000,217124280,92,6.6595,6.45,6457,en,"Horror, Action, Fantasy",3,False,False,Released
49018,Insidious,2011-03-31,2011,1500000,100106454,102,10.9221,6.94,7270,en,"Horror, Thriller",2,True,False,Released
49020,Submarine,2011-03-18,2011,1500000,864659,98,2.9766,7.36,1576,en,"Drama, Comedy, Romance",3,False,False,Released
49021,Killer Elite,2011-09-22,2011,66000000,57777106,116,6.5968,6.266,2301,en,"Action, Adventure, Thriller",3,False,False,Released
49022,Something Borrowed,2011-05-05,2011,35000000,65090821,112,4.3236,6.234,1086,en,"Comedy, Drama, Romance",3,False,False,Released
49026,The Dark Knight Rises,2012-07-17,2012,250000000,1081041287,165,16.2815,7.793,24225,en,"Action, Crime, Drama, Thriller",4,True,False,Released
49040,The Bourne Legacy,2012-08-08,2012,130000000,276600000,135,6.8108,6.242,6084,en,"Action, Thriller",2,True,False,Released
49047,Gravity,2013-10-03,2013,105000000,723192705,91,9.7283,7.168,16253,en,"Science Fiction, Thriller, Drama",3,False,False,Released
49049,Dredd,2012-09-07,2012,50000000,41037742,96,9.079,6.861,5489,en,"Action, Science Fiction",2,False,False,Released
49051,The Hobbit: An Unexpected Journey,2012-12-12,2012,250000000,1021103568,169,17.5738,7.37,19522,en,"Adventure, Fantasy, Action",3,True,False,Released
49444,Kung Fu Panda 2,2011-05-25,2011,150000000,665692281,91,11.6088,7.059,7830,en,"Animation, Family, Comedy",3,True,False,Released
49494,The Eagle,2011-02-08,2011,25000000,27122040,114,3.5172,6.248,1412,en,"Adventure, Drama",2,False,False,Released
49517,Tinker Tailor Soldier Spy,2011-09-16,2011,30000000,81515369,127,4.4566,6.626,2891,en,"Drama, Thriller, Mystery",3,False,False,Released
49519,The Croods,2013-03-15,2013,135000000,587204668,99,11.7934,6.934,7499,en,"Animation, Adventure, Family, Comedy",4,True,False,Released
49520,The Change-Up,2011-08-05,2011,52000000,75500000,112,6.1631,6.156,2953,en,Comedy,1,False,False,Released
49521,Man of Steel,2013-06-12,2013,225000000,668045518,143,12.903,6.642,16097,en,"Action, Adventure, Science Fiction",3,True,False,Released
49524,R.I.P.D.,2013-07-18,2013,130000000,61600000,96,5.7733,5.855,4264,en,"Fantasy, Action, Comedy",3,True,False,Released
49526,Premium Rush,2012-08-24,2012,35000000,31100000,91,3.7249,6.332,2269,en,"Crime, Action, Thriller",3,False,False,Released
49527,Man on a Ledge,2012-01-13,2012,42000000,46221189,102,4.1457,6.4,2788,en,"Action, Thriller, Crime",3,False,False,Released
49529,John Carter,2012-03-07,2012,263700000,284100000,132,10.5177,6.359,6050,en,"Action, Adventure, Science Fiction",3,False,False,Released
49530,In Time,2011-10-27,2011,40000000,173900000,109,12.0742,6.969,12080,en,"Action, Thriller, Science Fiction",3,False,False,Released
49538,X-Men: First Class,2011-06-01,2011,160000000,353624124,132,0.4666,7.3,13478,en,"Action, Science Fiction, Adventure",3,True,False,Released
49679,Action Replayy,2010-11-05,2010,10000000,5000000,129,0.6615,5.2,81,hi,"Comedy, Romance, Science Fiction",3,False,False,Released
49730,Red Riding Hood,2011-03-10,2011,42000000,89162162,100,7.2375,5.979,3304,en,"Thriller, Drama, Fantasy, Mystery, Horror, Romance",6,False,False,Released
49797,I Saw the Devil,2010-08-12,2010,6000000,12966357,144,6.3369,7.8,2978,ko,"Thriller, Horror",2,False,False,Released
49849,Cowboys & Aliens,2011-07-29,2011,163000000,174822325,119,5.3716,5.647,5371,en,"Action, Science Fiction, Thriller, Western",4,False,False,Released
49852,The Nutcracker,2010-11-24,2010,90000000,17177993,108,2.1259,5.0,203,en,"Music, Fantasy, Family, Adventure",4,False,False,Released
49950,The Roommate,2011-02-04,2011,16000000,52545707,91,4.6685,5.381,987,en,"Thriller, Drama, Horror",3,False,False,Released
50014,The Help,2011-08-09,2011,25000000,216600000,146,9.7761,8.197,8960,en,Drama,1,False,False,Released
50022,Super Troopers 2,2018-04-19,2018,13500000,31626386,99,3.956,5.9,510,en,"Comedy, Crime, Mystery",3,True,False,Released
50099,Break Ke Baad,2010-11-25,2010,2600000,427628,120,0.7197,5.6,46,hi,"Drama, Comedy, Romance",3,False,False,Released
50204,Burke & Hare,2010-10-29,2010,10000000,4791599,91,2.7839,6.078,507,en,"Comedy, Thriller, History, Horror",4,False,False,Released
50321,Mars Needs Moms,2011-03-09,2011,150000000,39000000,88,3.7568,5.952,770,en,"Adventure, Animation, Family",3,False,False,Released
50348,The Lincoln Lawyer,2011-03-17,2011,40000000,85412898,119,5.883,7.208,3609,en,"Crime, Drama, Thriller",3,False,False,Released
50357,Apollo 18,2011-07-20,2011,5000000,25562924,86,2.4598,5.311,1086,en,"Horror, Science Fiction, Thriller",3,False,False,Released
50359,Hop,2011-03-30,2011,63000000,183953723,95,6.9862,5.791,1381,en,"Animation, Comedy, Family",3,False,False,Released
50400,Mission London,2010-04-16,2010,1400000,1891264,107,0.4487,6.7,32,ru,Comedy,1,False,False,Released
50456,Hanna,2011-04-07,2011,30000000,63782078,111,5.4842,6.6,3639,en,"Action, Thriller, Adventure",3,False,False,Released
50544,Friends with Benefits,2011-07-21,2011,35000000,149500000,109,8.004,6.643,8357,en,"Romance, Comedy",2,False,False,Released
50546,Just Go with It,2011-02-10,2011,80000000,214945591,117,10.8061,6.703,6083,en,"Comedy, Romance",2,False,False,Released
50601,5 Days of War,2011-06-06,2011,20000000,87793,113,1.9525,5.6,210,en,"War, Drama",2,False,False,Released
50618,Fortress of War,2010-11-04,2010,8500000,4404729,138,2.5576,7.2,180,ru,"War, Drama, History, Action",4,False,False,Released
50619,The Twilight Saga: Breaking Dawn - Part 1,2011-11-16,2011,110000000,712171856,117,33.6444,6.189,9227,en,"Adventure, Fantasy, Romance",3,True,False,Released
50620,The Twilight Saga: Breaking Dawn - Part 2,2012-11-13,2012,120000000,829747654,115,11.6187,6.5,9334,en,"Fantasy, Drama, Romance",3,True,False,Released
50646,"Crazy, Stupid, Love.",2011-07-29,2011,50000000,145079584,118,13.2359,7.271,9219,en,"Comedy, Drama, Romance",3,False,False,Released
50647,Wanderlust,2012-02-23,2012,35000000,24200000,98,3.4323,5.49,1323,en,"Comedy, Romance",2,False,False,Released
50725,Take Me Home Tonight,2011-03-04,2011,19000000,6900000,97,2.9651,6.0,714,en,"Comedy, Drama, Romance",3,False,False,Released
50780,The Beaver,2011-05-05,2011,21000000,970816,91,3.0408,6.374,930,en,Drama,1,False,False,Released
50837,Martha Marcy May Marlene,2011-10-21,2011,1000000,3500000,101,3.6168,6.577,813,en,"Drama, Thriller",2,False,False,Released
50839,Margin Call,2011-09-28,2011,3500000,19504039,107,5.158,6.868,2068,en,"Thriller, Drama",2,False,False,Released
50875,Higher Ground,2011-08-26,2011,2000000,841733,109,1.9157,6.0,64,en,"Drama, Thriller",2,False,False,Released
51017,Madea's Big Happy Family,2011-04-22,2011,25000000,54161287,106,4.0473,6.747,160,en,"Comedy, Drama",2,True,False,Released
51052,Arthur Christmas,2011-11-10,2011,10000000,151300000,97,4.0738,6.771,1623,en,"Drama, Animation, Family, Comedy",4,False,False,Released
51162,Winnie the Pooh,2011-04-06,2011,30000000,49871429,63,5.2099,6.909,941,en,"Animation, Family, Adventure, Comedy",4,False,False,Released
51200,71: Into the Fire,2010-06-16,2010,10400000,20967660,120,2.065,7.49,207,ko,War,1,False,False,Released
51241,Heartbeats,2010-06-11,2010,464229,62985,97,1.0656,7.105,1051,fr,"Drama, Romance",2,False,False,Released
51273,Dark World,2010-10-07,2010,3000000,8628997,100,1.0912,4.4,54,ru,"Fantasy, Mystery, Thriller",3,True,False,Released
51306,Lost on Journey,2010-06-04,2010,50000000,500000,91,2.6028,7.1,103,zh,Comedy,1,True,False,Released
51423,Beyond,2010-12-10,2010,3000000,4800080,99,0.9215,6.492,60,sv,Drama,1,False,False,Released
51485,Delhi Safari,2012-10-19,2012,15000000,3495597,90,0.822,5.2,20,en,"Animation, Comedy, Family",3,False,False,Released
51497,Fast Five,2011-04-20,2011,125000000,626100000,130,1.4259,7.237,8793,en,"Action, Thriller, Crime",3,True,False,Released
51540,Horrible Bosses,2011-07-08,2011,35000000,209838559,98,6.8226,6.574,6761,en,"Comedy, Crime",2,True,False,Released
51588,Prom,2011-04-29,2011,8000000,10130000,104,3.2006,6.1,469,en,"Comedy, Romance",2,False,False,Released
51608,The Man from Nowhere,2010-08-04,2010,1255000,43059790,119,5.992,7.689,1466,ko,"Action, Thriller, Crime",3,False,False,Released
51728,Crook,2010-10-08,2010,2500000,1800000,121,0.639,4.6,16,hi,"Action, Drama, Thriller",3,False,False,Released
51739,The Secret World of Arrietty,2010-07-16,2010,23000000,149660003,94,6.4782,7.667,3136,ja,"Fantasy, Animation, Family",3,False,False,Released
51828,One Day,2011-03-02,2011,15000000,59400000,107,6.3505,7.411,4501,en,"Drama, Romance",2,False,False,Released
51876,Limitless,2011-03-17,2011,27000000,161900000,106,8.5467,7.197,11395,en,"Thriller, Mystery, Science Fiction",3,False,False,Released
51976,Brother,2010-07-02,2010,12000,1609112,97,0.3364,6.7,30,es,Drama,1,False,False,Released
51995,Salvation Boulevard,2011-07-15,2011,5500000,89182,96,0.9041,5.3,83,en,"Comedy, Thriller, Action, Drama",4,False,False,Released
52015,Stake Land,2010-09-30,2010,650000,33245,98,2.6075,6.202,863,en,"Drama, Horror, Science Fiction",3,True,False,Released
52077,Nothing to Declare,2010-12-20,2010,28000000,93800000,108,2.1906,5.873,1173,fr,Comedy,1,False,False,Released
52449,Bad Teacher,2011-05-16,2011,20000000,216197492,92,4.2815,5.609,4935,en,Comedy,1,False,False,Released
52451,The Three Musketeers,2011-08-31,2011,75000000,132274484,110,5.1788,5.8,2769,en,"Adventure, Action, Thriller",3,False,False,Released
52505,The Other Woman,2010-10-28,2010,30000000,1451343,98,2.3414,6.2,415,en,Drama,1,False,False,Released
52520,Underworld: Awakening,2012-01-19,2012,70000000,160112671,88,6.0842,6.333,4330,en,"Fantasy, Action, Horror",3,True,False,Released
52632,Hidalgo: la historia jamás contada,2010-09-16,2010,4500000,3077143,115,0.489,4.9,14,es,"Drama, History",2,True,False,Released
52696,Band Baaja Baaraat,2010-12-10,2010,3300000,7400000,139,0.8677,6.656,141,hi,"Comedy, Drama, Romance",3,False,False,Released
52939,Three Heroes and the Shamakhan Queen,2010-12-29,2010,3000000,20157447,0,0.5719,6.3,102,ru,"Animation, Family, Comedy, Adventure",4,True,False,Released
53172,Henry's Crime,2010-01-14,2010,12000000,2200000,108,2.6612,5.8,381,en,"Crime, Comedy",2,False,False,Released
53174,Kokowääh,2011-02-03,2011,5650000,43000000,115,1.0749,6.249,296,de,Comedy,1,True,False,Released
53182,300: Rise of an Empire,2014-03-05,2014,110000000,337580051,102,7.8803,6.116,6913,en,"Action, Drama, War",3,True,False,Released
53299,Patiala House,2011-01-28,2011,3000000,4100000,140,0.9425,6.056,63,hi,Drama,1,False,False,Released
53319,What a Beautiful Day,2011-01-05,2011,6000000,43500000,92,0.6449,6.51,1575,it,Comedy,1,False,False,Released
53457,Sarah's Key,2010-09-16,2010,10000000,17511906,111,1.533,7.3,715,fr,"Drama, War",2,False,False,Released
53487,This Must Be the Place,2011-08-24,2011,25000000,11790979,118,1.4968,6.981,1301,en,Drama,1,False,False,Released
54054,One for the Money,2012-01-26,2012,40000000,36893721,91,1.6069,5.551,1003,en,"Action, Comedy, Crime",3,False,False,Released
54138,Star Trek Into Darkness,2013-05-05,2013,190000000,467381584,132,7.2394,7.318,9606,en,"Action, Adventure, Science Fiction",3,True,False,Released
54456,Raavanan,2010-06-18,2010,5200000,9700000,134,0.7924,7.0,47,ta,"Action, Adventure, Crime",3,False,False,Released
54518,Justin Bieber: Never Say Never,2011-02-11,2011,13000000,99036827,105,1.7926,5.175,426,en,"Music, Documentary, Family",3,False,False,Released
54524,The Robber,2010-02-26,2010,3900000,208475,96,0.3975,6.5,97,de,"Drama, Thriller, Crime",3,False,False,Released
54897,The Grace Card,2011-02-25,2011,200000,2295733,101,1.2661,7.3,53,en,Drama,1,False,False,Released
55292,Shaolin,2011-01-20,2011,29000000,33662874,131,3.6117,6.864,409,zh,"Action, Drama",2,False,False,Released
55301,Alvin and the Chipmunks: Chipwrecked,2011-12-14,2011,75000000,342695435,87,5.1527,5.7,2340,en,"Comedy, Fantasy, Family, Music, Animation",5,True,False,Released
55341,Jeepers Creepers 3,2017-09-26,2017,6200000,4017852,100,3.9794,4.92,976,en,Horror,1,True,False,Released
55347,Beginners,2011-06-03,2011,3200000,14311701,104,3.1259,6.836,1133,en,"Drama, Romance, Comedy",3,False,False,Released
55386,Dil Toh Baccha Hai Ji,2011-01-28,2011,2600000,5700000,146,0.6369,6.014,36,hi,"Drama, Comedy, Romance",3,False,False,Released
55420,Another Earth,2011-07-22,2011,100000,1938783,92,2.935,6.723,1794,en,"Drama, Science Fiction",2,False,False,Released
55465,A Very Harold & Kumar Christmas,2011-11-04,2011,19000000,36192775,90,3.7109,5.998,1052,en,Comedy,1,True,False,Released
55720,A Better Life,2011-06-24,2011,10000000,1800000,98,1.7042,7.2,275,en,Drama,1,False,False,Released
55721,Bridesmaids,2011-05-13,2011,32500000,288383523,125,7.7656,6.506,4649,en,"Comedy, Romance",2,False,False,Released
55725,Win Win,2011-03-18,2011,10831173,10654385,106,2.3378,6.814,554,en,"Drama, Comedy",2,False,False,Released
55779,Final Destination 5,2011-08-12,2011,40000000,157887643,91,7.8555,6.152,4049,en,"Horror, Mystery",2,True,False,Released
55787,Water for Elephants,2011-04-15,2011,38000000,117094902,122,3.0265,6.9,2607,en,"Drama, Romance",2,False,False,Released
55846,Blitz,2011-05-20,2011,15774948,15800000,97,14.8235,6.182,1793,en,"Crime, Action, Thriller",3,False,False,Released
55890,Bereavement,2010-07-16,2010,2000000,10000000,103,1.8255,5.3,217,en,"Crime, Horror",2,True,False,Released
56288,Spy Kids: All the Time in the World,2011-08-18,2011,27000000,85564310,89,3.7513,4.693,1053,en,"Family, Comedy, Action, Adventure",4,True,False,Released
56292,Mission: Impossible - Ghost Protocol,2011-12-07,2011,145000000,694713380,133,10.6372,7.111,10706,en,"Action, Thriller, Adventure",3,True,False,Released
56338,7 Khoon Maaf,2011-02-18,2011,2200000,2900000,148,1.6097,6.118,55,hi,"Drama, Mystery, Thriller",3,False,False,Released
56401,The Music Never Stopped,2011-03-18,2011,4000000,253899,105,1.9502,7.2,177,en,Drama,1,False,False,Released
56604,The Haunted House Project,2010-08-19,2010,300000,83322,84,0.4039,4.4,11,ko,"Horror, Mystery",2,False,False,Released
56780,Atlas Shrugged: Part I,2011-04-14,2011,20000000,4627375,97,1.0958,5.4,214,en,"Drama, Thriller, Science Fiction, Mystery",4,True,False,Released
56812,The Last Circus,2010-12-17,2010,7000000,3604598,106,1.1768,6.674,442,es,"Adventure, Comedy, Drama, Horror, Thriller",5,False,False,Released
56853,We Believed,2010-11-12,2010,7000000,2124145,170,1.1655,6.6,56,it,"History, Drama",2,False,False,Released
56897,Phas Gaye Re Obama,2010-11-01,2010,1312000,3061870,111,0.318,7.175,60,hi,"Comedy, Crime",2,False,False,Released
56928,Meet Monica Velour,2010-06-04,2010,5000000,33042,98,1.2798,5.7,57,en,"Comedy, Drama, Romance",3,False,False,Released
57089,Hoodwinked Too! Hood VS. Evil,2011-04-29,2011,30000000,13500000,86,2.9738,5.1,568,en,"Comedy, Animation, Family",3,True,False,Released
57119,Jumping the Broom,2011-05-06,2011,6600000,37700000,112,1.1024,5.875,216,en,Comedy,1,False,False,Released
57157,Young Adult,2011-11-11,2011,12000000,22939027,94,4.3364,5.821,1347,en,"Comedy, Drama",2,False,False,Released
57158,The Hobbit: The Desolation of Smaug,2013-12-11,2013,250000000,958400000,161,13.5282,7.6,14108,en,"Fantasy, Adventure, Action",3,True,False,Released
57165,Wrath of the Titans,2012-03-28,2012,150000000,301970083,99,6.2393,5.76,4481,en,"Fantasy, Adventure, Action",3,True,False,Released
57186,Skinning,2010-10-06,2010,500000,288512,97,1.0227,6.222,54,sr,"Action, Crime, Drama",3,False,False,Released
57201,The Lone Ranger,2013-07-03,2013,215000000,260502115,149,5.3975,6.123,6125,en,"Action, Adventure, Western",3,False,False,Released
57209,Inadequate People,2010-12-12,2010,100000,621262,106,1.0317,7.052,106,ru,"Comedy, Romance, Drama",3,True,False,Released
57212,War Horse,2011-12-25,2011,66000000,177584879,146,6.862,7.3,3654,en,"War, History, Adventure",3,False,False,Released
57214,Project X,2012-03-01,2012,12000000,102731865,88,10.4712,6.884,6757,en,Comedy,1,False,False,Released
57276,Pina,2011-02-24,2011,4317946,14624826,106,1.0326,7.3,274,de,Documentary,1,False,False,Released
57331,Largo Winch II,2011-02-16,2011,21200000,14400000,119,1.6967,5.8,401,fr,"Action, Adventure, Thriller",3,True,False,Released
57353,Cat Run,2011-04-01,2011,25000000,65708,106,1.4475,5.2,160,en,"Action, Comedy, Thriller",3,True,False,Released
57361,The Yellow Sea,2010-12-22,2010,8170000,15789762,156,3.7555,7.357,569,ko,"Drama, Thriller, Crime",3,False,False,Released
57431,The Sitter,2011-12-09,2011,25000000,34942188,81,3.5008,5.6,1009,en,Comedy,1,False,False,Released
57521,Black Bread,2010-10-10,2010,6000000,3770657,108,0.8256,6.7,123,ca,"Crime, Drama",2,False,False,Released
57586,African Cats,2011-04-21,2011,5000000,30857747,89,2.4516,7.4,248,en,"Documentary, Adventure",2,False,False,Released
57695,The Princess of Montpensier,2010-11-03,2010,14734000,6775121,139,1.5673,6.338,275,fr,"Action, Drama, History, Romance",4,False,False,Released
57701,On the Hook!,2011-02-03,2011,3000000,1957000,90,0.5393,5.1,15,ru,"Comedy, Romance",2,False,False,Released
57800,Ice Age: Continental Drift,2012-06-27,2012,95000000,877244782,88,12.4004,6.383,8064,en,"Animation, Comedy, Adventure, Family",4,True,False,Released
57809,Six Degrees of Celebration,2010-12-12,2010,5800000,25030264,89,1.8018,6.4,112,ru,Comedy,1,True,False,Released
57876,Area 51,2015-05-15,2015,5000000,7556,91,1.8371,4.9,634,en,"Horror, Mystery, Science Fiction",3,False,False,Released
57889,The Best Movie 3-DE,2011-01-19,2011,6500000,9816332,102,0.9317,3.5,32,ru,Comedy,1,True,False,Released
58051,Housefull,2010-04-30,2010,3500000,15000000,135,1.1938,5.723,141,hi,"Comedy, Romance",2,True,False,Released
58151,Fright Night,2011-08-18,2011,30000000,41002607,106,4.4825,6.238,2097,en,"Horror, Comedy",2,True,False,Released
58166,Lessons of a Dream,2011-02-24,2011,6700000,1373312,113,0.929,6.9,118,de,Drama,1,False,False,Released
58224,Mr. Popper's Penguins,2011-06-17,2011,55000000,187361754,94,5.0911,5.974,3153,en,"Comedy, Family",2,False,False,Released
58232,Chalet Girl,2011-02-02,2011,8000000,5468650,97,1.9371,6.4,660,en,"Comedy, Romance",2,False,False,Released
58233,Johnny English Reborn,2011-09-15,2011,45000000,160078586,101,6.1454,6.241,3556,en,"Crime, Action, Comedy",3,True,False,Released
58244,Upside Down,2012-09-27,2012,60000000,22187813,104,3.8983,6.27,2606,en,"Romance, Science Fiction, Drama, Fantasy",4,False,False,Released
58333,Tanu Weds Manu,2011-02-25,2011,400000,252000,119,0.9795,6.816,106,hi,"Comedy, Romance, Drama",3,True,False,Released
58428,The Innkeepers,2011-08-18,2011,750000,1200000,101,1.3868,5.4,713,en,"Horror, Thriller",2,False,False,Released
58431,Pride and Prejudice and Zombies,2016-02-04,2016,28000000,16457494,108,5.5299,6.163,2296,en,"Romance, Horror, Comedy, Thriller",4,False,False,Released
58574,Sherlock Holmes: A Game of Shadows,2011-11-22,2011,125000000,334615000,129,7.0242,7.144,10887,en,"Adventure, Mystery, Action",3,True,False,Released
58595,Snow White and the Huntsman,2012-05-30,2012,170000000,396600000,127,7.1168,5.987,8197,en,"Adventure, Fantasy, Drama",3,True,False,Released
58699,Bellflower,2011-04-16,2011,17000,101236,106,0.4786,5.9,167,en,"Action, Drama, Romance",3,False,False,Released
58723,Kaavalan,2011-01-15,2011,8400000,20000000,152,0.7046,5.643,42,ta,"Drama, Family, Romance",3,False,False,Released
58760,Jackboots on Whitehall,2010-10-08,2010,6000000,20776,87,0.7184,4.9,30,en,"War, Animation, Comedy",3,False,False,Released
58857,13 Assassins,2010-09-25,2010,6000000,17555141,141,4.7837,7.316,1249,ja,"Adventure, Drama, Action",3,False,False,Released
58882,Snow Flower and the Secret Fan,2011-07-15,2011,134005,1332231,104,2.2359,6.1,105,en,"Drama, History",2,False,False,Released
59099,Hollywood & Wine,2011-05-03,2011,5000000,8000000,95,0.6774,3.4,15,en,"Comedy, Thriller",2,False,False,Released
59108,Tower Heist,2011-11-02,2011,75000000,152930623,104,5.9966,6.115,3157,en,"Action, Comedy",2,False,False,Released
59117,Torrente 4: Lethal crisis,2011-03-11,2011,7500000,29737384,93,1.4427,5.435,186,es,"Action, Comedy, Crime",3,True,False,Released
59296,"Love, Wedding, Marriage",2011-06-03,2011,13000000,51917,90,0.9672,5.2,201,en,"Comedy, Romance",2,False,False,Released
59415,My Friends: Act IV – How It All Began,2011-03-16,2011,15000000,3333050,109,0.4758,4.1,97,it,Comedy,1,True,False,Released
59429,Paranormal Activity: Tokyo Night,2010-11-20,2010,1350000,4160000,91,1.7574,5.953,464,ja,"Horror, Thriller",2,False,False,Released
59436,Midnight in Paris,2011-05-11,2011,17000000,151119219,94,5.2335,7.5,7702,en,"Fantasy, Comedy, Romance",3,False,False,Released
59440,Warrior,2011-09-09,2011,25000000,23300000,140,7.8775,7.845,4975,en,"Drama, Action",2,False,False,Released
59678,Attack the Block,2011-05-12,2011,14350531,3964682,88,4.4317,6.46,2247,en,"Action, Comedy, Science Fiction",3,True,False,Released
59728,The 5th Quarter,2010-04-08,2010,6000000,399611,97,0.4945,5.5,30,en,Drama,1,False,False,Released
59859,Kick-Ass 2,2013-07-17,2013,28000000,60795985,103,6.1351,6.404,6545,en,"Action, Adventure, Crime",3,True,False,Released
59860,Monte Carlo,2011-07-01,2011,20000000,39800000,109,3.0808,6.791,2309,en,"Adventure, Comedy, Romance",3,False,False,Released
59861,Larry Crowne,2011-06-30,2011,30000000,75055070,98,5.6321,5.994,1414,en,"Comedy, Romance, Drama",3,False,False,Released
59961,Safe House,2012-02-08,2012,85000000,208076205,115,4.9237,6.488,3896,en,"Action, Thriller",2,False,False,Released
59962,This Means War,2012-02-14,2012,65000000,156974557,98,5.0278,6.18,3583,en,"Action, Comedy, Romance",3,False,False,Released
59963,Dark Tide,2012-03-28,2012,25000000,432274,113,1.4157,4.7,235,en,"Thriller, Adventure, Drama",3,False,False,Released
59965,Abduction,2011-09-22,2011,35000000,82087155,106,6.0514,5.838,3010,en,"Thriller, Action, Mystery",3,False,False,Released
59967,Looper,2012-09-26,2012,30000000,47042000,118,8.56,6.906,10826,en,"Action, Thriller, Science Fiction",3,False,False,Released
59968,Our Idiot Brother,2011-08-26,2011,5000000,24816118,90,2.714,6.1,1025,en,"Comedy, Drama",2,False,False,Released
59981,Legends of Oz: Dorothy's Return,2014-05-08,2014,70000000,21755418,88,1.8287,6.3,373,en,"Animation, Family, Fantasy",3,False,False,Released
60062,Judy Moody and the Not Bummer Summer,2011-06-10,2011,20000000,14166853,91,1.7791,6.0,94,en,"Comedy, Family",2,False,False,Released
60243,A Separation,2011-02-15,2011,5000000,24426169,123,2.9689,7.9,1944,fa,Drama,1,False,False,Released
60304,Hansel & Gretel: Witch Hunters,2013-01-17,2013,50000000,226349749,88,7.9421,6.099,7064,en,"Fantasy, Horror, Action",3,False,False,Released
60307,Diary of a Wimpy Kid: Rodrick Rules,2011-03-25,2011,18000000,72200000,99,3.9498,6.709,1240,en,"Family, Comedy",2,True,False,Released
60308,Moneyball,2011-09-23,2011,50000000,110206216,134,8.6384,7.289,5714,en,Drama,1,False,False,Released
60309,The Conspirator,2011-04-15,2011,25000000,15478800,122,2.6481,6.558,494,en,"Crime, Drama, History",3,False,False,Released
60420,Like Crazy,2011-10-28,2011,250000,3542353,90,1.9193,6.355,1076,en,"Drama, Romance",2,False,False,Released
60422,Another Happy Day,2011-11-18,2011,4000000,355688,119,1.2325,5.5,120,en,"Comedy, Drama",2,False,False,Released
60592,The Importance of Tying Your Own Shoes,2011-03-18,2011,950000,5012245,96,0.5909,6.3,35,sv,"Drama, Comedy",2,False,False,Released
60599,Arbitrage,2012-09-14,2012,12000000,35500000,100,2.8754,6.307,935,en,"Drama, Thriller",2,False,False,Released
60604,Dogwood Tree,2010-08-21,2010,5500000,33020000,128,1.7815,7.5,46,ja,"Romance, Drama",2,False,False,Released
60747,Red Dawn,2012-03-15,2012,65000000,44806783,93,5.3441,5.7,1724,en,"Action, Thriller",2,False,False,Released
60935,The Thing,2011-10-12,2011,35000000,31505287,103,6.8433,6.227,3176,en,"Horror, Science Fiction, Mystery",3,True,False,Released
61012,Silent Hill: Revelation 3D,2012-10-10,2012,20000000,55975672,94,5.223,5.547,1843,en,"Thriller, Horror, Mystery",3,True,False,Released
61202,Zindagi Na Milegi Dobara,2011-07-15,2011,7700000,160000000,154,2.2577,7.607,403,hi,"Drama, Comedy, Romance",3,False,False,Released
61293,Office Romance. Our time,2011-03-17,2011,5000000,11840661,88,1.0498,4.5,47,ru,"Comedy, Romance",2,False,False,Released
61400,Thank You,2011-04-08,2011,13100000,4100000,140,0.8233,5.057,61,hi,Comedy,1,False,False,Released
61404,Point Blank,2010-11-08,2010,16000000,9487445,84,1.0887,6.6,500,fr,"Action, Thriller, Crime",3,False,False,Released
61410,Spud,2010-12-03,2010,4000000,2415999,107,1.0346,7.0,56,en,"Comedy, Drama",2,True,False,Released
61667,We Have a Pope,2011-04-15,2011,11000000,17877523,105,1.9281,6.77,592,it,"Drama, Comedy",2,False,False,Released
61672,Titeuf,2011-04-06,2011,15000000,13970489,87,0.897,5.745,145,fr,"Animation, Comedy, Drama, Romance",4,False,False,Released
61791,Rise of the Planet of the Apes,2011-08-03,2011,93000000,481800873,105,11.0493,7.341,12684,en,"Thriller, Action, Drama, Science Fiction",4,True,False,Released
61891,Anonymous,2011-10-21,2011,30000000,15395087,130,2.4954,6.401,782,en,"Drama, History, Thriller",3,False,False,Released
61984,Space Battleship Yamato,2010-12-01,2010,12000000,49827298,131,1.9838,6.434,257,ja,"Science Fiction, Action, Adventure, Drama",4,False,False,Released
62008,Good Deeds,2012-02-23,2012,14000000,35579177,129,1.8369,6.3,136,en,"Drama, Romance",2,False,False,Released
62046,Flypaper,2011-08-19,2011,5000000,3142154,87,2.8987,6.387,797,en,"Mystery, Comedy, Crime",3,False,False,Released
62077,Neon Flesh,2010-10-09,2010,4364700,486756,101,0.5896,5.9,63,es,"Thriller, Action, Comedy",3,False,False,Released
62177,Brave,2012-06-21,2012,185000000,538983207,93,15.0738,7.022,14094,en,"Animation, Family, Fantasy, Adventure",4,False,False,Released
62206,30 Minutes or Less,2011-08-11,2011,28000000,40500000,83,2.5605,5.773,1818,en,"Action, Adventure, Comedy",3,False,False,Released
62211,Monsters University,2013-06-19,2013,200000000,743559465,104,7.423,7.046,11257,en,"Animation, Family",2,True,False,Released
62213,Dark Shadows,2012-05-09,2012,150000000,245527149,113,9.3874,6.097,7582,en,"Comedy, Fantasy",2,False,False,Released
62214,Frankenweenie,2012-10-04,2012,39000000,81493846,87,4.8168,7.005,3595,en,"Animation, Comedy, Family",3,False,False,Released
62215,Melancholia,2011-05-26,2011,7400000,15946321,136,3.9601,7.156,3797,en,"Drama, Science Fiction",2,False,False,Released
62324,Gaturro: The Movie,2010-07-07,2010,3500000,2900000,87,0.4904,4.9,13,es,"Animation, Family, Comedy",3,True,False,Released
62564,"Turn Me On, Dammit!",2011-08-19,2011,3100000,1743743,76,1.4514,6.3,224,no,"Drama, Comedy",2,False,False,Released
62630,The Devil's Double,2011-02-11,2011,19100000,5728213,109,2.7906,6.693,600,en,"Drama, Action, Thriller, Crime, War",5,False,False,Released
62756,Singam,2010-05-28,2010,2200000,9700000,154,0.9091,6.75,72,ta,"Action, Comedy, Crime",3,True,False,Released
62764,Mirror Mirror,2012-03-15,2012,85000000,183018522,106,4.7235,5.914,3275,en,"Adventure, Comedy, Family, Fantasy",4,False,False,Released
62796,William & Kate,2011-04-18,2011,20,15,83,0.962,5.5,120,en,"Drama, Romance, TV Movie",3,False,False,Released
62835,Colombiana,2011-07-27,2011,40000000,71508440,108,8.8313,6.636,2841,en,"Action, Thriller, Crime, Drama",4,False,False,Released
62837,Dolphin Tale,2011-09-22,2011,37000000,95404397,113,2.9219,6.905,679,en,"Drama, Family",2,True,False,Released
62838,New Year's Eve,2011-12-08,2011,56000000,142044638,118,3.4567,5.884,2216,en,"Comedy, Romance",2,False,False,Released
62871,A Distant Neighborhood,2010-05-20,2010,18000000,231820,98,1.6174,7.1,55,fr,"Drama, Fantasy, Comedy",3,False,False,Released
63006,Dum Maaro Dum,2011-04-22,2011,4800000,8400000,130,1.0146,5.6,34,hi,"Action, Crime, Thriller",3,False,False,Released
63207,Intruders,2011-09-12,2011,13000000,3012210,100,1.2942,5.48,552,en,"Thriller, Horror, Fantasy",3,False,False,Released
63311,The Skin I Live In,2011-08-17,2011,13000000,33750478,120,6.093,7.489,4585,es,"Drama, Horror, Mystery, Thriller",4,False,False,Released
63363,Kutsal Damacana: Dracoola,2011-01-21,2011,2500000,1116184,89,0.1407,2.5,27,tr,"Comedy, Horror, Fantasy",3,True,False,Released
63430,Ye Maaya Chesave,2010-02-26,2010,1700000,2800000,162,0.7256,6.8,23,te,"Romance, Drama",2,False,False,Released
63492,What's Your Number?,2011-09-30,2011,20000000,30426096,106,4.8704,6.463,2430,en,"Comedy, Romance",2,False,False,Released
63493,The Ledge,2011-05-06,2011,10000000,610986,101,2.8691,6.159,389,en,"Drama, Thriller",2,False,False,Released
63574,Joyful Noise,2012-01-13,2012,25000000,31158113,117,1.7087,6.4,165,en,"Comedy, Music",2,False,False,Released
63812,Thillalangadi,2010-07-23,2010,3300000,10000000,180,0.6756,4.8,12,ta,"Comedy, Action, Drama",3,False,False,Released
63833,Day 6,2011-06-17,2011,1000000,50431,104,0.3795,3.8,24,it,"Thriller, Science Fiction, Mystery",3,False,False,Released
63943,West Is West,2010-10-19,2010,3837625,3867000,103,1.2717,6.4,43,en,Comedy,1,True,False,Released
63996,Viper's Nest,2011-03-10,2011,3500000,18000000,105,0.4588,6.0,51,nl,Drama,1,True,False,Released
64328,The Muppets,2011-11-23,2011,45000000,165184237,103,4.3195,6.7,1673,en,"Family, Comedy, Music",3,True,False,Released
64586,Sleeping Beauty,2011-06-10,2011,10000000,408680,102,3.29,5.359,676,en,"Drama, Romance",2,False,False,Released
64622,Hidden 3D,2011-04-21,2011,8000000,1670477,82,0.615,3.4,58,en,"Horror, Thriller",2,False,False,Released
64635,Total Recall,2012-08-02,2012,125000000,198800000,118,8.3268,6.029,5838,en,"Action, Science Fiction, Thriller",3,False,False,Released
64639,Straw Dogs,2011-09-16,2011,25000000,10324441,110,4.4935,5.922,617,en,"Drama, Thriller",2,False,False,Released
64682,The Great Gatsby,2013-05-09,2013,105000000,351040419,143,9.4038,7.352,12900,en,"Drama, Romance",2,False,False,Released
64685,Extremely Loud & Incredibly Close,2011-12-25,2011,40000000,55200000,129,3.9564,6.979,2123,en,Drama,1,False,False,Released
64686,47 Ronin,2013-12-06,2013,175000000,151783839,119,6.6302,6.203,4114,en,"Drama, Action, Fantasy",3,True,False,Released
64688,21 Jump Street,2012-03-14,2012,42000000,201585328,109,8.9288,6.886,10953,en,"Action, Comedy, Crime",3,True,False,Released
64689,Killing Them Softly,2012-07-30,2012,15000000,37930465,97,3.8201,6.026,2390,en,"Crime, Thriller",2,False,False,Released
64690,Drive,2011-09-15,2011,15000000,79713640,100,13.2015,7.584,13530,en,"Drama, Thriller, Crime",3,False,False,Released
64720,Take Shelter,2011-09-30,2011,5000000,3741098,120,4.6524,7.051,1974,en,"Thriller, Drama, Horror",3,False,False,Released
64807,Grudge Match,2013-12-25,2013,40000000,44907260,113,3.3987,6.1,1357,en,Comedy,1,False,False,Released
65055,Shark Night 3D,2011-09-02,2011,28000000,10126458,91,2.0328,5.1,605,en,"Thriller, Horror",2,False,False,Released
65057,The Descendants,2011-09-09,2011,20000000,177200000,115,3.0835,6.837,3043,en,"Comedy, Drama",2,False,False,Released
65086,The Woman in Black,2012-02-03,2012,32000000,129000000,95,6.0874,6.141,3646,en,"Drama, Horror, Thriller",3,True,False,Released
65521,Pyaar Ka Punchnama,2011-05-20,2011,1400000,7200000,149,2.0902,6.7,96,hi,"Drama, Comedy, Romance",3,True,False,Released
65650,The Good Doctor,2011-04-23,2011,6000000,5206,93,3.1583,6.184,258,en,"Drama, Thriller, Mystery",3,False,False,Released
65754,The Girl with the Dragon Tattoo,2011-12-14,2011,90000000,232617430,158,5.6394,7.383,7548,en,"Thriller, Crime, Mystery",3,True,False,Released
65759,Happy Feet Two,2011-11-17,2011,130000000,150406466,99,4.6016,6.201,1716,en,"Animation, Comedy, Family",3,True,False,Released
65946,Ready,2011-06-03,2011,5800000,27000000,140,1.2223,5.0,100,hi,"Action, Comedy",2,False,False,Released
66120,The Monk,2011-07-12,2011,11000000,1809527,101,0.9889,5.401,116,fr,Thriller,1,False,False,Released
66125,Red Dog,2011-08-04,2011,5,13,92,3.5859,7.3,424,en,"Drama, Comedy, Family",3,True,False,Released
66150,Life in a Day,2011-01-27,2011,45202,225861,95,1.7669,7.2,248,en,"Documentary, Drama",2,True,False,Released
66195,The Perfect Host,2010-07-01,2010,500000,453708,93,3.3412,6.43,466,en,"Comedy, Thriller, Crime",3,False,False,Released
67109,Delhi Belly,2011-07-01,2011,4090000,18035000,102,1.475,7.075,207,hi,"Action, Comedy",2,False,False,Released
67308,3-D Sex and Zen: Extreme Ecstasy,2011-04-14,2011,3500000,10306807,110,2.2842,5.5,193,cn,"Romance, Drama",2,True,False,Released
67660,Think Like a Man,2012-04-20,2012,12000000,96070507,122,3.4856,6.801,890,en,"Comedy, Romance",2,True,False,Released
67675,Glee: The Concert Movie,2011-08-11,2011,9000000,18663238,84,2.3872,7.3,275,en,"Music, Documentary, Family",3,False,False,Released
67748,Snowtown,2011-05-19,2011,2000000,1349387,120,2.7723,6.305,349,en,"Crime, Drama",2,False,False,Released
67911,Bucky Larson: Born to Be a Star,2011-09-09,2011,10000000,2500000,97,1.8851,4.247,194,en,Comedy,1,False,False,Released
67913,The Guard,2011-07-07,2011,6000000,19560274,96,2.9597,6.979,1384,en,"Action, Comedy, Thriller, Crime",4,False,False,Released
68016,Aadukalam,2011-01-14,2011,4000000,6000000,160,0.5479,7.7,54,ta,"Action, Drama, Thriller",3,False,False,Released
68179,Escape from Planet Earth,2013-02-14,2013,40000000,74597643,89,2.2595,5.762,812,en,"Animation, Comedy, Adventure, Family, Science Fiction",5,False,False,Released
68718,Django Unchained,2012-12-25,2012,100000000,425368238,165,13.7666,8.19,27878,en,"Drama, Western",2,False,False,Released
68721,Iron Man 3,2013-04-18,2013,200000000,1215577205,130,20.2844,6.931,23326,en,"Action, Adventure, Science Fiction",3,True,False,Released
68722,The Master,2012-09-14,2012,32000000,28258060,137,4.6443,7.101,3281,en,Drama,1,False,False,Released
68724,Elysium,2013-08-07,2013,115000000,286140700,109,7.6209,6.517,9518,en,"Science Fiction, Action, Drama, Thriller",4,False,False,Released
68726,Pacific Rim,2013-07-11,2013,180000000,411000000,131,13.0165,6.918,13264,en,"Action, Science Fiction, Adventure",3,True,False,Released
68727,Trance,2013-03-27,2013,20000000,24300000,101,4.2081,6.618,2327,en,"Thriller, Crime, Mystery",3,False,False,Released
68728,Oz the Great and Powerful,2013-03-07,2013,200000000,491868548,130,4.9052,5.933,6773,en,"Fantasy, Adventure, Family",3,False,False,Released
68730,Silence,2016-12-23,2016,46000000,23834809,161,6.1365,7.1,3282,en,"Drama, History",2,False,False,Released
68734,Argo,2012-10-11,2012,44500000,232300000,120,7.9226,7.283,8896,en,"Drama, Thriller",2,False,False,Released
68735,Warcraft,2016-05-25,2016,160000000,433677183,123,9.3821,6.399,7218,en,"Action, Adventure, Fantasy",3,False,False,Released
68737,Seventh Son,2014-12-12,2014,95000000,114178613,102,4.691,5.516,2639,en,"Adventure, Fantasy",2,False,False,Released
68812,The Iceman,2012-09-01,2012,20000000,1969193,105,4.6266,6.558,1133,en,"Thriller, Crime, Drama",3,False,False,Released
68817,Footloose,2011-10-06,2011,24000000,63543328,113,5.6129,6.582,1716,en,"Drama, Music, Romance",3,False,False,Released
69597,Aayirathil Oruvan,2010-01-14,2010,7500000,20000000,181,0.7492,6.561,49,ta,"Action, Adventure",2,True,False,Released
69668,Dream House,2011-09-29,2011,50000000,39984400,84,2.9553,6.2,1424,en,"Mystery, Drama, Thriller",3,False,False,Released
69785,Shaitan,2011-06-01,2011,1700000,6100000,126,0.6393,6.25,50,hi,"Action, Crime, Drama, Thriller",4,False,False,Released
69798,The Inbetweeners Movie,2011-08-19,2011,4500000,88823111,97,2.4124,6.2,975,en,Comedy,1,True,False,Released
69938,Trap.com,2011-07-08,2011,1483515,7586448,95,0.3029,5.0,147,pt,"Comedy, Romance",2,False,False,Released
69976,Глухарь в кино,2010-05-06,2010,2500000,1477030,86,0.7658,4.0,11,ru,,0,False,False,Released
70074,Bullet to the Head,2012-11-14,2012,55000000,9489829,92,4.4605,5.621,1363,en,"Action, Crime, Thriller",3,False,False,Released
70160,The Hunger Games,2012-03-12,2012,75000000,694000000,142,9.9131,7.222,23194,en,"Science Fiction, Adventure, Action, Thriller",4,True,False,Released
70435,Haywire,2011-11-01,2011,23000000,33372606,93,3.0726,5.714,1475,en,"Action, Thriller, Drama",3,False,False,Released
70436,The Raven,2012-03-09,2012,26000000,29657751,111,3.1452,6.3,1426,en,"Crime, Thriller, Mystery",3,False,False,Released
70578,Trespass,2011-10-13,2011,36000000,9612469,91,3.6185,5.512,1211,en,Thriller,1,False,False,Released
70586,Setup,2011-10-17,2011,20000000,2128186,85,2.4889,4.854,441,en,"Action, Crime, Drama, Thriller",4,False,False,Released
70590,Singham,2011-07-22,2011,4800000,30000000,143,1.4071,6.517,178,hi,"Drama, Action, Crime",3,False,False,Released
70695,Dirty Girl,2010-09-12,2010,4000000,143485,90,2.4644,6.0,206,en,"Drama, Comedy",2,False,False,Released
70829,The Last Godfather,2010-12-29,2010,13400000,16700000,100,1.3112,4.0,20,en,"Comedy, Crime, Romance",3,True,False,Released
70868,I Don't Know How She Does It,2011-09-16,2011,24000000,31410151,89,1.5135,5.2,412,en,"Romance, Comedy",2,False,False,Released
70981,Prometheus,2012-05-30,2012,130000000,403354469,124,11.6713,6.594,13180,en,"Science Fiction, Mystery, Horror",3,True,False,Released
71469,The Darkest Hour,2011-12-22,2011,30000000,64626786,89,3.1709,5.31,1575,en,"Horror, Action, Thriller, Science Fiction",4,False,False,Released
71482,Totally True Love,2011-02-25,2011,1761562,2221278,83,0.3606,6.5,46,no,"Drama, Family, Romance",3,False,False,Released
71552,American Reunion,2012-04-04,2012,50000000,234989584,114,7.5322,6.3,4682,en,Comedy,1,True,False,Released
71668,Piranha 3DD,2012-05-11,2012,5000000,8493728,83,4.7683,4.327,1141,en,"Horror, Thriller, Comedy",3,True,False,Released
71676,Ghost Rider: Spirit of Vengeance,2011-12-10,2011,57000000,132563930,95,7.39,5.01,4036,en,"Action, Fantasy, Thriller",3,True,False,Released
71677,Assassination Games,2011-07-28,2011,8000000,137600230,101,2.2133,6.3,453,en,"Action, Crime, Drama, Thriller",4,False,False,Released
71679,Resident Evil: Retribution,2012-09-12,2012,65000000,240159255,95,0.5789,5.83,4286,en,"Action, Horror, Science Fiction",3,True,False,Released
71688,The Iron Lady,2011-12-26,2011,13000000,115890792,105,2.5936,6.36,1877,en,"History, Drama",2,False,False,Released
71859,We Need to Talk About Kevin,2011-09-28,2011,7000000,10800000,113,4.42,7.545,3071,en,"Drama, Thriller",2,False,False,Released
71864,The Odd Life of Timothy Green,2012-08-15,2012,25000000,56012642,105,3.2193,7.004,1247,en,"Fantasy, Drama, Comedy, Family",4,False,False,Released
71880,Jack and Jill,2011-11-11,2011,79000000,149700000,91,7.7118,4.4,2210,en,"Comedy, Family",2,False,False,Released
72057,Sorelle Mai,2011-03-16,2011,200000,442481,105,0.3331,6.0,14,it,Drama,1,False,False,Released
72105,Ted,2012-06-29,2012,50000000,549368315,107,14.3578,6.448,13092,en,"Comedy, Fantasy",2,True,False,Released
72113,Carnage,2011-09-16,2011,25000000,30722632,80,3.7864,7.173,3123,en,"Comedy, Drama",2,False,False,Released
72152,Aarakshan,2011-08-12,2011,6100000,7900000,164,0.9961,6.167,42,hi,"Drama, Thriller",2,False,False,Released
72190,World War Z,2013-06-19,2013,200000000,531865000,116,19.9221,6.826,16427,en,"Action, Horror, Science Fiction, Thriller",4,True,False,Released
72197,The Pirates! In an Adventure with Scientists!,2012-03-12,2012,60000000,123054041,88,3.5438,6.519,1200,en,"Animation, Adventure, Family, Comedy",4,False,False,Released
72207,The Five-Year Engagement,2012-04-27,2012,30000000,54169363,124,3.0888,5.856,1402,en,"Comedy, Romance",2,False,False,Released
72213,Courageous,2011-09-30,2011,1000000,35690739,129,5.8715,7.602,402,en,Drama,1,False,False,Released
72331,Abraham Lincoln: Vampire Hunter,2012-06-20,2012,69000000,116500000,105,4.1107,5.766,3536,en,"Action, Fantasy, Horror",3,False,False,Released
72334,Chimpanzee,2012-04-20,2012,5000000,34823764,78,1.9601,7.0,133,en,Documentary,1,False,False,Released
72358,A Thousand Words,2012-03-07,2012,40000000,22044277,91,6.6438,6.1,1394,en,"Drama, Comedy, Fantasy",3,False,False,Released
72359,Peeples,2013-05-09,2013,15000000,9300000,95,1.0361,5.6,73,en,Comedy,1,False,False,Released
72387,Safe,2012-04-16,2012,30000000,40300000,94,6.3274,6.497,2659,en,"Action, Crime, Thriller",3,False,False,Released
72431,Red Tails,2012-01-19,2012,58000000,50365377,125,3.2796,6.574,678,en,"Drama, History, War",3,False,False,Released
72440,Once Upon a Warrior,2011-01-14,2011,3800000,5400000,133,0.6863,6.1,29,te,"Adventure, Fantasy, Action, Family",4,False,False,Released
72478,Suicide Room,2011-03-04,2011,1400000,4878284,116,1.8034,7.253,481,pl,"Drama, Thriller",2,True,False,Released
72545,Journey 2: The Mysterious Island,2012-01-19,2012,79000000,355692760,94,7.5463,6.146,4488,en,"Adventure, Action, Science Fiction",3,True,False,Released
72559,G.I. Joe: Retaliation,2013-03-27,2013,130000000,371900000,110,6.2703,5.651,5737,en,"Action, Science Fiction, Adventure, Thriller",4,True,False,Released
72570,The Vow,2012-02-05,2012,30000000,196114570,104,5.057,7.228,4228,en,"Drama, Romance",2,False,False,Released
72571,Paranormal Activity 3,2011-10-19,2011,5000000,207039844,83,4.4716,5.905,2353,en,"Horror, Mystery",2,True,False,Released
72710,The Host,2013-03-22,2013,44000000,63300000,126,4.5012,6.3,4062,en,"Action, Adventure, Science Fiction",3,False,False,Released
72766,Newlyweds,2011-12-26,2011,9000,5000,85,0.5127,5.9,17,en,"Comedy, Romance, Drama",3,False,False,Released
72784,The Loft,2014-10-14,2014,14000000,10100000,103,5.7441,6.409,1561,en,Thriller,1,False,False,Released
72913,Amigo,2011-08-19,2011,1200000,183597,128,0.8586,4.8,18,en,"Drama, History, War",3,False,False,Released
72976,Lincoln,2012-11-09,2012,65000000,275300000,150,7.2465,6.847,4034,en,"History, Drama",2,False,False,Released
73499,The Double,2011-10-27,2011,17000000,4729855,98,4.1868,5.812,714,en,"Action, Drama, Crime",3,False,False,Released
73532,Le Havre,2011-09-08,2011,3850000,4230854,94,1.3725,7.016,476,fr,"Drama, Comedy",2,False,False,Released
73567,Killer Joe,2012-06-07,2012,10000000,4633668,102,3.8578,6.538,1564,en,"Crime, Thriller, Drama",3,False,False,Released
73723,The Lorax,2012-03-01,2012,70000000,349305397,86,8.7254,6.524,3847,en,"Animation, Family",2,False,False,Released
73867,Rust,2011-09-02,2011,4000000,223845,109,0.21,6.0,38,it,Drama,1,False,False,Released
73869,The Last Man on Earth,2011-09-09,2011,2300000,159846,100,0.2969,5.6,45,it,"Drama, Science Fiction",2,False,False,Released
73873,Albert Nobbs,2011-12-21,2011,8000000,5634828,113,1.9643,6.318,521,en,Drama,1,False,False,Released
73935,Vamps,2012-08-25,2012,16000000,92748,93,2.2331,5.3,299,en,"Comedy, Romance, Horror",3,False,False,Released
73937,The Big Year,2011-10-13,2011,41000000,8200000,102,3.1687,5.987,877,en,Comedy,1,False,False,Released
73939,Pariah,2011-12-27,2011,500000,769552,86,2.0877,6.8,164,en,Drama,1,False,False,Released
73963,Creature,2011-09-09,2011,3000000,533235,93,1.0763,5.2,107,en,Horror,1,False,False,Released
74049,All the Time in the World,2011-04-14,2011,2000000,676045,96,0.4041,6.0,16,nl,"Comedy, Drama, Romance",3,False,False,Released
74387,Goon,2012-01-06,2012,12000000,6985158,92,2.9041,6.418,1016,en,"Comedy, Drama",2,True,False,Released
74458,Mere Brother Ki Dulhan,2011-09-09,2011,5510000,18050000,139,0.8183,5.988,82,hi,"Drama, Comedy, Romance",3,False,False,Released
74465,We Bought a Zoo,2011-11-26,2011,50000000,120081841,124,5.3742,6.826,2929,en,"Drama, Comedy, Family",3,False,False,Released
74505,Lovely Molly,2011-09-14,2011,1000000,18463,100,0.6693,5.081,248,en,"Horror, Thriller",2,False,False,Released
74513,Special Forces,2011-11-02,2011,10000000,3424648,109,2.9145,6.718,629,fr,"Action, Drama, War",3,False,False,Released
74534,The Best Exotic Marigold Hotel,2012-02-23,2012,10000000,150501815,124,2.4043,6.954,1454,en,"Drama, Comedy",2,True,False,Released
74536,The Son of No One,2011-11-04,2011,15000000,618425,90,1.3191,5.1,330,en,"Drama, Thriller, Crime",3,False,False,Released
74639,Overheard 2,2011-08-18,2011,8000000,4040142,121,2.443,6.565,84,cn,"Action, Crime, Thriller",3,True,False,Released
74643,The Artist,2011-10-12,2011,15000000,133432856,100,5.4414,7.44,3497,fr,"Drama, Comedy, Romance",3,False,False,Released
74725,Kill List,2011-09-02,2011,500000,450275,95,2.7001,6.201,862,en,"Horror, Thriller, Crime",3,False,False,Released
74726,Juan of the Dead,2011-10-14,2011,3000000,324834,96,0.9582,6.196,291,es,"Horror, Comedy",2,False,False,Released
74777,Absentia,2011-03-03,2011,70000,8555,91,1.5191,5.852,375,en,"Horror, Mystery",2,False,False,Released
74998,Seeking Justice,2011-09-02,2011,17000000,14089528,105,4.4508,5.912,1083,en,"Action, Drama, Thriller",3,False,False,Released
75174,The Grey,2012-01-26,2012,25000000,79781695,117,6.8014,6.574,4091,en,"Action, Adventure, Drama, Thriller",4,False,False,Released
75198,Welcome Aboard,2011-10-05,2011,12000000,9927260,95,0.7132,5.5,540,fr,Comedy,1,False,False,Released
75438,Beremennyy,2011-09-08,2011,2000000,8000000,81,0.9268,2.8,26,ru,Comedy,1,False,False,Released
75612,Oblivion,2013-04-10,2013,120000000,286168572,124,10.1607,6.674,11431,en,"Action, Science Fiction, Adventure, Mystery",4,False,False,Released
75622,Rampart,2011-11-23,2011,12000000,972512,108,2.5374,5.459,402,en,"Crime, Drama",2,False,False,Released
75629,Evangelion: 3.0 You Can (Not) Redo,2012-11-17,2012,13000000,67282623,96,4.5105,7.193,922,ja,"Animation, Science Fiction, Action, Drama",4,True,False,Released
75638,Red Lights,2012-03-02,2012,14000000,13551174,114,3.6151,6.175,1390,en,Thriller,1,False,False,Released
75656,Now You See Me,2013-05-29,2013,75000000,351723989,116,13.6966,7.331,16687,en,"Thriller, Crime",2,True,False,Released
75674,Act of Valor,2012-02-24,2012,12000000,82499399,110,5.0328,6.531,1237,en,"Action, Thriller, War",3,False,False,Released
75761,John Dies at the End,2013-01-25,2013,1000000,142000,99,2.046,6.274,720,en,"Horror, Comedy",2,False,False,Released
75780,Jack Reacher,2012-12-20,2012,60000000,218300000,130,9.3302,6.66,7578,en,"Crime, Drama, Thriller, Action",4,True,False,Released
75896,Rascals,2011-10-06,2011,6500000,7100000,128,0.816,3.741,27,hi,Comedy,1,False,False,Released
75900,My Week with Marilyn,2011-11-23,2011,6400000,35100000,99,3.2286,6.677,1354,en,"Drama, Romance",2,False,False,Released
75956,The Miracle of Marcelino,2010-12-17,2010,3000000,512315,100,0.5463,7.8,24,es,"Family, Drama",2,False,False,Released
76025,Shame,2011-10-02,2011,6500000,3909002,102,6.3258,6.923,3389,en,Drama,1,False,False,Released
76163,The Expendables 2,2012-08-08,2012,100000000,314975955,103,8.3943,6.353,7137,en,"Action, Adventure, Thriller",3,True,False,Released
76170,The Wolverine,2013-07-21,2013,120000000,415440673,126,1.8809,6.43,10229,en,"Action, Science Fiction, Adventure",3,True,False,Released
76201,Red Eagle: The Movie,2011-04-20,2011,8538460,3716598,122,0.6392,4.7,30,es,"Action, Adventure, Drama, History",4,False,False,Released
76203,12 Years a Slave,2013-10-18,2013,20000000,187000000,134,7.5079,7.933,11928,en,"Drama, History",2,False,False,Released
76285,Percy Jackson: Sea of Monsters,2013-08-07,2013,90000000,199850315,106,4.3937,6.027,5340,en,"Adventure, Family, Fantasy",3,True,False,Released
76338,Thor: The Dark World,2013-10-30,2013,170000000,644783140,112,11.0438,6.509,18245,en,"Action, Adventure, Fantasy",3,True,False,Released
76341,Mad Max: Fury Road,2015-05-13,2015,150000000,378858340,121,18.6831,7.632,23966,en,"Action, Adventure, Science Fiction",3,True,False,Released
76349,1911,2011-09-23,2011,30000000,3807134,99,2.7156,5.694,162,zh,"Adventure, Drama, Action, History, War",5,False,False,Released
76487,The Devil Inside,2012-01-06,2012,1000000,101800000,83,1.3617,4.691,839,en,"Horror, Thriller",2,False,False,Released
76489,The Three Stooges,2012-04-13,2012,30000000,54819301,92,4.9026,5.805,638,en,Comedy,1,False,False,Released
76492,Hotel Transylvania,2012-09-20,2012,85000000,358375603,91,13.5828,6.963,9138,en,"Animation, Comedy, Family, Fantasy",4,True,False,Released
76493,The Dictator,2012-05-15,2012,65000000,179379533,83,10.9671,6.223,6397,en,Comedy,1,False,False,Released
76494,What to Expect When You're Expecting,2012-05-17,2012,40000000,79700000,110,4.2175,5.999,1847,en,"Romance, Comedy, Drama",3,False,False,Released
76531,Christian Brothers,2011-10-03,2011,1200000,2400000,173,0.793,4.8,16,ml,"Action, Drama",2,False,False,Released
76544,Man of Tai Chi,2013-07-04,2013,25000000,2054941,105,3.1274,6.1,984,en,"Action, Drama",2,False,False,Released
76600,Avatar: The Way of Water,2022-12-14,2022,350000000,2353096253,192,31.8924,7.593,13997,en,"Action, Adventure, Science Fiction",3,True,False,Released
76617,Texas Chainsaw 3D,2013-01-03,2013,20000000,47340586,92,5.7708,5.483,1805,en,"Horror, Thriller",2,True,False,Released
76649,Pompeii,2014-02-18,2014,100000000,117831631,105,5.8773,5.548,3370,en,"Action, Adventure, History, Romance, Drama",5,False,False,Released
76696,Sidewalls,2011-06-01,2011,11000000,2140,94,1.1693,7.495,315,es,"Drama, Romance",2,False,False,Released
76726,Chronicle,2012-02-01,2012,15000000,145000000,84,7.8671,6.846,5678,en,"Science Fiction, Drama, Thriller",3,False,False,Released
76746,Smithereens,2011-10-06,2011,400,403557,89,0.6142,4.4,17,ru,Comedy,1,False,False,Released
76757,Jupiter Ascending,2015-02-04,2015,176000000,184000000,127,9.7651,5.46,7067,en,"Science Fiction, Fantasy, Action",3,False,False,Released
76758,The Flowers of War,2011-12-15,2011,94000000,95311434,146,3.8176,7.4,894,zh,"Drama, History, War",3,False,False,Released
76788,Mankatha,2011-08-31,2011,6100000,28000000,161,1.2812,6.708,72,ta,"Action, Thriller",2,False,False,Released
76896,Gerry,2011-06-15,2011,6000000,1937328,131,0.3853,5.6,18,fr,"Drama, Romance, Music",3,False,False,Released
76975,Samar,2013-01-13,2013,3700000,8300000,144,0.441,5.0,15,ta,"Action, Thriller",2,False,False,Released
76994,Box Office 3D: The Filmest of Films,2011-09-09,2011,5000000,2777000,102,0.5055,2.9,251,it,Comedy,1,False,False,Released
77000,Bar Sport,2011-10-21,2011,3500000,3687123,93,0.2651,5.008,237,it,Comedy,1,False,False,Released
77016,End of Watch,2012-09-20,2012,7000000,55078146,109,5.737,7.35,3595,en,"Crime, Drama, Thriller",3,False,False,Released
77117,Sunny,2011-05-04,2011,3550000,48000000,135,2.8023,7.839,189,ko,"Drama, Comedy",2,False,False,Released
77174,ParaNorman,2012-08-03,2012,60000000,107307220,93,5.5025,7.034,2750,en,"Family, Animation, Adventure, Comedy",4,False,False,Released
77221,Black Gold,2011-12-21,2011,40000000,5446000,130,2.4285,6.5,305,en,"Adventure, Drama",2,False,False,Released
77234,The Numbers Station,2013-04-18,2013,10000000,3107646,90,1.4286,5.5,590,en,"Action, Thriller",2,False,False,Released
77338,The Intouchables,2011-11-02,2011,13000000,426590315,113,17.8264,8.269,18324,fr,"Drama, Comedy",2,False,False,Released
77459,A Monster in Paris,2011-10-12,2011,25000000,26611650,90,2.4432,6.901,1349,fr,"Adventure, Animation, Comedy, Family, Fantasy",5,False,False,Released
77461,Where Do We Go Now?,2011-09-14,2011,6700000,21000000,110,1.0669,7.4,216,ar,"Drama, Comedy",2,False,False,Released
77495,Sleep Tight,2011-10-14,2011,5000000,8791590,101,2.3012,7.061,1211,es,"Thriller, Horror",2,False,False,Released
77805,Lovelace,2013-08-08,2013,10000000,1585582,92,4.7101,6.0,749,en,Drama,1,False,False,Released
77866,Contraband,2012-01-12,2012,25000000,96262212,109,5.1217,6.3,2195,en,"Thriller, Action, Drama, Crime",4,False,False,Released
77875,Playing for Keeps,2012-11-29,2012,35000000,30962335,106,2.9662,5.649,723,en,"Comedy, Romance",2,False,False,Released
77877,The Lucky One,2012-04-19,2012,25000000,99400000,101,5.78,7.17,3810,en,"Drama, Romance",2,False,False,Released
77878,The Lady,2011-11-30,2011,23000000,7832142,132,2.3655,6.8,263,en,"Drama, Romance",2,False,False,Released
77883,The Possession,2012-08-30,2012,14000000,85446075,92,4.7716,6.03,1695,en,"Horror, Thriller",2,False,False,Released
77930,Magic Mike,2012-06-28,2012,7000000,167200000,110,4.8366,6.17,3079,en,"Drama, Comedy",2,True,False,Released
77931,The Smurfs 2,2013-07-30,2013,105000000,347434178,105,4.5863,5.75,2357,en,"Fantasy, Family, Comedy, Animation",4,True,False,Released
77944,The Worst Week of My Life,2011-10-27,2011,11000000,12935800,93,1.9471,6.1,453,it,Comedy,1,True,False,Released
77948,The Cold Light of Day,2012-04-04,2012,20000000,16863583,93,2.933,5.383,983,en,"Action, Thriller, Mystery",3,False,False,Released
77949,The Awakening,2011-08-17,2011,4798235,6879667,107,3.8279,6.387,1484,en,"Horror, Thriller, Mystery",3,False,False,Released
77950,Turbo,2013-07-11,2013,135000000,282570682,96,7.7756,6.266,3657,en,"Animation, Family",2,False,False,Released
77951,Walking with Dinosaurs,2013-12-18,2013,80000000,126500000,87,3.5629,6.221,514,en,"Animation, Family, Adventure",3,False,False,Released
77953,The Campaign,2012-08-09,2012,95000000,104907746,85,3.006,5.837,1860,en,Comedy,1,False,False,Released
77987,Only God Forgives,2013-05-30,2013,4800000,10300000,89,2.7213,5.8,2569,en,"Drama, Thriller, Crime",3,False,False,Released
78172,Lan Kwai Fong,2011-09-15,2011,577450,1154901,97,2.1568,4.1,20,cn,Drama,1,True,False,Released
78206,Chicken with Plums,2011-10-26,2011,12000000,3265941,92,1.3167,7.038,184,fr,"Comedy, Drama",2,False,False,Released
78299,"Não Se Preocupe, Nada Vai Dar Certo!",2011-07-22,2011,6000000,628832,99,0.2235,5.7,15,pt,Comedy,1,False,False,Released
78381,Twixt,2011-09-10,2011,7000000,647839,88,2.3151,5.089,325,en,"Mystery, Fantasy, Horror",3,False,False,Released
78394,Sea Rex 3D: Journey to a Prehistoric World,2010-05-14,2010,5000000,4074023,41,0.3142,6.9,22,en,Documentary,1,False,False,Released
78461,Beneath the Darkness,2012-01-06,2012,7300000,23998,96,0.6531,4.8,154,en,"Thriller, Horror, Drama",3,False,False,Released
78570,Top Cat: The Movie,2011-09-16,2011,6000000,16611575,90,0.8811,6.1,83,es,"Animation, Family, Comedy",3,True,False,Released
78698,Big Miracle,2012-02-02,2012,40000000,24719215,107,2.9496,6.7,523,en,"Adventure, Drama, Romance, Fantasy",4,False,False,Released
79067,Lost Place,2013-09-19,2013,5200000,159828,101,0.2934,4.4,18,de,"Mystery, Thriller, Horror",3,False,False,Released
79120,Weekend,2011-10-23,2011,120000,484592,96,2.2783,7.255,563,en,"Drama, Romance",2,False,False,Released
79224,War of the Arrows,2011-08-10,2011,8000000,49000000,122,3.7179,7.204,285,ko,"Drama, Action, History",3,False,False,Released
79316,Devil's Due,2014-01-08,2014,7000000,36433975,89,1.3349,4.667,566,en,Horror,1,False,False,Released
79464,Rockstar,2011-11-11,2011,10920000,19660000,159,1.2637,7.287,218,hi,"Drama, Music, Romance",3,False,False,Released
79553,The Front Line,2011-07-20,2011,10000000,15786086,133,2.3983,7.2,197,ko,"Drama, Action, War",3,False,False,Released
79694,The Apparition,2012-08-23,2012,17000000,9627492,82,1.3513,4.5,456,en,"Horror, Thriller",2,False,False,Released
79728,Nicostratos the Pelican,2011-06-29,2011,8500000,755146,95,0.5401,6.5,57,fr,"Comedy, Drama",2,False,False,Released
79777,In the Land of Blood and Honey,2011-12-22,2011,10000000,303877,127,0.7231,5.8,155,en,"Drama, Romance, War",3,False,False,Released
79897,Pranchiyettan & The Saint,2010-09-10,2010,385320,1120000,147,0.7358,7.1,36,ml,"Comedy, Family",2,False,False,Released
79940,Tim and Eric's Billion Dollar Movie,2012-03-02,2012,3000000,201436,94,1.0423,5.5,138,en,Comedy,1,False,False,Released
80035,The Watch,2012-07-26,2012,68000000,68267862,102,3.9563,5.6,2455,en,"Comedy, Action, Science Fiction",3,False,False,Released
80271,LOL,2012-02-10,2012,11000000,10500000,97,3.5755,6.1,2743,en,"Drama, Comedy, Romance",3,False,False,Released
80274,Ender's Game,2013-10-24,2013,110000000,125537191,114,6.8794,6.587,6213,en,"Science Fiction, Action, Adventure",3,False,False,Released
80278,The Impossible,2012-09-09,2012,45000000,198100000,113,7.6098,7.368,6633,en,"Drama, Thriller, History",3,False,False,Released
80280,[REC]³ Genesis,2012-03-30,2012,6400000,11019975,80,3.8384,5.323,1609,es,Horror,1,True,False,Released
80281,Oosaravelli,2011-10-06,2011,3500000,39000000,161,0.534,5.3,23,te,"Action, Thriller",2,False,False,Released
80321,Madagascar 3: Europe's Most Wanted,2012-06-06,2012,145000000,746921274,93,10.4538,6.63,6524,en,"Animation, Family, Comedy, Adventure",4,True,False,Released
80379,Louis C.K.: Live at the Beacon Theater,2011-12-10,2011,250000,1000000,62,0.2928,7.829,249,en,"Comedy, TV Movie",2,False,False,Released
80389,Get the Gringo,2012-03-15,2012,35000000,8826837,96,3.7837,6.603,1777,en,"Action, Thriller, Crime, Drama",4,False,False,Released
80585,Rock of Ages,2012-06-13,2012,75000000,59400000,123,4.5958,6.2,1344,en,"Comedy, Drama, Romance, Music",4,False,False,Released
80591,W.E.,2011-09-01,2011,15000000,2042203,119,2.3826,6.3,307,en,"Drama, Romance",2,False,False,Released
80920,Repentance,2014-02-28,2014,5000000,1189612,90,1.2181,4.8,67,en,"Horror, Thriller",2,False,False,Released
81005,Jack the Giant Slayer,2013-02-27,2013,195000000,197700000,114,8.275,5.9,5189,en,"Fantasy, Action, Adventure, Drama",4,False,False,Released
81025,Salmon Fishing in the Yemen,2012-03-09,2012,14400000,34564651,107,2.1009,6.417,945,en,"Drama, Romance, Comedy",3,False,False,Released
81188,Rise of the Guardians,2012-11-21,2012,145000000,306941670,97,8.787,7.371,7111,en,"Animation, Family, Fantasy, Action, Adventure",5,False,False,Released
81215,Kinyarwanda,2011-12-02,2011,400000,21097,100,0.3639,6.0,10,en,"Drama, Romance",2,False,False,Released
81273,The Dirty Picture,2011-12-02,2011,2600000,17000000,144,0.785,6.2,87,hi,"Comedy, Drama",2,False,False,Released
81298,Shadow Boxing 3. The Final Round,2011-11-17,2011,5000000,13645556,122,0.8518,4.7,25,ru,"Action, Drama",2,True,False,Released
81390,A Lonely Place to Die,2011-04-09,2011,4000000,25345000,99,2.8383,6.172,639,en,"Adventure, Action, Thriller, Crime",4,False,False,Released
81401,The Turin Horse,2011-03-31,2011,1000000,162088,155,1.4171,7.57,413,hu,Drama,1,False,False,Released
81446,The Baytown Outlaws,2012-08-27,2012,4000000,37470,98,3.1438,5.958,343,en,"Action, Comedy, Crime",3,False,False,Released
81481,Silenced,2011-09-22,2011,2200000,31500000,125,4.9789,8.15,762,ko,Drama,1,False,False,Released
81796,Lockout,2012-04-12,2012,20000000,32948113,95,5.1287,5.935,1972,en,"Action, Thriller, Science Fiction",3,False,False,Released
81836,To Rome with Love,2012-04-20,2012,17000000,73258078,111,1.5902,5.8,2082,en,"Comedy, Romance",2,False,False,Released
81857,Alps,2011-09-01,2011,97000,15292,94,1.6625,6.251,347,el,Drama,1,False,False,Released
81870,Flying Swords of Dragon Gate,2011-12-15,2011,35000000,127709,125,2.9415,6.2,238,zh,"Action, Adventure, Drama",3,False,False,Released
82390,The Paperboy,2012-09-14,2012,12500000,1353868,107,2.0115,5.5,804,en,"Thriller, Drama, Mystery",3,False,False,Released
82450,Hamilton: In the Interest of the Nation,2012-03-02,2012,6629445,8249053,109,1.1742,6.1,136,sv,"Thriller, Action, Drama",3,True,False,Released
82469,The Kick,2011-11-03,2011,3500000,517069,100,1.6008,5.11,41,ko,"Comedy, Action",2,False,False,Released
82505,House at the End of the Street,2012-09-21,2012,6900000,44287131,101,6.0651,5.793,1895,en,"Horror, Thriller",2,False,False,Released
82507,Sinister,2012-03-29,2012,3000000,82515113,110,8.3284,6.873,5992,en,"Horror, Thriller, Mystery",3,True,False,Released
82525,Savages,2012-07-06,2012,45000000,82966152,131,4.0731,6.353,2272,en,"Crime, Drama, Thriller",3,False,False,Released
82532,"Jeff, Who Lives at Home",2012-03-16,2012,10000000,4400000,83,2.2893,6.226,680,en,"Drama, Comedy",2,False,False,Released
82618,Girl in Progress,2012-05-11,2012,5000000,4709246,93,0.7803,5.6,122,en,"Comedy, Drama",2,False,False,Released
82633,Lawless,2012-08-29,2012,26000000,55404207,115,7.0631,7.071,3312,en,"Crime, Drama, Western",3,False,False,Released
82650,Diary of a Wimpy Kid: Dog Days,2012-08-02,2012,22000000,77100000,94,3.8399,6.349,1055,en,"Comedy, Family",2,True,False,Released
82654,Warm Bodies,2013-01-31,2013,35000000,117000000,98,4.2927,6.47,6352,en,"Horror, Comedy, Romance",3,False,False,Released
82675,Taken 2,2012-09-27,2012,45000000,376100000,91,7.2333,6.364,7064,en,"Action, Crime, Thriller",3,True,False,Released
82679,Fun Size,2012-10-24,2012,14000000,11417362,87,1.9972,5.576,447,en,Comedy,1,False,False,Released
82682,Gangster Squad,2013-01-09,2013,60000000,105200000,113,4.4168,6.38,4220,en,"Crime, Drama, Action, Thriller",4,False,False,Released
82687,The Guilt Trip,2012-12-19,2012,40000000,41863726,95,2.6417,5.607,760,en,Comedy,1,False,False,Released
82690,Wreck-It Ralph,2012-11-01,2012,165000000,471222889,101,12.6265,7.355,13013,en,"Family, Animation, Comedy, Adventure",4,True,False,Released
82693,Silver Linings Playbook,2012-11-16,2012,21000000,236412453,122,12.5845,7.2,12598,en,"Drama, Comedy, Romance",3,False,False,Released
82695,Les Misérables,2012-12-18,2012,61000000,442636309,158,9.9517,7.307,5553,en,"History, Drama",2,False,False,Released
82696,Hope Springs,2012-08-07,2012,30000000,114281051,100,3.0843,6.271,828,en,"Drama, Comedy, Romance",3,False,False,Released
82700,After Earth,2013-05-30,2013,130000000,243843127,100,5.6553,5.2,6841,en,"Science Fiction, Action, Adventure",3,False,False,Released
82702,How to Train Your Dragon 2,2014-06-05,2014,145000000,621537519,102,12.389,7.679,10364,en,"Fantasy, Action, Adventure, Animation, Family",5,True,False,Released
82703,Mr. Peabody & Sherman,2014-02-07,2014,145000000,272912430,92,5.5198,6.726,2520,en,"Animation, Science Fiction, Comedy, Adventure, Family",5,False,False,Released
82825,Kahaani,2012-03-08,2012,1200000,16000000,122,1.4178,7.171,342,hi,"Mystery, Thriller",2,True,False,Released
82990,Paranormal Activity 4,2012-10-17,2012,5000000,142802657,87,4.0372,5.407,2020,en,Horror,1,True,False,Released
82992,Fast & Furious 6,2013-05-21,2013,160000000,788700000,130,0.9636,6.814,11121,en,"Action, Thriller, Crime",3,True,False,Released
83125,The Color Wheel,2012-05-18,2012,19000,12400,83,1.157,6.3,51,en,"Comedy, Romance",2,False,False,Released
83389,From Up on Poppy Hill,2011-07-16,2011,22000000,61037844,91,5.1253,7.525,1929,ja,"Animation, Drama",2,False,False,Released
83542,Cloud Atlas,2012-10-26,2012,102000000,130482868,172,8.5428,6.893,7484,en,"Drama, Science Fiction",2,False,False,Released
83588,Middle of Nowhere,2012-10-12,2012,2000000,2368060,101,0.6299,6.0,30,en,Drama,1,False,False,Released
83666,Moonrise Kingdom,2012-05-16,2012,16000000,68263166,94,4.1636,7.675,6294,en,"Comedy, Drama, Romance",3,False,False,Released
83686,The Words,2012-09-07,2012,6000000,13231461,102,4.2004,6.7,1280,en,"Drama, Thriller",2,False,False,Released
83770,On the Road,2012-05-22,2012,25000000,8784318,142,3.0936,5.6,898,en,"Adventure, Drama",2,False,False,Released
83860,October Baby,2011-10-30,2011,1000000,5396618,107,1.4024,6.3,125,en,Drama,1,False,False,Released
83899,You're Next,2013-08-22,2013,1000000,14347000,94,3.6078,6.603,2659,en,"Horror, Thriller, Mystery",3,False,False,Released
84165,2 Days in New York,2012-03-28,2012,8000000,1653792,91,1.3989,5.6,307,en,"Comedy, Drama, Romance",3,True,False,Released
84174,Bachelorette,2012-01-23,2012,3000000,11947954,87,2.2081,5.4,1243,en,"Comedy, Romance",2,False,False,Released
84175,Beasts of the Southern Wild,2012-06-29,2012,1800000,21107746,93,1.4924,6.8,1139,en,"Drama, Fantasy",2,False,False,Released
84188,Compliance,2012-08-23,2012,270000,592116,90,3.3451,6.371,781,en,"Drama, Thriller",2,False,False,Released
84199,The First Time,2012-10-19,2012,2000000,92654,95,4.1754,6.988,2151,en,"Drama, Comedy, Romance",3,False,False,Released
84200,"For a Good Time, Call...",2012-08-31,2012,850000,1243961,87,2.5414,5.9,316,en,"Comedy, Drama",2,False,False,Released
84305,Lay the Favorite,2012-06-22,2012,26350000,1576687,94,1.8439,5.231,247,en,"Drama, Comedy",2,False,False,Released
84329,Robot & Frank,2012-08-24,2012,2500000,3325038,89,2.4643,6.9,1161,en,"Science Fiction, Comedy, Drama, Crime",4,False,False,Released
84332,Safety Not Guaranteed,2012-06-08,2012,750000,4424699,86,2.9991,6.777,1602,en,"Comedy, Romance, Science Fiction",3,False,False,Released
84334,Searching for Sugar Man,2012-06-30,2012,1000000,3696196,85,1.7444,7.886,1014,en,"Music, Documentary",2,False,False,Released
84336,Shadow Dancer,2012-02-12,2012,6300000,1777709,101,2.072,5.9,277,en,Thriller,1,False,False,Released
84341,Smashed,2012-01-22,2012,500000,377000,85,2.1452,6.5,303,en,"Comedy, Drama, Romance",3,False,False,Released
84348,V/H/S,2012-07-28,2012,242000,100345,116,4.1483,6.102,1698,en,"Thriller, Horror",2,True,False,Released
84355,Your Sister's Sister,2011-09-11,2011,125000,3242802,90,1.6523,6.5,361,en,Comedy,1,False,False,Released
84371,Kaaryasthan,2010-11-05,2010,510000,2700000,169,0.6412,5.7,14,ml,"Comedy, Drama",2,False,False,Released
84377,Marykkundoru Kunjaadu,2010-12-25,2010,520000,2100000,129,0.6249,6.6,23,ml,Comedy,1,False,False,Released
84404,Bully,2011-04-23,2011,1100000,3483795,92,0.5805,7.2,164,en,"Documentary, Drama",2,False,False,Released
84858,Agneepath,2012-01-25,2012,8700000,28000000,174,1.6882,6.3,162,hi,"Action, Crime, Drama",3,False,False,Released
84892,The Perks of Being a Wallflower,2012-09-20,2012,13000000,33384127,103,7.9263,7.802,11146,en,Drama,1,False,False,Released
85038,Welcome to the North,2012-01-18,2012,6000000,35000000,105,0.6323,5.8,1346,it,Comedy,1,True,False,Released
85052,Housefull 2,2012-04-05,2012,7100000,22000000,160,1.1334,5.551,127,hi,"Comedy, Romance",2,True,False,Released
85350,Boyhood,2014-06-05,2014,4000000,48137666,165,4.1947,7.5,5487,en,Drama,1,False,False,Released
85435,A Few Best Men,2012-01-05,2012,14400000,15521362,96,0.894,5.7,450,en,Comedy,1,True,False,Released
85446,Step Up Revolution,2012-07-26,2012,33000000,140470746,99,5.3818,6.909,2116,en,"Music, Drama, Romance",3,True,False,Released
85495,Twilight Portrait,2011-11-10,2011,20000,154098,105,1.2559,6.1,55,ru,Drama,1,False,False,Released
85545,Elles,2011-09-09,2011,4000000,911466,96,1.3516,5.3,194,fr,Drama,1,False,False,Released
85621,Men in Hope,2011-08-25,2011,1130710,6638849,115,2.3607,7.3,186,cs,"Comedy, Romance",2,False,False,Released
85656,Karate-Robo Zaborgar,2011-10-15,2011,3000000,162288,114,1.6507,5.9,22,ja,"Action, Science Fiction",2,False,False,Released
85729,Moy paren - angel,2011-12-20,2011,2700000,2372984,97,1.1755,6.3,24,ru,"Comedy, Romance, Fantasy, Adventure",4,False,False,Released
85739,A.C.A.B. - All Cops Are Bastards,2012-01-27,2012,5000000,3300000,105,1.3111,6.978,855,it,"Action, Drama, Crime",3,False,False,Released
85870,My Way,2012-03-14,2012,27563396,29193330,148,1.0404,6.425,305,fr,"Drama, Music",2,False,False,Released
85874,Magic to Win,2011-12-01,2011,8000000,8557,100,2.0118,3.9,15,cn,"Fantasy, Comedy, Action",3,False,False,Released
85889,Filth,2013-09-23,2013,5000000,9114264,97,4.1319,6.8,1887,en,"Crime, Drama, Comedy",3,False,False,Released
85985,Ek Tha Tiger,2012-08-15,2012,14040000,62690000,133,2.3897,6.2,215,hi,"Action, Thriller, Romance",3,True,False,Released
85992,Tezz,2012-04-27,2012,7500000,3800000,121,0.722,4.1,27,hi,"Drama, Action, Thriller",3,False,False,Released
86467,Bel Ami,2012-03-09,2012,9000000,8303261,102,1.6154,5.3,539,en,"Romance, Drama",2,False,False,Released
86597,The Tall Man,2012-03-19,2012,18200000,7462847,106,3.1148,6.023,1223,en,"Horror, Mystery, Thriller",3,False,False,Released
86718,7Aum Arivu,2011-10-26,2011,1880000,1160000,168,0.8768,6.6,66,ta,"Action, Science Fiction, Thriller",3,False,False,Released
86719,Bodyguard,2012-01-14,2012,8000000,9000000,150,0.3911,5.1,10,te,"Action, Comedy, Romance",3,False,False,Released
86728,Red Lips,2011-10-07,2011,73476,134906,93,0.5781,5.2,19,es,"Drama, Comedy, Romance",3,False,False,Released
86825,Stoker,2013-02-28,2013,12000000,12077441,99,4.2441,6.64,2396,en,"Drama, Horror, Thriller",3,False,False,Released
86829,Inside Llewyn Davis,2013-10-18,2013,11000000,32935319,105,4.117,7.2,2909,en,"Drama, Music",2,False,False,Released
86834,Noah,2014-03-07,2014,125000000,362600000,138,7.5756,5.7,6572,en,"Drama, Adventure",2,False,False,Released
86837,Amour,2012-09-20,2012,8900000,29800000,127,3.5771,7.756,1770,fr,"Drama, Romance",2,False,False,Released
86838,Seven Psychopaths,2012-10-12,2012,15000000,33035736,110,4.5313,6.824,4245,en,"Comedy, Crime",2,False,False,Released
86868,Would I Lie to You? 3,2012-01-31,2012,25496629,40924982,120,1.1297,5.473,349,fr,Comedy,1,True,False,Released
87093,Big Eyes,2014-12-24,2014,10000000,28900000,106,2.4694,7.0,3603,en,Drama,1,False,False,Released
87101,Terminator Genisys,2015-06-23,2015,155000000,440603537,126,12.9206,5.951,8926,en,"Science Fiction, Action, Thriller",3,True,False,Released
87368,17 Girls,2011-06-13,2011,4141459,201607,87,0.6092,5.5,327,fr,Drama,1,False,False,Released
87421,Riddick,2013-09-02,2013,38000000,98337295,119,6.9448,6.341,4377,en,"Science Fiction, Action, Thriller",3,True,False,Released
87428,That's My Boy,2012-06-14,2012,70000000,57719093,116,9.4229,5.803,2137,en,Comedy,1,False,False,Released
87492,Foxcatcher,2014-11-14,2014,24000000,12096300,134,3.7688,6.656,2471,en,"Drama, Thriller",2,False,False,Released
87496,The Company You Keep,2012-12-20,2012,2000000,20014680,121,3.1624,6.172,779,en,"Drama, Thriller",2,False,False,Released
87499,The East,2013-05-31,2013,6500000,2401510,116,2.6396,6.551,853,en,"Drama, Thriller",2,False,False,Released
87502,Flight,2012-02-22,2012,31000000,161772575,138,5.5321,6.859,6410,en,Drama,1,False,False,Released
87516,Oldboy,2013-11-14,2013,30000000,5200000,104,5.932,5.9,2106,en,"Drama, Thriller, Mystery, Action",4,False,False,Released
87567,The Big Wedding,2013-04-25,2013,35000000,21800000,90,3.0777,5.84,1216,en,Comedy,1,False,False,Released
87818,Movie 43,2013-01-24,2013,6000000,32443111,98,8.8559,4.651,2488,en,Comedy,1,False,False,Released
87825,Trouble with the Curve,2012-09-21,2012,60000000,49000000,111,3.6649,6.987,1693,en,"Drama, Romance",2,False,False,Released
87826,Here Comes the Boom,2012-10-10,2012,42000000,73100000,105,3.2029,6.214,1565,en,"Comedy, Action, Drama",3,False,False,Released
87827,Life of Pi,2012-11-20,2012,120000000,609016565,127,10.3576,7.408,13707,en,"Adventure, Drama",2,False,False,Released
88005,Seeking a Friend for the End of the World,2012-06-22,2012,10000000,9636289,101,3.041,6.566,2240,en,"Comedy, Drama, Romance, Adventure",4,False,False,Released
88036,Sparkle,2012-08-17,2012,14000000,24637469,116,2.7188,6.2,123,en,"Music, Drama, Romance",3,False,False,Released
88042,Parental Guidance,2012-12-25,2012,25000000,119772232,104,2.4296,5.959,480,en,Comedy,1,False,False,Released
88273,A Royal Affair,2012-03-29,2012,8000000,14800000,137,2.3425,7.35,936,da,"Drama, History, Romance",3,False,False,Released
88491,Chapiteau Show: Love and Friendship - Part 1,2012-01-26,2012,1000000,196908,107,0.5907,6.2,40,ru,Comedy,1,True,False,Released
88794,J. Edgar,2011-11-09,2011,35000000,84606030,137,5.1099,6.229,2574,en,"Drama, Crime, History",3,False,False,Released
89008,The Oranges,2011-09-09,2011,7000000,1941667,90,2.2385,5.511,510,en,"Comedy, Romance, Drama",3,False,False,Released
89492,This Is 40,2012-12-20,2012,35000000,88200000,134,4.5647,5.899,2324,en,Comedy,1,True,False,Released
89584,Conquest 1453,2012-02-10,2012,16000000,35000000,160,1.642,6.0,198,tr,"Adventure, Drama, Action, War",4,False,False,Released
89691,ATM,2012-02-17,2012,3000000,921752,91,1.3252,5.086,666,en,"Horror, Thriller",2,False,False,Released
89708,Samsara,2011-09-16,2011,4000000,2639616,102,3.1422,8.06,681,en,Documentary,1,False,False,Released
89733,Seven Seas Pirates,2012-02-02,2012,1250000,582094,80,0.1745,6.3,19,es,Animation,1,False,False,Released
89750,"Pink Ribbons, Inc.",2011-09-11,2011,900000,25000,97,0.156,6.6,13,en,Documentary,1,False,False,Released
90369,Now Is Good,2012-09-19,2012,4500000,2700000,103,2.747,7.3,1106,en,"Drama, Romance",2,False,False,Released
90804,Corporal vs. Napoleon,2012-01-25,2012,8000000,10365684,95,1.0319,3.5,41,ru,Comedy,1,False,False,Released
91070,L!fe Happens,2011-06-18,2011,930000,30905,100,0.8822,5.4,154,en,"Comedy, Drama, Romance",3,False,False,Released
91073,Late Autumn,2011-02-17,2011,6200000,4820000,113,1.6678,6.7,71,ko,"Drama, Romance",2,False,False,Released
91078,Punch,2011-10-20,2011,4160000,34000000,110,1.7566,6.9,55,ko,"Drama, Comedy",2,False,False,Released
91088,The King of Pigs,2011-11-03,2011,130000,124068,97,1.6039,6.1,82,ko,"Animation, Thriller, Drama, Crime",4,False,False,Released
91314,Transformers: Age of Extinction,2014-06-25,2014,210000000,1104054072,165,11.0758,5.958,8696,en,"Science Fiction, Action, Adventure",3,True,False,Released
91550,Violet & Daisy,2011-09-15,2011,8000000,108139,88,1.9856,6.064,282,en,"Thriller, Crime, Drama, Action, Comedy",5,False,False,Released
91586,Insidious: Chapter 2,2013-09-12,2013,5000000,161921515,106,11.1147,6.7,4535,en,"Horror, Thriller",2,True,False,Released
91911,Behind the Burly Q,2010-04-23,2010,250000,23859,97,0.3154,4.9,12,en,"Documentary, History",2,False,False,Released
92182,Silent House,2011-01-21,2011,2000000,13101672,86,1.1871,5.4,446,en,"Horror, Mystery, Drama",3,False,False,Released
92493,Edwin Boyd: Citizen Gangster,2011-09-10,2011,5000000,625,105,1.1698,5.6,61,en,"Crime, Drama, History",3,False,False,Released
92591,Bernie,2012-04-27,2012,5000000,9206470,99,2.8569,6.6,1028,en,"Comedy, Crime, Drama",3,False,False,Released
93091,Crazy Eyes,2012-07-06,2012,10000000,6106,95,0.5411,4.2,16,en,"Drama, Comedy, Romance",3,False,False,Released
93188,Beloved,2011-08-17,2011,9980000,1662013,139,0.8121,6.1,86,fr,"Drama, Romance, Music",3,False,False,Released
93456,Despicable Me 2,2013-06-26,2013,76000000,970766005,98,10.5219,6.944,11949,en,"Animation, Comedy, Family",3,True,False,Released
93676,Someday This Pain Will Be Useful to You,2012-02-24,2012,8000000,532777,99,0.7265,5.5,126,en,"Drama, Comedy",2,False,False,Released
93828,Welcome to the Punch,2013-03-15,2013,8500000,3900000,99,2.5359,5.868,693,en,"Action, Adventure, Crime",3,False,False,Released
93837,So Undercover,2012-12-06,2012,15000000,2500000,94,1.9736,6.101,1155,en,"Action, Comedy",2,False,False,Released
93855,A Flat for Three,2012-03-02,2012,10495000,9303603,120,0.4381,5.95,212,it,"Comedy, Drama",2,False,False,Released
93856,Chernobyl Diaries,2012-05-24,2012,1000000,38390020,88,3.5954,5.3,1677,en,"Horror, Thriller",2,False,False,Released
94047,My Way,2011-12-21,2011,25500000,16653488,137,3.3584,7.897,442,ko,"Drama, Action, History, War",4,False,False,Released
94196,Zarafa,2012-01-25,2012,10750000,12197574,78,0.9892,6.8,122,fr,"Family, Animation",2,False,False,Released
94329,The Raid,2012-03-22,2012,1100000,9148519,101,5.9822,7.401,3820,id,"Action, Thriller, Crime",3,True,False,Released
94348,Alex Cross,2012-10-18,2012,45000000,30353232,101,2.5674,5.122,767,en,"Action, Thriller, Crime, Mystery",4,False,False,Released
94901,About Cherry,2012-02-14,2012,2500000,8315,102,2.589,4.6,312,en,Drama,1,False,False,Released
94904,7 Days in Havana,2012-04-05,2012,3800000,197911,129,1.024,5.6,113,es,Drama,1,False,False,Released
95610,Bridget Jones's Baby,2016-09-14,2016,35000000,211952420,123,5.204,6.408,3070,en,"Drama, Comedy, Romance",3,True,False,Released
96239,Zombadings 1: Patayin sa Shokot si Remington,2011-08-31,2011,22361,721651,96,0.1604,4.9,16,tl,"Comedy, Horror",2,False,False,Released
96399,Outlaws - For Greater Glory,2012-06-01,2012,12000000,10173682,145,2.6312,6.8,165,en,"History, Drama, Action, War",4,False,False,Released
96648,Asylum Blackout,2012-05-04,2012,500000,98201,85,0.9345,5.654,135,en,"Horror, Thriller",2,False,False,Released
96714,Diaz - Don't Clean Up This Blood,2012-04-13,2012,6453637,1800000,127,0.4729,7.148,433,it,"Drama, History",2,False,False,Released
96721,Rush,2013-09-02,2013,38000000,90200000,123,9.5951,7.735,7772,en,"Drama, Action",2,False,False,Released
96724,Anna Karenina,2012-09-06,2012,40600000,68929150,129,4.5981,6.706,2394,en,"Drama, Romance, History",3,False,False,Released
96936,The Bling Ring,2013-06-12,2013,15000000,19145732,90,2.5372,5.4,3134,en,"Drama, Crime",2,False,False,Released
97006,Temptation: Confessions of a Marriage Counselor,2013-03-29,2013,37000000,53143144,111,2.8056,6.6,191,en,Drama,1,False,False,Released
97020,RoboCop,2014-01-30,2014,120000000,242688965,118,7.7799,5.885,5819,en,"Action, Adventure, Crime, Science Fiction, Thriller",5,False,False,Released
97342,Vedam,2010-06-04,2010,3000000,9000000,141,0.8365,7.2,40,te,"Drama, Thriller",2,False,False,Released
97365,Rust and Bone,2012-05-17,2012,15400000,25762027,123,1.8664,7.2,1457,fr,"Drama, Romance",2,False,False,Released
97367,The Place Beyond the Pines,2013-03-20,2013,15000000,47135966,140,5.4362,7.0,5162,en,"Drama, Crime",2,False,False,Released
97370,Under the Skin,2014-03-14,2014,13300000,7229933,108,4.7815,6.144,3777,en,"Thriller, Science Fiction, Drama",3,False,False,Released
97430,The Man with the Iron Fists,2012-11-02,2012,15000000,20546518,96,3.3683,5.531,1205,en,Action,1,True,False,Released
97512,The Courier,2012-03-29,2012,15500000,58387,91,1.9042,4.84,131,en,"Action, Crime",2,False,False,Released
97614,Deadfall,2012-11-08,2012,12000000,1900000,95,3.4966,5.967,717,en,"Crime, Drama, Thriller",3,False,False,Released
97630,Zero Dark Thirty,2012-12-19,2012,40000000,132800000,157,5.9053,6.991,4858,en,"Thriller, Drama",2,False,False,Released
98203,Captive,2012-09-05,2012,11180,24591,120,0.9367,5.9,33,tl,"Drama, Thriller",2,False,False,Released
98339,The Samaritan,2012-03-02,2012,12000000,2521,90,1.234,5.457,222,en,Thriller,1,False,False,Released
98344,Warriors of the Rainbow: Seediq Bale - Part 1: The Sun Flag,2011-09-09,2011,25000000,29000000,144,1.8351,7.3,113,zh,"Drama, Action, History",3,True,False,Released
98357,Broken City,2013-01-18,2013,56000000,34737199,109,4.2592,5.953,1566,en,"Thriller, Crime, Drama",3,False,False,Released
98368,Ritual,2012-04-26,2012,200000,11575,87,0.766,5.6,113,en,"Horror, Mystery",2,False,False,Released
98529,New Perfect Two,2012-01-20,2012,8456800,5750000,100,0.7466,4.5,10,zh,"Drama, Family",2,False,False,Released
98548,People Like Us,2012-06-29,2012,16000000,12434778,114,3.5207,6.793,655,en,Drama,1,False,False,Released
98566,Teenage Mutant Ninja Turtles,2014-08-07,2014,125000000,485004754,101,8.3958,5.927,7154,en,"Science Fiction, Action, Adventure, Comedy",4,True,False,Released
98567,Chinese Zodiac,2012-12-20,2012,26000000,171339013,123,5.2716,6.2,880,cn,"Action, Adventure",2,True,False,Released
99770,Asterix & Obelix: God Save Britannia,2012-10-17,2012,61000000,61319383,110,2.8759,5.114,1397,fr,"Family, Adventure, Comedy",3,True,False,Released
99861,Avengers: Age of Ultron,2015-04-22,2015,235000000,1405403694,141,20.812,7.27,24306,en,"Action, Adventure, Science Fiction",3,True,False,Released
100042,Dumb and Dumber To,2014-11-12,2014,40000000,169837010,110,4.5042,5.57,3398,en,Comedy,1,True,False,Released
100241,"I, Frankenstein",2014-01-22,2014,65000000,76801179,92,4.674,5.377,2049,en,"Horror, Thriller",2,False,False,Released
100402,Captain America: The Winter Soldier,2014-03-20,2014,170000000,714766572,136,7.9224,7.652,19897,en,"Action, Adventure, Science Fiction",3,True,False,Released
100542,Vikingdom,2013-09-11,2013,15600000,747872,114,1.0604,4.2,81,en,Adventure,1,False,False,Released
100791,That Very Karloson!,2012-03-15,2012,4000000,9938268,80,1.1649,3.2,33,ru,"Comedy, Fantasy, Family",3,False,False,Released
101173,Coriolanus,2011-02-14,2011,7700000,1072602,123,2.8312,5.846,491,en,"Drama, Thriller",2,False,False,Released
101267,Katy Perry: Part of Me,2012-06-28,2012,12000000,32726956,93,1.7767,7.145,287,en,"Documentary, Music",2,False,False,Released
101299,The Hunger Games: Catching Fire,2013-11-15,2013,130000000,865011746,146,12.7086,7.4,18351,en,"Adventure, Action, Science Fiction",3,True,False,Released
101501,The Afflicted,2011-10-22,2011,180000,175742,85,0.3559,4.5,34,en,"Horror, Thriller",2,False,False,Released
101519,A Fantastic Fear of Everything,2012-06-07,2012,1500000,96948,100,0.7482,5.7,314,en,"Comedy, Thriller, Horror",3,False,False,Released
101669,Mother's Day,2010-09-23,2010,11000000,863000,112,2.8931,6.488,459,en,"Crime, Horror, Thriller",3,False,False,Released
102001,Like Someone in Love,2012-09-15,2012,4800000,562878,109,1.235,6.882,272,ja,Drama,1,False,False,Released
102197,The Spy,2012-04-05,2012,6000000,4588176,99,1.293,4.8,40,ru,"Action, Thriller",2,False,False,Released
102207,HOUBA! On the Trail of the Marsupilami,2012-04-03,2012,50000000,50100000,105,3.145,5.272,882,fr,"Family, Adventure, Comedy",3,False,False,Released
102362,Dead Man Down,2013-03-08,2013,30000000,19600000,118,4.6556,6.162,1547,en,"Thriller, Action, Crime, Drama",4,False,False,Released
102382,The Amazing Spider-Man 2,2014-04-16,2014,200000000,716934779,141,19.0444,6.532,14136,en,"Action, Adventure, Science Fiction",3,True,False,Released
102632,Rowdy Rathore,2012-06-01,2012,6700000,31000000,143,1.5543,5.903,108,hi,"Action, Comedy, Crime",3,False,False,Released
102651,Maleficent,2014-05-28,2014,180000000,758539785,97,12.3499,7.087,13665,en,"Fantasy, Adventure, Action, Family, Romance",5,True,False,Released
102780,Byzantium,2013-04-11,2013,10000000,89237,118,3.4177,6.291,954,en,"Drama, Fantasy, Thriller",3,False,False,Released
102784,Two Rabbits,2012-01-20,2012,2000000,1620436,108,0.3648,6.8,150,pt,"Action, Crime, Drama",3,False,False,Released
102899,Ant-Man,2015-07-14,2015,130000000,519311965,117,11.4038,7.065,20778,en,"Science Fiction, Adventure, Action",3,True,False,Released
103328,Holy Motors,2012-07-02,2012,4000000,641100,116,2.279,6.984,1253,fr,"Drama, Fantasy",2,False,False,Released
103332,Ruby Sparks,2012-07-25,2012,8000000,9368803,104,3.9203,7.119,1759,en,"Comedy, Romance, Fantasy, Drama",4,False,False,Released
103370,Madea's Witness Protection,2012-06-29,2012,20000000,66899242,114,2.1355,6.1,194,en,"Drama, Comedy, Crime",3,True,False,Released
103620,Maniac,2012-12-26,2012,6000000,2631275,89,3.5784,6.044,1018,en,"Horror, Thriller",2,False,False,Released
103663,The Hunt,2012-10-25,2012,3800000,18300000,116,5.8147,8.097,4713,da,Drama,1,False,False,Released
103686,Paradise: Love,2012-04-27,2012,3600000,24267,121,2.4477,6.693,223,de,Drama,1,True,False,Released
103731,Mud,2013-04-26,2013,10000000,32613173,130,4.9735,7.059,3039,en,Drama,1,False,False,Released
104711,Tom Sawyer,2011-11-17,2011,8500000,2963639,109,1.2087,6.0,54,de,"Adventure, Family",2,True,False,Released
104755,The Lords of Salem,2013-04-18,2013,1500000,1165882,101,1.6858,5.44,921,en,"Horror, Thriller",2,False,False,Released
105001,Iceman,2014-04-17,2014,25477000,26033917,104,2.7951,5.516,218,cn,"Action, Adventure, Science Fiction, Comedy, Fantasy",5,True,False,Released
105506,Grandmaster,2012-05-03,2012,120000,130000,130,0.7933,6.6,36,ml,"Thriller, Action",2,False,False,Released
105864,The Good Dinosaur,2015-11-14,2015,175000000,332207671,93,15.4536,6.736,5943,en,"Adventure, Animation, Family",3,False,False,Released
106135,Crooked Arrows,2012-05-18,2012,13000000,1832541,105,1.0904,6.2,45,en,Drama,1,False,False,Released
106646,The Wolf of Wall Street,2013-12-25,2013,100000000,407038432,180,26.395,8.0,25775,en,"Crime, Drama, Comedy",3,False,False,Released
106747,Machete Kills,2013-09-12,2013,20000000,17537186,108,3.4615,5.623,2029,en,"Action, Crime, Thriller",3,True,False,Released
106984,Summer Window,2011-11-03,2011,4100000,280408,96,0.3786,5.1,21,de,"Drama, Romance",2,False,False,Released
107227,23:59,2011-11-03,2011,600000,1208479,78,0.3943,4.8,47,zh,Horror,1,False,False,Released
107811,21 & Over,2013-03-01,2013,13000000,48065672,93,3.2752,5.82,1593,en,Comedy,1,False,False,Released
107846,Escape Plan,2013-10-09,2013,50000000,137328301,115,9.2084,6.721,5552,en,"Action, Thriller",2,True,False,Released
107985,The World's End,2013-07-18,2013,20000000,46100000,109,4.5938,6.809,5838,en,"Comedy, Action, Science Fiction",3,False,False,Released
109045,Firecrosser,2012-01-19,2012,2000000,174000,110,0.3104,6.0,12,uk,"Adventure, Drama",2,False,False,Released
109091,The Counselor,2013-10-25,2013,25000000,71009334,117,3.5996,5.292,1978,en,"Thriller, Crime, Drama",3,False,False,Released
109099,Passion,2013-02-13,2013,20000000,713616,101,1.6494,5.2,448,en,"Thriller, Drama, Crime, Mystery",4,False,False,Released
109410,42,2013-04-12,2013,40000000,95020213,128,6.467,7.191,1943,en,Drama,1,False,False,Released
109414,This Is the End,2013-06-12,2013,32000000,126041322,106,6.9032,6.236,6794,en,"Action, Comedy",2,False,False,Released
109417,Battle of the Year,2013-09-21,2013,20000000,16549477,110,2.2327,6.8,356,en,"Music, Drama",2,False,False,Released
109418,Grown Ups 2,2013-07-11,2013,80000000,247022278,101,9.5296,6.14,4632,en,Comedy,1,True,False,Released
109421,Side Effects,2013-02-07,2013,30000000,63414135,106,3.0073,6.613,3291,en,"Thriller, Crime, Drama",3,False,False,Released
109424,Captain Phillips,2013-10-10,2013,55000000,218791811,134,6.773,7.539,7436,en,"Action, Drama, Thriller",3,False,False,Released
109428,Evil Dead,2013-04-05,2013,17000000,99010045,91,9.8121,6.585,4974,en,Horror,1,False,False,Released
109431,Identity Thief,2013-02-07,2013,35000000,173965010,111,4.8413,5.85,3502,en,"Comedy, Crime",2,False,False,Released
109439,The Hangover Part III,2013-05-23,2013,103000000,362000072,100,8.7669,6.207,9186,en,Comedy,1,True,False,Released
109443,Anchorman 2: The Legend Continues,2013-12-18,2013,50000000,173700000,119,4.1786,6.143,2792,en,Comedy,1,True,False,Released
109445,Frozen,2013-11-20,2013,150000000,1274219009,102,18.9865,7.247,17500,en,"Animation, Family, Adventure, Fantasy",4,True,False,Released
109451,Cloudy with a Chance of Meatballs 2,2013-09-26,2013,78000000,248384621,95,7.096,6.455,3458,en,"Animation, Family, Comedy",3,True,False,Released
109491,Beautiful Creatures,2013-02-13,2013,60000000,60052138,124,3.5467,6.032,2933,en,"Fantasy, Drama, Romance",3,False,False,Released
109513,Hit & Run,2012-08-22,2012,2000000,14400000,100,2.1512,5.725,576,en,"Action, Comedy, Romance",3,False,False,Released
109729,The Canyons,2013-08-02,2013,250000,270185,99,1.6596,4.431,281,en,"Thriller, Drama",2,False,False,Released
109907,Hate Story,2012-04-20,2012,1300000,2300000,140,0.7015,5.163,43,hi,"Drama, Thriller",2,True,False,Released
110146,The Sapphires,2012-08-08,2012,9000000,20400000,103,1.7174,6.782,220,en,"Comedy, Drama",2,False,False,Released
110323,Thérèse,2012-05-27,2012,12700000,4408087,110,0.7698,5.786,112,fr,Drama,1,False,False,Released
110402,Hard to Be a God,2014-02-27,2014,7000000,1310673,177,1.3895,6.5,162,ru,"Drama, Science Fiction",2,False,False,Released
110415,Snowpiercer,2013-08-01,2013,39200000,86758912,127,9.8295,6.909,10361,ko,"Action, Science Fiction, Drama",3,False,False,Released
110428,Camille Claudel 1915,2013-03-13,2013,3512454,115860,95,0.0363,6.0,82,fr,"Drama, History",2,False,False,Released
111190,Adoration,2013-04-03,2013,16000000,1600000,100,5.6374,6.115,1028,en,Drama,1,False,False,Released
111237,White Tiger,2012-05-03,2012,11000000,7200000,105,1.5967,5.7,107,ru,"Action, Adventure, Fantasy, War",4,False,False,Released
111473,The Invisible Woman,2013-12-25,2013,12000000,3184853,111,2.7348,5.929,211,en,"Drama, History, Romance",3,False,False,Released
111479,CBGB,2013-10-11,2013,5000000,40400,101,2.2842,6.33,197,en,"Drama, Music",2,False,False,Released
111836,Gabbar Singh,2012-05-11,2012,7000000,16000000,153,0.4721,5.981,26,te,"Action, Comedy",2,True,False,Released
112205,The Family,2013-09-13,2013,30000000,36894225,111,5.0855,6.364,3095,en,"Crime, Comedy, Action",3,False,False,Released
112336,Hitchcock,2012-11-22,2012,15700000,27039669,98,3.9753,6.557,1627,en,Drama,1,False,False,Released
112936,Bol Bachchan,2012-07-06,2012,6300000,21000000,155,0.7108,5.6,74,hi,"Comedy, Action",2,False,False,Released
112937,The Oogieloves in the Big Balloon Adventure,2012-08-29,2012,20000000,1065907,87,0.4365,2.4,36,en,"Family, Comedy, Adventure, Fantasy",4,False,False,Released
112949,Safe Haven,2013-02-07,2013,28000000,97600000,115,3.9374,7.226,2405,en,"Romance, Thriller",2,False,False,Released
113947,The Sessions,2012-05-02,2012,1000000,9138338,95,3.1891,6.9,606,en,"Drama, Romance, Comedy",3,False,False,Released
114150,Pitch Perfect,2012-09-28,2012,17000000,115647426,112,7.1149,7.274,6838,en,"Comedy, Music, Romance",3,True,False,Released
114574,Bikini Spring Break,2012-06-26,2012,500000,500000,87,0.6997,3.6,52,en,Comedy,1,False,False,Released
114750,Dear White People,2014-10-17,2014,1300000,5403771,108,2.4527,6.097,478,en,"Comedy, Drama",2,False,False,Released
114903,Between Us,2012-03-30,2012,1,2755584,73,0.1477,6.4,19,es,Comedy,1,False,False,Released
115210,Stitches,2012-10-05,2012,100000,95000,86,2.0617,6.255,443,en,Horror,1,False,False,Released
115348,Paranoia,2013-08-14,2013,35000000,17056265,106,2.7624,5.727,906,en,"Drama, Thriller",2,False,False,Released
115782,Jobs,2013-08-15,2013,12000000,42100000,129,4.2982,6.124,2586,en,"Drama, History",2,False,False,Released
116149,Paddington,2014-11-24,2014,55000000,326113057,95,6.9211,7.119,4201,en,"Comedy, Adventure, Family",3,True,False,Released
116231,Another Woman's Life,2012-02-14,2012,6500000,3216359,97,0.514,6.2,88,fr,"Comedy, Drama, Romance",3,False,False,Released
116613,The Sweeney,2012-09-11,2012,3730500,6294161,112,1.9057,5.726,292,en,"Action, Crime",2,True,False,Released
116711,Epic,2013-05-15,2013,100000000,268426634,102,6.0304,6.549,2906,en,"Animation, Adventure, Family, Fantasy",4,False,False,Released
116741,The Internship,2013-06-07,2013,58000000,93500000,119,0.242,6.237,4456,en,Comedy,1,False,False,Released
116745,The Secret Life of Walter Mitty,2013-12-18,2013,90000000,188133322,114,9.2124,7.2,8192,en,"Adventure, Comedy, Drama, Fantasy",4,False,False,Released
116977,Foodfight!,2012-06-15,2012,65000000,73706,91,1.6458,1.9,152,en,"Adventure, Comedy, Animation, Family, Action",5,False,False,Released
117251,White House Down,2013-06-27,2013,150000000,205366737,131,7.4905,6.466,5067,en,"Action, Drama, Thriller",3,False,False,Released
117263,Olympus Has Fallen,2013-03-20,2013,70000000,170270201,120,8.5673,6.414,7029,en,"Action, Thriller",2,True,False,Released
117319,Vishwaroopam,2013-01-25,2013,17000000,51000000,147,0.9091,6.307,101,ta,"Action, Thriller",2,True,False,Released
117629,Yossi,2012-05-16,2012,500000,116207,84,1.0647,6.783,60,he,"Drama, Romance",2,True,False,Released
117691,Gangs of Wasseypur - Part 1,2012-06-22,2012,1400000,4100000,160,2.2334,7.063,429,hi,"Action, Thriller, Crime",3,True,False,Released
117784,Department,2012-05-18,2012,3200000,4800000,141,0.4989,6.1,10,hi,"Action, Thriller",2,False,False,Released
118051,Cocktail,2012-07-13,2012,5100000,18000000,146,1.0818,6.089,124,hi,"Romance, Drama, Comedy",3,False,False,Released
118289,Diana,2013-09-19,2013,15000000,21766271,113,1.5339,5.594,507,en,"Drama, Romance",2,False,False,Released
118340,Guardians of the Galaxy,2014-07-30,2014,170000000,772776600,121,9.381,7.904,29569,en,"Action, Science Fiction, Adventure",3,True,False,Released
118628,English Vinglish,2012-09-21,2012,2840000,11620000,134,1.5467,7.249,289,hi,"Comedy, Drama, Family",3,False,False,Released
118957,Bait,2012-09-05,2012,33492566,32500000,93,4.1158,5.651,802,en,Horror,1,False,False,Released
119123,Aaranya Kaandam,2011-06-10,2011,780000,1040344,126,0.948,7.5,41,ta,"Comedy, Action, Crime, Drama",4,False,False,Released
119283,Parker,2013-01-23,2013,35000000,46216641,118,6.1447,6.078,3242,en,"Action, Crime",2,False,False,Released
119441,"Hetalia: Axis Powers: Paint It, White!",2010-06-05,2010,250000,1950000,80,1.4426,6.5,40,ja,"Animation, History, Comedy",3,False,False,Released
119450,Dawn of the Planet of the Apes,2014-07-08,2014,170000000,710644566,130,12.236,7.337,12167,en,"Science Fiction, Action, Drama, Thriller",4,True,False,Released
119675,Behind the Candelabra,2013-05-26,2013,23000000,15600000,118,2.9424,6.598,825,en,"Drama, Romance",2,False,False,Released
119738,Thunderstruck,2012-08-24,2012,587211,587211,94,2.9617,6.126,246,en,"Comedy, Family",2,False,False,Released
119892,The Monkey King,2014-01-09,2014,82000000,182206924,119,4.707,5.637,234,zh,"Action, Adventure, Family, Fantasy",4,True,False,Released
120467,The Grand Budapest Hotel,2014-02-26,2014,30000000,174600318,100,9.9032,8.03,15984,en,"Comedy, Drama",2,False,False,Released
121286,Buona giornata,2012-03-30,2012,3500000,2900000,88,0.4533,5.0,158,it,Comedy,1,False,False,Released
121640,Zaytoun,2012-10-14,2012,8000000,42330,107,0.6774,6.3,33,en,"Drama, War, Adventure, Thriller",4,False,False,Released
121642,Twice Born,2012-09-13,2012,13000000,18295,127,1.3423,7.274,469,it,"Drama, Romance, War",3,False,False,Released
121677,The Reluctant Fundamentalist,2013-04-24,2013,15000000,2200000,130,2.1391,6.585,236,en,Thriller,1,False,False,Released
121734,"Tad, the Lost Explorer",2012-08-10,2012,10500000,23000000,92,1.9748,6.288,606,es,"Animation, Comedy, Adventure, Family",4,True,False,Released
121824,Stand Up Guys,2012-12-14,2012,15000000,5100000,95,2.5668,6.024,1004,en,"Thriller, Comedy, Action, Crime",4,False,False,Released
121826,Quartet,2012-12-26,2012,11000000,59520298,98,2.6391,6.492,385,en,"Drama, Comedy, Romance",3,False,False,Released
121835,Lore,2012-09-20,2012,4000000,970000,109,1.1733,6.772,311,de,"Drama, War, Thriller",3,False,False,Released
121856,Assassin's Creed,2016-12-21,2016,125000000,240700000,116,4.8662,5.433,8085,en,"Action, Adventure, Science Fiction",3,False,False,Released
121998,It Was the Son,2012-09-01,2012,2100000,1073326,90,0.808,6.9,79,it,"Comedy, Crime, Drama",3,False,False,Released
122081,Spring Breakers,2013-03-06,2013,5000000,32016127,94,6.1471,5.256,4017,en,"Drama, Crime",2,False,False,Released
122089,Something in the Air,2012-11-14,2012,6800000,1305473,122,1.1931,5.9,96,fr,"Romance, Drama",2,False,False,Released
122857,Universal Soldier: Day of Reckoning,2012-10-04,2012,11500000,113706000,114,2.2838,5.557,479,en,"Action, Science Fiction, Thriller",3,True,False,Released
122906,About Time,2013-09-04,2013,12000000,87100449,123,9.351,7.906,9197,en,"Drama, Romance, Fantasy",3,False,False,Released
122917,The Hobbit: The Battle of the Five Armies,2014-12-10,2014,250000000,956019788,144,19.6222,7.3,15262,en,"Action, Adventure, Fantasy",3,True,False,Released
123103,Aftershock,2012-09-12,2012,2000000,58510,89,1.4172,5.161,357,es,"Horror, Thriller",2,False,False,Released
123105,The Bay,2012-09-13,2012,2000000,1581252,85,2.103,5.788,858,en,"Horror, Science Fiction, Thriller",3,False,False,Released
123109,No One Lives,2013-03-09,2013,2900000,74918,87,3.1352,5.99,688,en,"Horror, Thriller",2,False,False,Released
123377,Pieta,2012-09-06,2012,103000,6616296,104,1.9311,7.1,413,ko,Drama,1,False,False,Released
123553,The Mortal Instruments: City of Bones,2013-08-21,2013,60000000,95396573,130,8.7079,6.428,4625,en,"Fantasy, Action, Mystery",3,False,False,Released
123678,The Act of Killing,2012-11-08,2012,1000000,722714,159,1.9566,7.659,750,da,"Documentary, History",2,False,False,Released
124093,Jism 2,2012-08-03,2012,2006871,7040609,132,1.0595,4.13,27,hi,Thriller,1,True,False,Released
124459,The Incredible Burt Wonderstone,2013-03-14,2013,30000000,27437881,100,3.3562,5.721,1520,en,Comedy,1,False,False,Released
124461,A Glimpse Inside the Mind of Charles Swan III,2013-02-08,2013,12000000,210565,86,0.9237,4.2,105,en,"Comedy, Drama",2,False,False,Released
124905,Godzilla,2014-05-14,2014,160000000,524978362,123,11.1712,6.353,9715,en,"Action, Drama, Science Fiction",3,True,False,Released
125490,Antiviral,2012-09-19,2012,3500000,123407,110,1.7489,5.98,435,en,"Science Fiction, Horror",2,False,False,Released
126250,Love Is All You Need,2012-09-06,2012,5500000,16722143,116,1.3391,5.981,296,da,"Comedy, Romance, Drama",3,False,False,Released
126319,Ernest & Celestine,2012-12-12,2012,12500000,8170333,80,1.6163,7.734,679,fr,"Animation, Family, Crime, Drama, Comedy",5,True,False,Released
126337,Unconditional,2012-09-21,2012,2000000,1034448,92,2.0409,6.6,77,en,Drama,1,False,False,Released
126400,Gangs of Wasseypur - Part 2,2012-08-08,2012,1670000,4900000,160,1.8237,7.764,104,hi,"Crime, Thriller, Action",3,True,False,Released
126509,2016: Obama's America,2012-07-13,2012,2500000,33449086,88,0.5185,4.0,54,en,Documentary,1,False,False,Released
126889,Alien: Covenant,2017-05-09,2017,97000000,240891763,122,10.581,6.174,9358,en,"Horror, Science Fiction",2,True,False,Released
127373,What Maisie Knew,2013-05-02,2013,6000000,2711379,99,2.2522,7.114,443,en,Drama,1,False,False,Released
127380,Finding Dory,2016-06-16,2016,200000000,1029266989,97,6.7823,7.039,12611,en,"Adventure, Animation, Family",3,True,False,Released
127493,Stolen,2012-09-06,2012,35000000,2106557,96,2.6593,5.485,1107,en,"Action, Crime, Thriller",3,False,False,Released
127498,Raaz 3,2012-09-07,2012,3600000,14000000,139,0.8075,5.095,42,hi,"Horror, Thriller",2,True,False,Released
127501,Barfi!,2012-09-13,2012,4437508,2804874,151,1.9576,7.607,365,hi,"Drama, Romance, Comedy",3,False,False,Released
127517,Disconnect,2013-04-12,2013,10000000,3428048,116,3.4676,7.059,1208,en,"Drama, Thriller",2,False,False,Released
127560,The Railway Man,2013-12-02,2013,18000000,24174885,116,3.0342,6.839,778,en,"Drama, History",2,False,False,Released
127585,X-Men: Days of Future Past,2014-05-15,2014,250000000,748045700,132,10.732,7.5,16172,en,"Action, Adventure, Science Fiction",3,True,False,Released
127880,Clandestine Childhood,2012-09-16,2012,1009653,1212354,112,0.6753,6.885,61,es,Drama,1,False,False,Released
128206,Shahid,2013-10-18,2013,970000,6100000,129,0.6219,7.25,72,hi,"Drama, Crime",2,False,False,Released
128270,Not Fade Away,2012-12-21,2012,20000000,610792,112,0.8715,5.4,72,en,Drama,1,False,False,Released
129088,22 Female Kottayam,2012-04-13,2012,400000,500000,122,0.3983,7.3,32,ml,"Crime, Drama, Romance, Thriller",4,False,False,Released
129139,The To Do List,2013-07-24,2013,1500000,3566225,104,2.3221,5.769,1087,en,"Comedy, Romance",2,False,False,Released
129439,Bachelor Party,2012-07-15,2012,1950000,2000000,119,0.473,5.5,11,ml,"Action, Comedy, Crime",3,False,False,Released
129441,Ordinary,2012-03-17,2012,453500,3260000,146,0.335,6.4,23,ml,"Comedy, Romance",2,False,False,Released
129670,Nebraska,2013-09-21,2013,12000000,27700000,115,2.7659,7.5,1899,en,"Drama, Adventure",2,False,False,Released
129850,The Bullet Vanishes,2012-08-14,2012,12000000,1528580,108,2.1604,6.3,79,zh,"Action, Mystery",2,True,False,Released
130150,Labor Day,2013-12-27,2013,18000000,20275812,111,4.0915,7.046,1318,en,"Drama, Romance, Thriller",3,False,False,Released
130264,The Horde,2012-01-13,2012,12000000,2943372,129,1.2656,5.6,34,ru,"History, Drama",2,False,False,Released
130739,A Coffee in Berlin,2012-11-01,2012,300000,2750275,88,1.2885,7.194,350,de,"Drama, Comedy",2,False,False,Released
131631,The Hunger Games: Mockingjay - Part 1,2014-11-19,2014,125000000,755356711,123,15.4499,6.816,16658,en,"Science Fiction, Adventure, Thriller",3,True,False,Released
131634,The Hunger Games: Mockingjay - Part 2,2015-11-18,2015,160000000,653428261,137,10.5545,6.9,13270,en,"Action, Adventure, Science Fiction",3,True,False,Released
131978,Suave Patria,2012-09-07,2012,2000000,3423685,92,0.7723,6.2,62,es,Comedy,1,False,False,Released
132232,Mama,2013-01-17,2013,15000000,146428180,100,7.6408,6.288,4388,en,Horror,1,False,False,Released
132316,Jab Tak Hai Jaan,2012-11-13,2012,6087315,27942181,176,1.8694,7.033,285,hi,"Drama, Romance",2,False,False,Released
132344,Before Midnight,2013-04-05,2013,3000000,11176469,109,3.4347,7.497,2681,en,"Romance, Drama",2,True,False,Released
132363,The Butler,2013-08-16,2013,25000000,177313795,132,4.9908,7.329,3012,en,Drama,1,False,False,Released
132759,Soulless,2012-10-04,2012,2800000,13218980,100,0.9218,5.7,91,ru,"Comedy, Drama",2,True,False,Released
133441,The Summit,2013-10-04,2013,1000000,243550,95,1.0165,6.8,103,en,"Adventure, Documentary, Drama",3,False,False,Released
133463,Redd Inc.,2012-11-03,2012,500000,1000000,93,0.7313,5.429,91,en,"Thriller, Horror, Comedy",3,False,False,Released
133694,Promised Land,2012-09-23,2012,15000000,8100000,106,2.5043,6.289,741,en,Drama,1,False,False,Released
133805,Carrie,2013-10-16,2013,30000000,84790678,101,5.1196,6.047,4701,en,"Drama, Horror",2,False,False,Released
134126,A Company Man,2012-10-11,2012,3500000,7339398,96,2.364,6.832,199,ko,"Drama, Action, Crime, Thriller",4,False,False,Released
134303,Mallu Singh,2012-05-04,2012,1300000,1530000,120,0.4368,4.9,12,ml,"Action, Comedy",2,False,False,Released
134371,Atlas Shrugged: Part II,2012-10-12,2012,10000000,3336053,112,1.1234,5.3,143,en,"Drama, Science Fiction, Mystery",3,True,False,Released
134374,Pain & Gain,2013-04-18,2013,25000000,87305549,130,5.2407,6.3,4783,en,"Comedy, Crime, Action",3,False,False,Released
134380,The Mistress,2012-09-21,2012,22361,5876918,125,0.4644,5.0,11,tl,"Romance, Drama",2,False,False,Released
134411,Snitch,2013-02-21,2013,35000000,42930462,112,6.045,6.123,2476,en,Action,1,False,False,Released
135397,Jurassic World,2015-06-06,2015,150000000,1671537444,124,11.7892,6.7,21484,en,"Adventure, Science Fiction",2,True,False,Released
135718,OMG: Oh My God!,2012-09-28,2012,2500000,19000000,125,1.6524,7.24,286,hi,"Comedy, Drama",2,True,False,Released
136087,The Giant King,2012-10-04,2012,2723311,1424291,100,0.7087,6.2,12,th,"Animation, Fantasy, Comedy, Adventure, Science Fiction",5,False,False,Released
136400,2 Guns,2013-08-02,2013,61000000,131940411,109,5.5433,6.54,4465,en,"Action, Comedy, Crime",3,False,False,Released
136418,Hummingbird,2013-05-07,2013,20000000,8352885,100,6.3606,6.176,1848,en,"Action, Thriller",2,False,False,Released
136619,Pinocchio,2012-10-05,2012,8000000,2787008,84,0.6259,5.9,33,it,"Animation, Family, Fantasy",3,False,False,Released
136795,The Heat,2013-06-27,2013,43000000,229930771,117,6.2603,6.593,4148,en,"Action, Comedy, Crime",3,False,False,Released
136797,Need for Speed,2014-03-12,2014,66000000,203277636,132,6.4954,6.432,4671,en,"Action, Crime, Drama, Thriller",4,False,False,Released
136799,Trolls,2016-10-13,2016,125000000,347337803,92,8.1895,6.628,3800,en,"Family, Animation, Fantasy, Adventure, Comedy, Music",6,True,False,Released
136835,No Good Deed,2014-09-10,2014,13200000,53830415,84,5.0745,5.946,676,en,"Crime, Thriller",2,False,False,Released
137093,Last Vegas,2013-10-31,2013,28000000,134400000,105,5.2949,6.401,2255,en,Comedy,1,False,False,Released
137094,Jack Ryan: Shadow Recruit,2014-01-15,2014,60000000,135500000,105,5.9256,6.122,3057,en,"Action, Drama, Thriller",3,False,False,Released
137106,The Lego Movie,2014-02-06,2014,60000000,470759687,100,8.5323,7.421,8402,en,"Animation, Family, Adventure, Comedy, Fantasy",5,True,False,Released
137113,Edge of Tomorrow,2014-05-27,2014,178000000,370541256,114,11.3435,7.637,14951,en,"Action, Science Fiction",2,False,False,Released
137116,Smurfs: The Lost Village,2017-03-23,2017,60000000,197183546,89,5.6912,6.349,1549,en,"Family, Comedy, Adventure, Animation",4,False,False,Released
137180,Aiyyaa,2012-10-12,2012,1200000,2500000,146,0.9442,4.7,31,hi,"Romance, Comedy",2,False,False,Released
137321,Winter's Tale,2014-02-13,2014,60000000,30800231,118,4.5564,6.259,1407,en,"Drama, Fantasy, Mystery, Romance",4,False,False,Released
137366,Led Zeppelin: Celebration Day,2012-10-17,2012,1000000,10000000,124,1.2529,8.1,54,en,Music,1,False,False,Released
137548,Gladiators of Rome,2012-10-18,2012,40000000,10079201,94,0.9275,5.7,150,it,"Animation, Family",2,False,False,Released
137698,The Dance of Reality,2013-06-19,2013,3000000,558636,130,0.6728,7.177,206,es,"Drama, Fantasy",2,False,False,Released
138103,The Expendables 3,2014-08-07,2014,95000000,214657577,126,9.8097,6.204,5310,en,"Action, Adventure, Thriller",3,True,False,Released
138122,Student Of The Year,2012-10-19,2012,8391922,13749809,146,1.5677,5.792,190,hi,"Comedy, Drama, Romance",3,True,False,Released
138222,Best Man Down,2012-10-20,2012,1500000,1938,90,1.7062,6.661,202,en,"Comedy, Drama",2,False,False,Released
138370,Luv Shuv Tey Chicken Khurana,2012-11-02,2012,460000,1600000,140,0.5407,6.333,18,hi,Comedy,1,False,False,Released
138832,We're the Millers,2013-08-07,2013,37000000,270000000,110,8.7094,6.84,9404,en,"Comedy, Crime",2,False,False,Released
138843,The Conjuring,2013-07-18,2013,13000000,321293998,112,18.5455,7.536,12631,en,"Horror, Thriller",2,True,False,Released
139038,A Haunted House,2013-01-11,2013,2500000,60141683,86,7.4851,5.946,2036,en,"Comedy, Horror",2,True,False,Released
139357,Pizza,2012-10-19,2012,240000,2800000,127,0.5853,6.9,79,ta,"Thriller, Comedy, Romance, Horror",4,True,False,Released
139380,Nativity 2: Danger in the Manger!,2012-11-23,2012,4095000,14433981,105,0.6222,5.5,108,en,"Comedy, Family",2,True,False,Released
139455,Silent Night,2012-11-30,2012,5000000,130781,94,1.4078,5.176,330,en,"Comedy, Horror, Thriller, Mystery",4,False,False,Released
139521,Matru Ki Bijlee Ka Mandola,2013-01-10,2013,6500000,8100000,151,0.9883,5.593,43,hi,"Comedy, Drama",2,False,False,Released
139567,Fire with Fire,2012-08-31,2012,20000000,2500277,97,3.3896,5.668,725,en,"Action, Crime, Drama, Thriller",4,False,False,Released
139900,The Apostle,2012-10-31,2012,7648160,59810,84,0.7866,7.3,57,gl,"Animation, Mystery, Horror",3,False,False,Released
139948,Burn,2012-11-01,2012,225000,111300,86,0.4895,7.4,24,en,Documentary,1,False,False,Released
140300,Kung Fu Panda 3,2016-01-23,2016,145000000,521170825,95,10.3841,6.921,6540,en,"Animation, Action, Adventure, Comedy, Family",5,True,False,Released
140607,Star Wars: The Force Awakens,2015-12-15,2015,245000000,2068223624,136,12.5215,7.25,20448,en,"Adventure, Action, Science Fiction",3,True,False,Released
140818,Ragnarok,2013-10-04,2013,6500000,3721345,93,1.6189,5.7,239,no,"Action, Adventure",2,False,False,Released
140823,Saving Mr. Banks,2013-11-29,2013,35000000,112544580,126,3.1901,7.337,3477,en,"Comedy, Drama, History",3,False,False,Released
140870,Minuscule: Valley of the Lost Ants,2013-11-17,2013,19700000,30000000,89,1.4908,6.977,472,fr,"Animation, Adventure, Family",3,True,False,Released
140896,Son of Sardaar,2012-11-13,2012,4300000,2200000,141,0.9701,4.597,67,hi,"Action, Comedy, Romance",3,True,False,Released
141052,Justice League,2017-11-15,2017,300000000,661326987,120,10.8776,6.071,13612,en,"Action, Adventure, Science Fiction",3,False,False,Released
141289,Pokkiri Raja,2010-05-07,2010,1260000,4700000,136,0.7516,5.3,19,ml,Action,1,True,False,Released
141520,Rita's Last Fairy Tale,2012-10-18,2012,200000,486937,100,0.3068,5.9,22,ru,"Drama, Fantasy, Mystery",3,False,False,Released
141581,Nous York,2012-11-06,2012,5900000,5189055,98,0.77,4.743,251,fr,"Adventure, Comedy, Drama, Romance",4,False,False,Released
142487,The Precocious and Brief Life of Sabina Rivas,2012-11-09,2012,4620000,2395000,115,1.0774,7.1,119,es,Drama,1,False,False,Released
142948,Traffic,2011-01-07,2011,567000,2930000,122,0.5384,6.9,38,ml,Thriller,1,False,False,Released
143010,Thuppakki,2012-11-13,2012,11000000,23000000,170,1.3011,7.301,113,ta,"Action, Thriller",2,False,False,Released
144336,Sabotage,2014-03-28,2014,35000000,22126842,110,4.1311,5.613,1513,en,"Action, Drama, Thriller, Crime",4,False,False,Released
144340,Admission,2013-03-21,2013,13000000,18637201,107,1.8137,5.609,646,en,"Comedy, Drama, Romance",3,False,False,Released
144752,Tango Libre,2012-11-28,2012,3990000,612377,98,0.4539,5.6,27,fr,"Drama, Romance, Music",3,False,False,Released
144789,I'm So Excited!,2013-03-08,2013,5000000,11724119,90,1.3153,5.706,715,es,Comedy,1,False,False,Released
145135,Dark Skies,2013-02-21,2013,3500000,27858103,97,3.5204,6.338,1920,en,"Science Fiction, Thriller, Horror",3,False,False,Released
145197,Upstream Color,2013-04-05,2013,100000,444098,96,1.9747,6.34,803,en,"Drama, Science Fiction",2,False,False,Released
145220,Muppets Most Wanted,2014-03-20,2014,50000000,80400000,107,3.901,6.3,890,en,"Comedy, Adventure, Crime, Family",4,True,False,Released
145247,The 100 Year-Old Man Who Climbed Out the Window and Disappeared,2013-12-25,2013,9250000,51167572,115,1.6338,6.82,1008,sv,"Adventure, Comedy, Drama",3,True,False,Released
146198,Triple 9,2016-02-19,2016,20000000,12600000,115,3.505,5.985,2262,en,"Action, Crime, Adventure, Thriller",4,False,False,Released
146203,The Last Exorcism Part II,2013-02-28,2013,5000000,15200000,88,1.807,4.682,600,en,"Horror, Thriller",2,True,False,Released
146216,RED 2,2013-07-18,2013,84000000,148075565,116,5.8062,6.532,4296,en,"Action, Comedy, Crime, Thriller",4,True,False,Released
146227,Getaway,2013-08-29,2013,18000000,10501938,90,2.3003,5.029,663,en,"Action, Crime",2,False,False,Released
146233,Prisoners,2013-09-19,2013,46000000,122127446,153,11.8137,8.103,12951,en,"Drama, Thriller, Crime",3,False,False,Released
146238,Runner Runner,2013-09-24,2013,30000000,62600000,88,2.5867,5.63,1318,en,"Crime, Thriller, Drama",3,False,False,Released
146239,Delivery Man,2013-10-10,2013,26000000,51164106,105,2.8993,6.248,1578,en,Comedy,1,False,False,Released
146301,Paranormal Activity: The Ghost Dimension,2015-10-21,2015,10000000,78903124,87,3.1932,5.301,1460,en,"Horror, Thriller",2,True,False,Released
146304,The Best Man Holiday,2013-11-15,2013,17000000,71625195,123,2.5818,6.5,278,en,Comedy,1,True,False,Released
146381,Justin and the Knights of Valour,2013-08-09,2013,22000000,19799759,90,2.6903,5.903,330,en,"Animation, Adventure",2,False,False,Released
146582,Naduvula Konjam Pakkatha Kaanom,2012-11-30,2012,120000,885000,161,0.4062,7.4,32,ta,"Comedy, Drama",2,False,False,Released
147441,Exodus: Gods and Kings,2014-12-03,2014,140000000,268031828,150,7.7952,5.881,4824,en,"Adventure, Drama, Action",3,False,False,Released
147773,The Way Way Back,2013-06-06,2013,4600000,23198652,103,3.0225,7.139,1921,en,"Comedy, Drama",2,False,False,Released
147868,The Worst Christmas of My Life,2012-12-22,2012,6843500,10703234,86,0.371,5.9,537,it,Comedy,1,True,False,Released
148265,Eega,2012-07-05,2012,5990000,19450000,145,1.4792,7.082,244,te,"Fantasy, Action",2,False,False,Released
148284,Enthiran,2010-10-01,2010,26400000,62000000,176,2.4101,6.6,246,ta,"Action, Science Fiction, Adventure",3,True,False,Released
149087,Turning Tide,2013-11-06,2013,1700000,7029858,97,0.8262,6.23,236,fr,"Adventure, Drama",2,False,False,Released
149101,King of Katoren,2012-12-05,2012,6731770,1850000,120,0.2847,7.6,12,nl,"Family, Adventure",2,False,False,Released
149427,Journey to the Christmas Star,2012-11-09,2012,5000000,7419431,80,0.7918,6.0,188,no,"Fantasy, Adventure, Family",3,False,False,Released
149798,Legatee,2012-11-29,2012,6500000,6969292,102,0.7486,2.8,30,ru,"Action, Crime",2,False,False,Released
149870,The Wind Rises,2013-07-20,2013,30000000,117932401,126,5.7119,7.793,3339,ja,"Animation, Drama, History, Romance",4,False,False,Released
149871,The Tale of The Princess Kaguya,2013-11-23,2013,49300000,24366656,137,5.5771,8.096,1966,ja,"Animation, Drama, Fantasy",3,False,False,Released
150117,I Give It a Year,2013-02-08,2013,13000000,29200000,97,2.3499,5.526,789,en,"Comedy, Romance",2,False,False,Released
150202,The Haunting in Connecticut 2: Ghosts of Georgia,2013-02-01,2013,8000000,5127434,101,2.5963,5.819,556,en,"Horror, Drama, Thriller",3,True,False,Released
150540,Inside Out,2015-06-17,2015,175000000,857611174,95,21.4368,7.909,23356,en,"Animation, Family, Adventure, Drama, Comedy",5,True,False,Released
150689,Cinderella,2015-03-06,2015,95000000,543514353,105,15.1661,6.822,7366,en,"Romance, Fantasy, Family, Drama",4,False,False,Released
151321,Best Actor,2010-12-09,2010,700000,3890000,155,0.4898,6.2,19,ml,"Comedy, Family",2,False,False,Released
151363,Ethir Neechal,2013-05-01,2013,700000,4200000,134,0.564,6.5,27,ta,"Romance, Comedy",2,False,False,Released
151368,Open Windows,2014-07-04,2014,4000000,100000,101,1.5455,5.1,479,en,"Thriller, Action, Crime",3,False,False,Released
151708,Colosio,2012-06-08,2012,4615385,4346138,100,0.7898,7.0,41,es,"Crime, Drama, Thriller",3,False,False,Released
151743,Lost in Thailand,2012-12-12,2012,2200000,208000000,105,1.9203,6.434,136,zh,"Comedy, Adventure, Drama",3,True,False,Released
151960,Planes,2013-08-09,2013,50000000,219788712,91,5.0207,5.93,1810,en,"Animation, Family, Adventure, Comedy",4,True,False,Released
152259,Phantom,2013-01-03,2013,10000000,1197759,99,2.7822,5.863,343,en,Thriller,1,False,False,Released
152532,Dallas Buyers Club,2013-11-01,2013,5000000,55736588,117,6.3581,7.9,9026,en,"Drama, History",2,False,False,Released
152584,Blue Is the Warmest Color,2013-10-09,2013,4300000,19796489,180,3.7082,7.1,4841,fr,"Romance, Drama",2,False,False,Released
152599,The Immigrant,2013-11-27,2013,16000000,5867686,117,3.3881,6.3,872,en,"Drama, Romance",2,False,False,Released
152601,Her,2013-12-18,2013,23000000,47351251,126,15.6794,7.84,15222,en,"Romance, Science Fiction, Drama",3,False,False,Released
152603,Only Lovers Left Alive,2013-12-12,2013,7000000,8213623,123,2.9838,7.202,2380,en,"Drama, Romance, Fantasy",3,False,False,Released
152620,Sevenes,2011-08-31,2011,1000000,2000000,150,0.4443,5.0,10,ml,"Action, Crime",2,False,False,Released
152737,August: Osage County,2013-12-26,2013,25000000,74188937,121,4.081,6.858,1583,en,"Comedy, Drama",2,False,False,Released
152742,The Best Offer,2013-01-01,2013,13500000,19255873,131,2.8662,7.806,3043,it,"Drama, Romance, Crime",3,False,False,Released
152747,All Is Lost,2013-08-23,2013,9000000,6108720,106,3.31,6.6,1741,en,"Action, Adventure, Drama",3,False,False,Released
152748,Ain't Them Bodies Saints,2013-07-03,2013,4000000,1031243,96,2.0192,6.1,457,en,"Crime, Drama, Romance, Western",4,False,False,Released
152760,The Monuments Men,2014-01-24,2014,70000000,154984035,118,5.7786,6.06,3793,en,"War, Drama, History, Action",4,False,False,Released
152780,The Past,2013-05-17,2013,11000000,10631747,130,1.6073,7.236,611,fr,"Drama, Mystery",2,False,False,Released
153158,Underdogs,2013-07-18,2013,21000000,32768940,107,4.1289,6.983,547,es,"Animation, Adventure, Romance",3,False,False,Released
153518,The Angry Birds Movie,2016-05-11,2016,73000000,349779543,97,9.532,6.256,3956,en,"Animation, Adventure, Comedy, Family",4,True,False,Released
153795,Straight A's,2013-01-16,2013,2000000,61669,89,0.92,5.187,139,en,"Comedy, Drama",2,False,False,Released
154366,Husbands in Goa,2012-09-21,2012,500000,1550000,150,0.4262,4.3,11,ml,Comedy,1,False,False,Released
154400,The Drop,2014-09-12,2014,12600000,19054534,106,7.6057,6.83,2404,en,"Drama, Crime",2,False,False,Released
155084,13 Sins,2014-04-11,2014,5000000,13809,93,3.7693,6.319,1195,en,"Horror, Thriller",2,False,False,Released
156022,The Equalizer,2014-09-24,2014,55000000,192330738,132,19.4564,7.284,9870,en,"Thriller, Action, Crime",3,True,False,Released
156700,The Kings of Summer,2013-01-19,2013,1500000,1400000,95,2.8121,7.0,1221,en,"Comedy, Drama",2,False,False,Released
156711,Austenland,2013-08-15,2013,4900000,2159041,97,1.6622,6.367,482,en,"Comedy, Romance",2,False,False,Released
157099,Better Living Through Chemistry,2014-03-14,2014,5000000,75143,91,2.4461,5.9,315,en,"Drama, Comedy",2,False,False,Released
157336,Interstellar,2014-11-05,2014,165000000,746606706,169,59.15,8.47,39472,en,"Adventure, Drama, Science Fiction",3,False,False,Released
157350,Divergent,2014-03-14,2014,85000000,288885818,140,10.769,6.904,13404,en,"Action, Adventure, Science Fiction",3,True,False,Released
157351,The Truth About Emanuel,2013-04-26,2013,1300000,4404,96,3.2243,5.961,294,en,"Drama, Thriller",2,False,False,Released
157353,Transcendence,2014-04-16,2014,100000000,103039258,119,5.4387,6.069,5771,en,"Thriller, Science Fiction, Drama, Mystery",4,False,False,Released
157354,Fruitvale Station,2013-07-26,2013,900000,17600000,82,2.7565,7.356,1416,en,Drama,1,False,False,Released
157360,In a World...,2013-08-09,2013,1000000,2963902,93,2.3697,6.341,563,en,Comedy,1,False,False,Released
157370,Kill Your Darlings,2013-10-16,2013,5600000,1600000,103,3.1269,7.029,1402,en,"Drama, Romance, Thriller",3,False,False,Released
157384,Mother of George,2013-08-26,2013,750000,157937,106,0.265,5.3,31,en,Drama,1,False,False,Released
157386,The Spectacular Now,2013-08-02,2013,2500000,6854611,95,3.6498,6.679,3003,en,"Comedy, Drama, Romance",3,False,False,Released
157433,Pet Sematary,2019-04-04,2019,21000000,113118226,101,5.3034,5.746,3411,en,Horror,1,True,False,Released
157544,The Vatican Tapes,2015-07-23,2015,13000000,1784763,91,2.4369,5.354,818,en,"Thriller, Horror",2,False,False,Released
157547,Oculus,2014-04-03,2014,5000000,44459951,104,4.0957,6.499,3161,en,Horror,1,False,False,Released
157820,Mood Indigo,2013-01-10,2013,16040770,10435322,131,1.0409,6.131,650,fr,"Drama, Fantasy",2,False,False,Released
157827,Louder Than Bombs,2015-10-01,2015,11000000,1400000,105,2.581,6.472,374,en,Drama,1,False,False,Released
157829,The Disappearance of Eleanor Rigby: Them,2014-05-14,2014,3000000,1448076,119,1.6074,6.156,308,en,Drama,1,True,False,Released
157834,The Zero Theorem,2013-09-20,2013,8500000,770706,107,1.9042,6.081,1326,en,"Drama, Fantasy, Science Fiction",3,False,False,Released
157841,The Young and Prodigious T.S. Spivet,2013-10-16,2013,33000000,9494789,105,3.2985,6.875,883,en,"Adventure, Drama, Family",3,False,False,Released
157843,Queen of the Desert,2015-09-03,2015,15000000,1592853,128,2.5667,5.879,303,en,"Drama, Adventure, History",3,False,False,Released
157845,The Rover,2014-06-04,2014,12250000,2510007,103,3.0445,6.273,1041,en,"Crime, Drama",2,False,False,Released
157847,Joe,2014-04-11,2014,4000000,2431443,118,2.2802,6.527,1026,en,Drama,1,False,False,Released
157849,A Most Wanted Man,2014-07-25,2014,15000000,31554855,121,2.2605,6.474,1470,en,Thriller,1,False,False,Released
157851,Maps to the Stars,2014-05-21,2014,15000000,4510000,112,2.3919,6.185,1140,en,Drama,1,False,False,Released
158011,The Call,2013-03-14,2013,13000000,68572378,96,6.4822,6.793,3049,en,"Crime, Thriller",2,False,False,Released
158015,The Purge,2013-05-31,2013,3000000,91266581,85,8.7272,6.25,8798,en,"Science Fiction, Horror, Thriller",3,True,False,Released
158426,Collision,2013-01-30,2013,7700000,467282,101,1.1987,5.7,106,en,"Action, Thriller, Romance",3,False,False,Released
158752,Escape from Tomorrow,2013-10-11,2013,650000,171962,90,0.7824,4.808,240,en,"Horror, Fantasy, Comedy, Drama, Science Fiction, Thriller",6,False,False,Released
158852,Tomorrowland,2015-05-19,2015,190000000,209200000,130,9.8199,6.29,7328,en,"Adventure, Family, Mystery, Science Fiction",4,False,False,Released
158884,A Teacher,2013-09-06,2013,100000,8348,76,1.5391,4.57,100,en,Drama,1,False,False,Released
159014,20 Feet from Stardom,2013-06-14,2013,1000000,5892466,89,1.7279,7.172,259,en,"Documentary, Music",2,False,False,Released
159447,"Mommies, Happy New Year!",2012-12-27,2012,2000000,11666088,90,5.2271,5.1,27,ru,"Comedy, Drama",2,True,False,Released
159824,Hotel Transylvania 2,2015-09-21,2015,80000000,473200000,89,8.9603,6.763,6101,en,"Animation, Comedy, Family, Fantasy",4,True,False,Released
160070,Apartment 1303 3D,2012-12-06,2012,5000000,3377891,101,0.7881,3.6,302,en,Horror,1,False,False,Released
160588,Blue Jasmine,2013-08-01,2013,18000000,99104804,99,3.1083,6.98,3640,en,Drama,1,False,False,Released
160704,The Berlin File,2013-01-30,2013,9000000,48965210,120,3.4894,6.692,224,ko,"Action, Thriller, Crime",3,False,False,Released
160768,Jimmy P.,2013-09-11,2013,10000000,30283,117,1.5957,6.1,129,en,Drama,1,False,False,Released
161321,The Power of Few,2013-02-15,2013,4000000,45659,96,0.7613,5.2,79,en,"Crime, Drama",2,False,False,Released
161468,Inkaar,2013-01-18,2013,850000,1600000,133,0.45,5.4,21,hi,,0,False,False,Released
161545,Everything Everything Nothing Nothing,2012-11-30,2012,5579750,8927600,87,0.3315,5.232,272,it,Comedy,1,True,False,Released
162903,The Fifth Estate,2013-10-11,2013,28000000,8555008,128,3.1862,6.013,1071,en,"Drama, Thriller",2,False,False,Released
164251,Serena,2014-10-12,2014,30000000,5092129,109,1.9402,5.59,1063,en,Drama,1,False,False,Released
164300,7 años de matrimonio,2013-01-25,2013,1500000,193081,99,0.4594,5.2,19,es,"Comedy, Romance",2,False,False,Released
164331,Spiders,2013-02-08,2013,7000000,257019,89,1.4244,4.4,182,en,"Science Fiction, Thriller",2,False,False,Released
164372,The Snow Queen,2012-10-11,2012,7000000,13567781,76,2.0341,5.7,175,ru,"Animation, Fantasy, Family",3,True,False,Released
164457,Out of the Furnace,2013-11-12,2013,22000000,15400000,116,3.6867,6.566,2116,en,"Thriller, Drama, Crime",3,False,False,Released
164558,One Direction: This Is Us,2013-08-20,2013,10000000,68500000,92,2.8993,8.23,1061,en,"Documentary, Music",2,False,False,Released
165463,The Priest's Children,2013-01-03,2013,1750000,1417453,93,0.414,6.4,72,hr,"Comedy, Drama",2,False,False,Released
165904,Special 26,2013-02-07,2013,7100000,18000000,144,1.8038,7.301,221,hi,"Crime, Drama, Thriller",3,False,False,Released
166424,Fantastic Four,2015-08-05,2015,120000000,167977596,100,6.3905,4.438,6373,en,"Action, Adventure, Science Fiction",3,False,False,Released
166426,Pirates of the Caribbean: Dead Men Tell No Tales,2017-05-23,2017,230000000,795922298,129,9.1998,6.7,12739,en,"Adventure, Action, Fantasy",3,True,False,Released
166428,How to Train Your Dragon: The Hidden World,2019-01-03,2019,129000000,539987993,104,9.667,7.75,7052,en,"Animation, Family, Adventure",3,True,False,Released
167032,Curse of Chucky,2013-10-08,2013,5000000,3876587,97,4.5906,5.934,1697,en,"Horror, Thriller",2,True,False,Released
167073,Brooklyn,2015-10-20,2015,11000000,62076141,111,4.669,7.303,3248,en,"Romance, Drama, History",3,False,False,Released
167221,Long Live Freedom,2013-02-13,2013,5000000,3768967,94,0.3283,6.806,209,it,"Comedy, Drama",2,False,False,Released
167449,The Guillotines,2012-12-20,2012,15000000,5290,113,2.2678,5.6,55,zh,"Action, History, Adventure, Drama",4,False,False,Released
167810,Lost River,2015-04-08,2015,2000000,45431,95,1.4776,5.699,640,en,"Drama, Fantasy, Thriller",3,False,False,Released
168026,Ah Boys To Men,2012-11-07,2012,3000000,6180000,108,0.7269,6.1,16,en,Comedy,1,True,False,Released
168259,Furious 7,2015-04-01,2015,190000000,1515400000,137,10.6388,7.217,11226,en,"Action, Crime, Thriller",3,True,False,Released
168530,Ride Along,2014-01-07,2014,25000000,153997819,99,4.2521,6.252,2401,en,"Action, Comedy",2,True,False,Released
168672,American Hustle,2013-12-03,2013,40000000,251171807,138,5.7704,6.855,7700,en,"Drama, Crime",2,False,False,Released
169209,Empire State,2013-09-03,2013,11000000,3639345,94,2.3946,5.404,734,en,"Action, Drama",2,False,False,Released
169813,Short Term 12,2013-08-23,2013,1000000,1645164,96,3.0654,7.757,1400,en,Drama,1,False,False,Released
169817,Swim Little Fish Swim,2014-01-22,2014,70000,354877,94,0.3799,4.6,19,fr,"Comedy, Drama",2,False,False,Released
169881,The Physician,2013-12-25,2013,36000000,57284237,155,6.7008,7.333,1172,en,"Adventure, Drama, History",3,True,False,Released
169917,A Walk Among the Tombstones,2014-09-18,2014,28000000,58834384,114,5.4492,6.33,2993,en,"Crime, Drama, Mystery, Thriller",4,False,False,Released
170522,Asterix: The Mansions of the Gods,2014-11-26,2014,30000000,51379470,85,2.2386,6.791,1462,fr,"Animation, Comedy, Adventure, Family",4,True,False,Released
170687,The Boxtrolls,2014-09-10,2014,60000000,108255770,97,4.4495,6.708,1785,en,"Animation, Comedy, Family, Fantasy",4,False,False,Released
171274,Inherent Vice,2014-12-12,2014,20000000,14810975,149,6.3919,6.544,2697,en,"Drama, Mystery, Comedy",3,False,False,Released
171372,Frank,2014-05-09,2014,1000000,1897363,95,1.9459,6.854,1716,en,"Comedy, Drama, Mystery",3,False,False,Released
171424,The Green Inferno,2013-09-08,2013,5000000,12931420,100,2.9179,5.736,1574,en,"Adventure, Horror",2,False,False,Released
171879,The Attacks Of 26/11,2013-03-01,2013,3300000,18000000,116,0.4224,7.081,31,hi,"Action, Crime, History, Thriller",4,False,False,Released
172385,Rio 2,2014-03-19,2014,103000000,498781117,101,7.5699,6.52,3733,en,"Animation, Adventure, Comedy, Family",4,True,False,Released
172391,Khumba,2013-07-18,2013,20000000,27200000,85,2.9799,6.011,268,en,"Animation, Adventure, Family",3,False,False,Released
172792,Holy Ghost People,2014-05-13,2014,2000000,120000,93,0.413,5.1,27,en,"Drama, Thriller",2,False,False,Released
173897,Resident Evil: The Final Chapter,2016-12-23,2016,40000000,312242626,107,0.3246,6.096,3449,en,"Action, Horror, Science Fiction",3,True,False,Released
173931,Legend of Kung Fu Rabbit,2011-07-11,2011,19000000,3699225,89,1.2151,3.2,12,zh,"Action, Adventure, Animation, Comedy, Family",5,True,False,Released
174645,Java Heat,2013-03-06,2013,15000000,1061,104,1.004,5.3,87,en,"Action, Crime, Drama, Thriller",4,False,False,Released
174671,Dark Touch,2013-09-27,2013,2729542,256979,90,0.6603,5.111,126,en,Horror,1,False,False,Released
174675,The Machine,2013-04-25,2013,1500000,314131,92,2.114,5.895,859,en,"Science Fiction, Thriller",2,False,False,Released
174733,Metro,2013-02-21,2013,13000000,4463059,130,2.6061,6.698,366,ru,"Action, Thriller",2,False,False,Released
174751,Jane Got a Gun,2015-12-31,2015,25000000,3771345,98,3.0188,5.8,864,en,"Western, Action, Drama",3,False,False,Released
175528,Baggage Claim,2013-09-27,2013,8500000,22456509,96,1.6615,5.3,212,en,"Romance, Comedy",2,False,False,Released
175541,Black Nativity,2013-11-27,2013,17500000,7018189,93,1.0564,5.1,62,en,"Music, Drama",2,False,False,Released
175555,A Madea Christmas,2013-12-13,2013,25000000,53396635,99,0.5621,6.5,156,en,"Comedy, Drama",2,True,False,Released
175574,Free Birds,2013-10-30,2013,55000000,110000000,91,4.1317,5.879,845,en,"Animation, Comedy, Family",3,False,False,Released
176124,Home Run,2013-04-19,2013,1200000,2861020,114,2.4581,6.2,61,en,Drama,1,False,False,Released
177047,Decoding Annie Parker,2014-05-02,2014,2000000,60048,91,0.9547,6.0,90,en,Drama,1,False,False,Released
177494,Veronica Mars,2014-03-13,2014,6000000,3500000,107,2.7568,6.623,1143,en,"Crime, Drama, Comedy",3,False,False,Released
177572,Big Hero 6,2014-10-24,2014,165000000,657870525,102,19.6365,7.723,16492,en,"Adventure, Family, Animation, Action, Comedy",5,False,False,Released
177677,Mission: Impossible - Rogue Nation,2015-07-28,2015,150000000,682716636,131,9.356,7.222,9657,en,"Action, Adventure",2,True,False,Released
177699,Alan Partridge: Alpha Papa,2013-07-24,2013,4000000,9800000,90,1.489,6.633,490,en,Comedy,1,False,False,Released
179111,A Field in England,2013-07-05,2013,300000,600000,90,1.868,6.187,289,en,"Horror, Thriller, Fantasy",3,False,False,Released
179144,The Great Beauty,2013-05-21,2013,9200000,24930592,142,2.285,7.51,3307,it,Drama,1,False,False,Released
179812,Camp,2013-02-22,2013,200000,325000,111,0.2632,7.5,15,en,Drama,1,False,False,Released
179826,Odd Thomas,2013-01-29,2013,27000000,1149267,97,4.8562,6.943,1442,en,"Mystery, Thriller",2,False,False,Released
180048,Amen,2013-03-21,2013,110000,270000,165,0.618,7.5,35,ml,"Fantasy, Music, Romance",3,False,False,Released
180147,We Are the Nobles,2013-03-28,2013,2000000,26433651,108,1.2886,7.931,532,es,Comedy,1,False,False,Released
180272,Friends: Naki on Monster Island,2011-12-17,2011,1490000,378187,87,1.3636,7.1,27,ja,"Animation, Comedy, Family",3,False,False,Released
180299,The Raid 2,2014-03-27,2014,4500000,6566916,150,5.8533,7.609,2559,id,"Action, Crime, Thriller",3,True,False,Released
180314,Salinger,2013-09-06,2013,2000000,650675,125,1.9806,6.3,68,en,Documentary,1,False,False,Released
180680,Himmatwala,2013-03-29,2013,9500000,6800000,150,0.089,2.917,54,hi,"Action, Comedy, Drama",3,False,False,Released
180853,Chashme Baddoor,2013-04-05,2013,37000000,5500000,120,0.5481,4.519,27,hi,"Comedy, Drama",2,False,False,Released
180863,T2 Trainspotting,2017-01-27,2017,18000000,41681746,117,4.1864,6.941,3342,en,"Drama, Comedy, Crime",3,True,False,Released
181283,Child 44,2015-03-15,2015,50000000,12951093,137,4.7236,6.282,1804,en,"Crime, Thriller",2,False,False,Released
181533,Night at the Museum: Secret of the Tomb,2014-12-17,2014,127000000,363204635,98,8.7482,6.222,6196,en,"Adventure, Comedy, Fantasy, Family",4,True,False,Released
181808,Star Wars: The Last Jedi,2017-12-13,2017,300000000,1332698830,152,32.026,6.8,16244,en,"Adventure, Action, Science Fiction",3,True,False,Released
181812,Star Wars: The Rise of Skywalker,2019-12-18,2019,489900000,1074144248,142,13.0944,6.3,10758,en,"Adventure, Action, Science Fiction",3,True,False,Released
182219,Serial Teachers,2013-04-17,2013,12000000,32867967,88,0.0734,5.435,1251,fr,Comedy,1,True,False,Released
182560,Dark Places,2015-04-08,2015,20000000,5090852,113,3.4038,5.937,1361,en,"Thriller, Mystery, Drama, Crime",4,False,False,Released
182954,Naayak,2013-01-09,2013,5393500,8552550,160,0.7307,4.896,24,te,"Action, Drama",2,False,False,Released
183026,Rigodon,2012-11-21,2012,22361,31307,85,1.0466,5.7,16,tl,"Thriller, Drama, Mystery",3,False,False,Released
184098,Think Like a Man Too,2014-06-20,2014,24000000,70181428,105,2.9098,6.415,590,en,"Comedy, Romance",2,True,False,Released
184155,Legend No. 17,2013-04-17,2013,7720000,29523237,134,0.7025,6.7,144,ru,Drama,1,False,False,Released
184219,Pee Mak,2013-03-28,2013,1800000,33000000,112,3.077,7.162,136,th,"Comedy, Romance, Horror",3,False,False,Released
184314,Young & Beautiful,2013-08-21,2013,4650000,9757417,95,7.0477,6.503,1313,fr,Drama,1,False,False,Released
184315,Hercules,2014-07-23,2014,100000000,244819862,98,9.7355,5.799,4318,en,"Action, Adventure",2,False,False,Released
184341,Hands of Stone,2016-08-26,2016,20000000,5000000,111,2.9087,6.599,448,en,Drama,1,False,False,Released
184345,A Haunted House 2,2014-04-17,2014,4000000,25343661,87,8.6326,6.175,1574,en,"Comedy, Horror",2,True,False,Released
184346,Deliver Us from Evil,2014-07-01,2014,30000000,87937815,118,4.8452,6.25,2214,en,"Thriller, Crime, Horror",3,False,False,Released
184614,Kuiba,2011-07-08,2011,8263717,52587293,90,0.9699,7.7,22,zh,"Animation, Adventure, Fantasy",3,True,False,Released
184679,The sun inside,2012-06-20,2012,1000000,31323,105,0.1311,7.1,13,it,"Adventure, Drama",2,False,False,Released
185008,Yeh Jawaani Hai Deewani,2013-05-31,2013,7700000,46000000,160,2.0279,7.269,295,hi,"Romance, Comedy",2,False,False,Released
185341,[REC]⁴ Apocalypse,2014-10-31,2014,3000000,4915757,95,2.795,5.617,1260,es,"Thriller, Horror",2,True,False,Released
185738,Stockholm,2013-04-25,2013,60000,50000,89,0.5828,6.2,118,es,"Drama, Romance",2,False,False,Released
186161,The Gilded Cage,2013-04-19,2013,7000000,11311521,90,1.1843,6.734,354,fr,Comedy,1,False,False,Released
186747,Ek Thi Daayan,2013-04-18,2013,3500000,6500000,135,0.886,5.043,35,hi,"Horror, Romance, Thriller",3,False,False,Released
186992,Stranger by the Lake,2013-06-12,2013,1400000,1200000,100,1.9769,6.283,468,fr,"Drama, Thriller",2,False,False,Released
187017,22 Jump Street,2014-06-05,2014,50000000,331333876,112,7.1491,6.8,8475,en,"Crime, Comedy, Action",3,True,False,Released
187022,A Touch of Sin,2013-10-04,2013,4000000,154120,131,3.688,7.2,380,zh,"Crime, Drama",2,False,False,Released
187596,Walk of Shame,2014-05-02,2014,6000000,8100000,95,3.4615,6.0,1513,en,Comedy,1,False,False,Released
188161,A Million Ways to Die in the West,2014-05-22,2014,40000000,86400000,116,6.9319,6.051,4377,en,"Comedy, Western",2,False,False,Released
188166,Blue Ruin,2014-04-25,2014,420000,993313,90,2.8421,6.788,1617,en,"Crime, Thriller",2,False,False,Released
188183,Finding Mr. Right,2013-03-21,2013,4881000,81350000,123,1.7006,6.4,118,zh,"Comedy, Romance",2,True,False,Released
188207,The Legend of Hercules,2014-01-10,2014,70000000,61279452,99,2.3521,4.805,1399,en,"Action, Adventure",2,False,False,Released
188222,Entourage,2015-06-03,2015,30000000,49263404,104,5.6884,6.239,1104,en,"Comedy, Drama",2,False,False,Released
188540,Arrambam,2013-10-31,2013,9200000,21000000,157,0.7788,6.244,45,ta,"Action, Thriller, Drama",3,False,False,Released
188640,Shootout at Wadala,2013-05-03,2013,6900000,11000000,150,0.0522,5.39,41,hi,"Action, Crime, Drama, History",4,True,False,Released
188761,The German Doctor,2013-05-19,2013,2000000,3635718,90,0.7538,6.467,167,es,"Drama, Thriller, History",3,False,False,Released
188765,My Sweet Pepper Land,2014-03-20,2014,2600000,324440,86,0.3455,7.0,98,ku,Drama,1,False,False,Released
188927,Star Trek Beyond,2016-07-07,2016,185000000,343471816,122,7.5093,6.783,7050,en,"Action, Adventure, Science Fiction",3,True,False,Released
189227,Soodhu Kavvum,2013-05-01,2013,310000,12000000,138,0.5103,7.1,68,ta,"Comedy, Thriller, Crime",3,True,False,Released
190754,On the Job,2013-08-28,2013,1052753,466088,119,0.4772,6.6,88,tl,"Action, Crime, Thriller",3,True,False,Released
190847,The Last Days on Mars,2013-08-11,2013,10600000,24084,98,2.0002,5.511,906,en,"Science Fiction, Thriller, Horror",3,False,False,Released
190859,American Sniper,2014-12-25,2014,58800000,542300000,133,8.7332,7.412,13582,en,"War, Action",2,False,False,Released
190940,Bombay Talkies,2013-05-03,2013,11000000,2700000,127,1.0536,6.35,60,hi,"Drama, Romance",2,False,False,Released
190955,Blood Ties,2013-08-22,2013,25500000,2415472,128,3.2989,6.1,506,en,"Thriller, Crime, Drama",3,False,False,Released
191121,Raanjhanaa,2013-06-21,2013,6400000,1171761,140,1.3192,6.602,162,hi,"Drama, Romance",2,True,False,Released
191562,Go Goa Gone,2013-05-10,2013,2700000,5400000,111,1.1927,5.823,124,hi,"Comedy, Horror",2,True,False,Released
191714,The Lunchbox,2013-09-20,2013,3400000,17240000,104,1.3543,7.361,798,hi,"Drama, Romance",2,False,False,Released
191726,Ugly,2013-05-17,2013,700000,2200000,128,0.86,6.988,129,hi,"Thriller, Drama, Mystery, Crime",4,False,False,Released
192097,Ghanchakkar,2013-06-28,2013,4100000,5300000,137,0.5087,5.0,33,hi,"Comedy, Crime, Thriller",3,False,False,Released
192102,3 Days to Kill,2014-02-14,2014,28000000,53260230,113,4.2869,6.105,2305,en,"Action, Drama, Thriller",3,False,False,Released
192134,Dom Hemingway,2013-11-14,2013,7000000,1300000,93,1.9268,5.836,543,en,"Comedy, Crime, Drama",3,False,False,Released
192136,Mandela: Long Walk to Freedom,2013-11-28,2013,35000000,27985788,141,2.0901,6.883,568,en,"Drama, History",2,False,False,Released
192141,No Escape,2015-08-26,2015,5000000,54400000,103,4.9462,6.944,2706,en,"Thriller, Action",2,False,False,Released
192145,Third Person,2014-06-20,2014,28000000,1749201,137,3.6604,5.879,642,en,"Drama, Romance",2,False,False,Released
192558,Aashiqui 2,2013-04-26,2013,1300000,16000000,132,3.842,6.816,185,hi,"Drama, Romance",2,True,False,Released
192577,Space Pirate Captain Harlock,2013-09-07,2013,30000000,18010317,115,3.0341,6.612,1083,ja,"Animation, Science Fiction",2,True,False,Released
192591,El Santos vs la Tetona Mendoza,2012-11-30,2012,2300000,946300,96,0.3545,6.6,49,es,"Comedy, Animation",2,False,False,Released
193173,Ah Boys To Men 2,2013-01-31,2013,2120000,5600000,113,0.5687,6.9,11,en,"Comedy, Drama, War",3,True,False,Released
193418,Regret!,2013-06-18,2013,1200000,3995340,95,0.8133,7.3,119,nl,Drama,1,False,False,Released
193610,The Other Woman,2014-04-16,2014,40000000,196800000,109,5.3376,6.42,3709,en,"Comedy, Romance",2,False,False,Released
193612,The Quiet Ones,2014-04-25,2014,200000,17834867,98,1.3069,5.099,682,en,Horror,1,False,False,Released
193613,Metallica: Through the Never,2013-09-25,2013,18000000,7972967,93,1.9345,6.8,308,en,Music,1,False,False,Released
193756,Lone Survivor,2013-12-24,2013,40000000,149295601,121,7.9052,7.429,4707,en,"War, Action, Drama",3,False,False,Released
193893,Let's Be Cops,2014-08-13,2014,17000000,136600000,104,5.6306,6.461,2952,en,Comedy,1,False,False,Released
194361,Aagathan,2010-02-11,2010,822000,1200000,120,0.4282,5.2,11,ml,"Mystery, Romance",2,False,False,Released
194662,Birdman or (The Unexpected Virtue of Ignorance),2014-10-17,2014,18000000,103215094,120,8.7081,7.443,13520,en,"Drama, Comedy",2,False,False,Released
195589,Neighbors,2014-05-08,2014,18000000,270665134,97,6.9672,6.181,7248,en,Comedy,1,True,False,Released
195590,Collide,2016-06-10,2016,21500000,6817535,98,2.3515,5.571,634,en,"Thriller, Action",2,False,False,Released
196024,The Keeper of Lost Causes,2013-10-03,2013,5650000,13700000,93,1.9788,7.038,823,da,"Thriller, Mystery, Crime",3,True,False,Released
196867,Annie,2014-12-18,2014,65000000,136853506,118,8.9621,6.238,1347,en,"Comedy, Drama, Family",3,False,False,Released
197583,50 to 1,2014-03-21,2014,10000000,1064454,110,1.9188,6.663,83,en,"Comedy, Drama",2,False,False,Released
197796,Beauty and the Beast,2014-02-12,2014,33000000,47430624,112,5.2697,6.225,2156,fr,"Fantasy, Romance",2,False,False,Released
197936,Bright Days Ahead,2013-06-19,2013,3300000,4949039,94,0.5737,6.0,78,fr,"Drama, Romance",2,False,False,Released
197950,The Connection,2014-12-03,2014,26000000,12062441,135,3.6192,7.128,937,fr,"Thriller, Crime, Action",3,False,False,Released
198184,Chappie,2015-03-04,2015,49000000,104399548,120,12.5639,6.787,8425,en,"Crime, Action, Science Fiction",3,False,False,Released
198185,Million Dollar Arm,2014-05-09,2014,25000000,38307627,124,2.5968,6.712,663,en,Drama,1,False,False,Released
198277,Begin Again,2014-06-27,2014,8000000,63500000,104,4.7087,7.235,3983,en,"Comedy, Music, Romance, Drama",4,False,False,Released
198663,The Maze Runner,2014-09-10,2014,34000000,348319861,113,18.2989,7.188,18016,en,"Action, Mystery, Science Fiction, Thriller",4,True,False,Released
199139,Fukrey,2013-06-14,2013,2200000,5200000,137,0.5813,6.459,73,hi,"Comedy, Drama, Romance",3,True,False,Released
199373,The Frozen Ground,2013-07-11,2013,27220000,5496951,105,3.2583,6.277,1578,en,"Thriller, Crime",2,False,False,Released
199420,Pawn Shop Chronicles,2013-07-12,2013,5000000,1080000,107,2.0198,5.805,259,en,"Action, Comedy",2,False,False,Released
199534,Wolf Creek 2,2013-08-30,2013,8000000,9630444,106,5.2476,6.399,716,en,"Horror, Thriller",2,True,False,Released
199575,These Final Hours,2014-07-31,2014,2500000,360000,87,2.0205,6.462,610,en,"Science Fiction, Drama, Thriller",3,False,False,Released
199933,Atlas Shrugged: Part III,2014-09-12,2014,5000000,846704,99,1.0504,4.5,88,en,"Drama, Science Fiction, Mystery",3,True,False,Released
200505,Draft Day,2014-04-11,2014,25000000,28831145,110,4.3558,6.706,995,en,Drama,1,False,False,Released
201085,Crimson Peak,2015-10-13,2015,55000000,74700000,119,5.4257,6.66,5217,en,"Horror, Mystery, Romance, Drama",4,False,False,Released
201088,Blackhat,2015-01-13,2015,70000000,17752940,133,8.2272,5.515,2176,en,"Crime, Thriller, Action",3,False,False,Released
201386,F.C. De Kampioenen: Kampioen zijn blijft plezant,2013-12-17,2013,3849796,7471304,115,0.269,6.2,30,nl,Comedy,1,True,False,Released
201749,Mr. Morgan's Last Love,2013-08-22,2013,8200000,2967122,111,2.4342,6.604,321,en,"Drama, Comedy",2,False,False,Released
201893,Treasures of Lake Kaban,2013-05-01,2013,6000000,1431461,110,0.6495,4.8,17,ru,"Comedy, Adventure, Romance",3,False,False,Released
202575,The House of Magic,2013-12-24,2013,34000000,64197205,85,3.188,6.3,371,en,"Family, Fantasy, Animation, Adventure",4,False,False,Released
203217,My Mom Is a Character,2013-06-21,2013,2000000,20552094,85,0.5313,7.74,682,pt,Comedy,1,True,False,Released
203739,Vampire Academy,2014-02-07,2014,30000000,15391979,104,3.7892,6.316,1810,en,"Comedy, Action, Fantasy",3,False,False,Released
203793,Stalingrad,2013-10-09,2013,30000000,68129518,131,0.123,6.373,386,ru,"War, Action, Drama",3,False,False,Released
203801,The Man from U.N.C.L.E.,2015-08-13,2015,75000000,110045109,116,6.801,7.077,6819,en,"Comedy, Action, Adventure",3,False,False,Released
203833,The Book Thief,2013-11-08,2013,19000000,76586316,131,3.9038,7.488,4506,en,Drama,1,False,False,Released
203834,Jessabelle,2014-11-07,2014,1000000,23456897,90,2.2684,5.428,850,en,"Thriller, Horror",2,False,False,Released
204082,Homefront,2013-11-12,2013,22000000,51695362,100,8.2848,6.935,3800,en,"Action, Thriller",2,False,False,Released
204275,Balupu,2013-06-29,2013,4000000,8500000,149,0.8036,5.889,18,te,"Action, Comedy",2,False,False,Released
204435,Krrish 3,2013-11-01,2013,20000000,84000000,152,2.0687,5.674,198,hi,"Action, Science Fiction",2,True,False,Released
204436,Jack and the Cuckoo-Clock Heart,2014-01-29,2014,33746302,3484370,94,1.978,7.212,754,fr,"Animation, Romance, Adventure, Drama, Fantasy",5,False,False,Released
204668,Belle and Sebastian,2013-12-18,2013,11300000,35825575,104,1.2899,6.903,677,fr,Adventure,1,True,False,Released
204810,Hunting Elephants,2013-07-03,2013,2300000,4500000,107,1.1441,5.879,33,he,"Comedy, Crime",2,False,False,Released
204922,Before I Go to Sleep,2014-09-03,2014,22000000,17669776,92,5.2459,6.489,2129,en,"Thriller, Mystery",2,False,False,Released
205017,Lootera,2013-04-04,2013,4100000,5100000,136,0.9235,6.9,90,hi,"Drama, Romance",2,False,False,Released
205022,Chennai Express,2013-08-08,2013,18000000,62000000,141,3.0189,6.503,376,hi,"Romance, Comedy, Action",3,False,False,Released
205220,Philomena,2013-11-01,2013,12000000,100100000,98,2.862,7.343,1709,en,Drama,1,False,False,Released
205584,Gods of Egypt,2016-02-25,2016,140000000,150680864,127,8.2936,5.692,4330,en,"Action, Adventure, Fantasy",3,False,False,Released
205587,The Judge,2014-10-08,2014,40000000,84419388,141,12.2868,7.33,4403,en,Drama,1,False,False,Released
205588,Our Kind of Traitor,2016-05-05,2016,4000000,9930095,108,1.864,6.059,613,en,Thriller,1,False,False,Released
205596,The Imitation Game,2014-11-14,2014,14000000,233555708,113,20.4958,7.985,17984,en,"History, Drama, Thriller, War",4,False,False,Released
205601,Belle,2013-05-01,2013,10900000,16500000,105,2.881,7.079,721,en,Drama,1,False,False,Released
205775,In the Heart of the Sea,2015-12-03,2015,100000000,93900000,122,5.8402,6.758,4330,en,"Thriller, Drama, Adventure, Action, History",5,False,False,Released
206296,The Last Five Years,2014-11-03,2014,3500000,292092,94,1.8771,5.9,349,en,"Comedy, Drama, Music, Romance",4,False,False,Released
206324,Bhaag Milkha Bhaag,2013-07-12,2013,4600000,25000000,186,1.7726,7.498,277,hi,"History, Drama",2,False,False,Released
206487,Predestination,2014-08-28,2014,5500000,4942449,98,8.5621,7.415,7029,en,"Science Fiction, Thriller",2,False,False,Released
206647,Spectre,2015-10-26,2015,245000000,880707597,148,11.4062,6.569,11185,en,"Action, Adventure, Thriller",3,True,False,Released
206851,D-Day,2013-07-19,2013,3900000,5600000,153,0.8421,6.59,67,hi,"Action, Thriller",2,False,False,Released
207686,The House at the End of Time,2013-06-21,2013,300000,4588899,101,1.1425,6.795,337,es,"Horror, Drama, Fantasy",3,False,False,Released
207703,Kingsman: The Secret Service,2015-01-24,2015,81000000,414351546,129,11.4103,7.619,17737,en,"Crime, Comedy, Action, Adventure",4,True,False,Released
207932,Inferno,2016-10-13,2016,75000000,220021259,122,7.8193,6.088,6606,en,"Mystery, Thriller, Action",3,True,False,Released
208036,Ramaiya Vastavaiya,2013-07-19,2013,4600000,7300000,148,1.9019,6.19,42,hi,"Romance, Action, Comedy",3,False,False,Released
208134,Jackass Presents: Bad Grandpa,2013-10-22,2013,15000000,151831537,92,3.4605,6.1,1664,en,Comedy,1,True,False,Released
208763,Forbidden Empire,2014-01-30,2014,26000000,34592118,128,3.1378,5.907,333,ru,"Thriller, Adventure, Mystery, Fantasy, Horror, Science Fiction",6,True,False,Released
209112,Batman v Superman: Dawn of Justice,2016-03-23,2016,250000000,874362803,152,15.0514,5.993,18896,en,"Action, Adventure, Fantasy",3,True,False,Released
209185,The Grand Seduction,2014-05-30,2014,12700000,3430018,112,1.7175,6.678,357,en,Comedy,1,False,False,Released
209189,Life of Crime,2013-09-14,2013,12000000,265452,94,2.2354,5.742,426,en,"Comedy, Crime",2,False,False,Released
209262,Parkland,2013-10-02,2013,10000000,1412181,94,4.1966,6.247,388,en,"History, Drama",2,False,False,Released
209274,Ida,2013-10-25,2013,1000000,15298355,82,3.4801,7.221,1059,pl,Drama,1,False,False,Released
209355,The French Minister,2013-11-06,2013,5112027,5586646,113,1.4139,6.028,302,fr,Comedy,1,False,False,Released
209403,Bad Words,2013-09-06,2013,9500000,7800000,89,2.129,6.395,899,en,Comedy,1,False,False,Released
209451,Jersey Boys,2014-06-18,2014,40000000,67347013,134,3.4232,6.7,737,en,"Music, Drama",2,False,False,Released
209901,Nothing Left to Fear,2013-09-26,2013,3000000,1675381,100,0.8621,5.23,176,en,Horror,1,False,False,Released
210479,Locke,2014-04-10,2014,2000000,4635300,85,2.6576,6.894,2905,en,"Drama, Thriller",2,False,False,Released
210577,Gone Girl,2014-10-01,2014,61000000,370890259,149,20.0286,7.889,19845,en,"Mystery, Thriller, Drama",3,False,False,Released
210860,Mortdecai,2015-01-21,2015,60000000,47318560,107,5.5616,5.519,2751,en,"Comedy, Adventure",2,False,False,Released
210947,Afflicted,2014-04-04,2014,318000,121179,85,1.949,6.417,617,en,"Horror, Thriller",2,False,False,Released
211067,The Sacrament,2014-05-01,2014,4000000,9221,99,1.69,5.975,491,en,"Horror, Thriller",2,False,False,Released
211166,"Rio, I Love You",2014-09-12,2014,8500000,601737,110,1.4613,4.796,49,pt,"Romance, Drama",2,False,False,Released
211233,The Hijack That Went South,2013-01-18,2013,1800000,532269,93,0.4313,5.6,23,fi,"Thriller, Crime",2,False,False,Released
211672,Minions,2015-06-17,2015,74000000,1159457503,91,6.8545,6.419,11057,en,"Family, Animation, Adventure, Comedy",4,True,False,Released
211954,Instructions Not Included,2013-07-20,2013,5500000,99067206,122,2.3728,7.734,952,es,"Comedy, Drama",2,False,False,Released
212716,What If,2013-09-07,2013,11000000,8500000,98,4.2457,6.738,2062,en,"Drama, Comedy, Romance",3,False,False,Released
212769,Make Your Move,2013-08-07,2013,15000000,1583687,110,1.038,5.782,87,en,Music,1,False,False,Released
212778,Chef,2014-05-08,2014,11000000,50440695,114,5.315,7.116,3621,en,Comedy,1,False,False,Released
213681,Masterminds,2016-09-29,2016,25000000,29200000,95,3.0687,5.756,1845,en,"Action, Comedy, Crime",3,False,False,Released
214086,The Face of Love,2013-10-25,2013,4000000,350006,92,2.1967,6.1,146,en,"Drama, Romance",2,False,False,Released
214209,Hide and Seek,2013-08-14,2013,1900000,35461505,107,2.025,6.5,104,ko,"Thriller, Mystery",2,False,False,Released
214674,Zone Pro Site: The Moveable Feast,2013-08-16,2013,2500803,11074988,145,1.0279,6.2,22,zh,"Comedy, Drama",2,False,False,Released
214756,Ted 2,2015-06-25,2015,68000000,215863606,115,32.2757,6.316,7937,en,"Comedy, Fantasy",2,True,False,Released
215211,Grace of Monaco,2014-04-22,2014,30000000,26576000,103,1.7049,6.001,625,en,"Romance, Drama",2,False,False,Released
215359,Malarvaadi Arts Club,2010-07-16,2010,340000,1000000,132,0.3229,6.0,12,ml,"Drama, Comedy",2,False,False,Released
215776,Madras Cafe,2013-08-23,2013,5400000,6500000,130,0.5188,6.615,126,hi,"Thriller, Drama, Action",3,False,False,Released
216015,Fifty Shades of Grey,2015-02-11,2015,40000000,569651467,125,22.44,5.869,12342,en,"Drama, Romance, Thriller",3,True,False,Released
216282,Into the Storm,2014-08-06,2014,50000000,160600000,89,5.7967,6.054,2149,en,"Action, Thriller",2,False,False,Released
216457,Jealousy,2013-12-04,2013,4000000,63946,77,0.683,6.0,70,fr,Romance,1,False,False,Released
217665,Savages Crossing,2011-05-11,2011,200000,30000,82,0.2778,3.3,12,en,"Thriller, Horror",2,False,False,Released
217993,Justice League: War,2014-01-21,2014,3500000,5155325,79,3.0491,7.437,1163,en,"Animation, Action",2,True,False,Released
218043,Left Behind,2014-10-03,2014,16000000,19682924,110,3.499,4.276,1388,en,"Thriller, Action, Science Fiction",3,True,False,Released
218778,"Alexander and the Terrible, Horrible, No Good, Very Bad Day",2014-10-08,2014,28000000,100654149,81,2.0779,6.208,1406,en,"Family, Comedy",2,False,False,Released
218836,Planes: Fire & Rescue,2014-07-17,2014,50000000,151165787,83,4.1964,6.177,915,en,"Animation, Comedy, Adventure, Family",4,True,False,Released
219225,Wolverine: Origin,2013-07-09,2013,150,3731,71,0.3195,6.6,17,en,"Animation, Action, Science Fiction",3,False,False,Released
219343,Lucia,2013-10-19,2013,79000,170000,136,0.5894,7.1,59,kn,"Fantasy, Romance, Thriller",3,False,False,Released
219572,Police Story: Lockdown,2013-12-24,2013,35000000,94249025,110,2.9785,6.219,415,zh,"Action, Crime, Drama",3,True,False,Released
220289,Coherence,2014-04-06,2014,50000,139745,89,5.9979,7.214,3358,en,"Thriller, Science Fiction",2,True,False,Released
220495,Bullett Raja,2013-11-29,2013,7,12,138,0.5141,5.9,31,hi,"Action, Crime, Drama",3,False,False,Released
220714,Grand Masti,2013-09-13,2013,4900000,19000000,137,1.0998,4.671,41,hi,"Comedy, Romance",2,True,False,Released
220882,London Fields,2018-09-20,2018,8000000,487420,118,2.5694,5.079,297,en,"Crime, Thriller",2,False,False,Released
221902,"Two Days, One Night",2014-05-21,2014,7000000,9016922,95,1.5926,6.908,1013,fr,Drama,1,False,False,Released
222899,About Last Night,2014-02-14,2014,12500000,49002684,100,2.385,5.974,528,en,"Comedy, Romance",2,False,False,Released
222935,The Fault in Our Stars,2014-06-02,2014,14000000,307166834,126,5.7591,7.591,11536,en,"Romance, Drama",2,False,False,Released
222936,Aloha,2015-05-29,2015,37000000,26250020,105,4.5786,5.515,2148,en,"Drama, Comedy, Romance",3,False,False,Released
223485,Slow West,2015-05-15,2015,2000000,1617522,84,2.8252,6.691,1049,en,"Western, Drama, Adventure, Romance, Thriller",5,False,False,Released
223605,Sir Billi,2012-04-13,2012,15000000,15838,79,0.8524,3.2,20,en,"Animation, Adventure, Comedy",3,False,False,Released
223702,Sausage Party,2016-07-11,2016,19000000,140705322,89,5.7037,5.754,7684,en,"Adventure, Animation, Comedy, Fantasy",4,False,False,Released
224141,Into the Woods,2014-12-24,2014,50000000,212902372,125,3.2662,5.8,4393,en,"Fantasy, Comedy",2,False,False,Released
224746,Bekas,2012-11-30,2012,2176270,479226,97,0.7808,7.5,111,ku,Drama,1,False,False,Released
225519,Peter Gabriel: Live in Athens 1987,2013-09-13,2013,100000,1000000,145,0.4652,8.0,10,en,"Music, Documentary",2,False,False,Released
225565,That Awkward Moment,2014-01-29,2014,8000000,45600000,94,2.7389,6.1,2721,en,"Comedy, Romance",2,False,False,Released
225574,Non-Stop,2014-02-26,2014,50000000,222809600,107,5.3425,6.813,5711,en,"Action, Thriller, Mystery",3,False,False,Released
225728,Macbeth,2015-09-22,2015,15000000,16322067,113,3.2428,6.439,1522,en,"Drama, War",2,False,False,Released
225886,Sex Tape,2014-07-17,2014,40000000,126069509,94,7.412,5.409,4206,en,Comedy,1,False,False,Released
226486,Tammy,2014-07-02,2014,20000000,100375432,97,2.7577,5.341,1274,en,Comedy,1,False,False,Released
226857,Endless Love,2014-02-12,2014,20000000,34100000,104,3.6917,6.902,1746,en,"Drama, Romance",2,False,False,Released
227056,Ramayya Vasthavayya,2013-10-10,2013,4200000,4300000,166,1.2002,4.2,15,te,"Drama, Action",2,False,False,Released
227062,Vanakkam Chennai,2013-10-11,2013,1500000,11000000,151,0.3095,5.8,13,ta,"Romance, Comedy",2,False,False,Released
227156,The Giver,2014-08-13,2014,25000000,66980456,97,4.48,6.555,4614,en,"Drama, Science Fiction",2,False,False,Released
227159,Horrible Bosses 2,2014-11-12,2014,42000000,107645357,108,6.4612,6.175,4367,en,Comedy,1,True,False,Released
227199,Kicking Off,2013-09-24,2013,2400005,2505528,100,1.3508,6.1,47,ru,"Drama, Thriller",2,False,False,Released
227306,Unbroken,2014-12-25,2014,65000000,163400000,137,5.5594,7.421,4349,en,"Drama, War",2,True,False,Released
227348,Paranormal Activity: The Marked Ones,2014-01-01,2014,5000000,90894962,84,3.7732,5.424,1532,en,"Horror, Thriller",2,True,False,Released
227700,Anna,2013-10-13,2013,4357373,1200000,99,2.9154,6.487,710,en,"Thriller, Drama",2,False,False,Released
227707,The Adventurer: The Curse of the Midas Box,2013-12-05,2013,25000000,6399,99,1.9467,5.729,247,en,"Fantasy, Adventure, Family",3,False,False,Released
227716,Mother,2015-08-14,2015,350000,13000,134,0.2976,7.1,11,ur,Drama,1,False,False,Released
227719,Project Almanac,2015-01-28,2015,12000000,33200000,106,5.3149,6.78,2823,en,"Science Fiction, Thriller",2,False,False,Released
227735,Dolphin Tale 2,2014-09-11,2014,36000000,52424533,107,2.5206,6.951,366,en,"Family, Drama",2,True,False,Released
227783,The Nut Job,2014-01-17,2014,42000000,120885527,85,4.4652,5.864,1026,en,"Animation, Comedy, Family, Adventure",4,True,False,Released
227932,My Mom Is a Character 2,2016-12-22,2016,2000000,39195565,96,0.4025,7.7,525,pt,Comedy,1,True,False,Released
227973,The Peanuts Movie,2015-11-05,2015,99000000,246233113,88,5.0558,6.96,1779,en,"Comedy, Animation, Family",3,False,False,Released
228066,Victor Frankenstein,2015-11-10,2015,40000000,34200000,110,4.3322,5.947,2266,en,"Drama, Science Fiction, Thriller",3,False,False,Released
228150,Fury,2014-10-15,2014,68000000,211817906,135,17.2449,7.543,12857,en,"War, Drama, Action",3,False,False,Released
228161,Home,2015-03-18,2015,135000000,368871007,94,7.5547,6.786,4198,en,"Fantasy, Comedy, Animation, Science Fiction, Family",5,False,False,Released
228165,The SpongeBob Movie: Sponge Out of Water,2015-01-28,2015,74000000,325186032,93,6.888,6.098,2516,en,"Family, Animation, Adventure, Fantasy, Comedy",5,True,False,Released
228194,The Hundred-Foot Journey,2014-08-06,2014,22000000,89500000,122,3.1515,7.3,1539,en,"Drama, Comedy",2,False,False,Released
228205,The Longest Ride,2015-04-09,2015,34000000,63013281,128,5.448,7.624,3306,en,"Drama, Romance",2,False,False,Released
228326,The Book of Life,2014-10-01,2014,50000000,97437106,95,6.0567,7.53,2911,en,"Animation, Adventure, Comedy, Family, Fantasy",5,False,False,Released
228331,A Perfect Man,2013-11-01,2013,5000000,388,95,0.6846,4.0,38,en,Drama,1,False,False,Released
228406,Believe,2013-10-04,2013,6000000,284000,94,2.1905,6.1,39,en,Drama,1,False,False,Released
228676,Mischief Night,2013-10-30,2013,108000,57000,86,0.9409,5.1,103,en,"Horror, Drama, Thriller",3,False,False,Released
228967,The Interview,2014-12-25,2014,44000000,12342632,112,5.9054,6.188,6195,en,"Action, Comedy",2,False,False,Released
228970,Wild,2014-12-05,2014,15000000,52501541,115,4.2207,7.009,2658,en,Drama,1,False,False,Released
229296,Justin Bieber's Believe,2013-12-19,2013,5000000,10980157,92,2.1057,6.995,204,en,"Documentary, Music",2,False,False,Released
229297,Magic in the Moonlight,2014-07-25,2014,16800000,51029361,98,2.2239,6.493,2162,en,"Comedy, Drama, Romance",3,False,False,Released
230179,Big Game,2014-09-05,2014,8500000,7500000,90,2.6202,5.5,1223,en,"Action, Adventure, Thriller, Comedy",4,False,False,Released
230266,Miss Julie,2014-09-07,2014,5500000,5000000,130,1.3977,5.6,154,en,"Drama, Romance",2,False,False,Released
230310,Until Sbornia Do Us Part,2013-08-14,2013,981065,43559,93,0.1479,5.7,13,pt,"Animation, Comedy, Music, Drama",4,False,False,Released
230714,When I Was Alive,2014-01-31,2014,273,32,108,0.2072,5.5,28,pt,"Thriller, Horror, Drama",3,False,False,Released
231176,Sun In Buckets,2013-10-31,2013,8000000,51936318,83,0.6189,6.765,1740,it,Comedy,1,False,False,Released
231565,Zoran: My Nephew the Idiot,2013-10-31,2013,1400000,835486,106,0.224,6.25,54,it,Comedy,1,False,False,Released
231576,Wish I Was Here,2014-07-18,2014,5500000,5483299,106,2.0863,6.546,776,en,"Drama, Comedy",2,False,False,Released
232175,Gimme Shelter,2013-10-17,2013,7500000,1359910,101,2.5968,6.57,251,en,Drama,1,False,False,Released
232572,A Walk in the Woods,2015-09-02,2015,8000000,37461274,104,2.6239,6.1,770,en,"Adventure, Comedy, Drama",3,False,False,Released
232672,Blended,2014-05-21,2014,40000000,128000000,117,9.0193,6.888,3778,en,"Comedy, Romance",2,False,False,Released
232679,When the Game Stands Tall,2014-08-22,2014,15000000,30127963,115,2.3793,6.675,379,en,Drama,1,False,False,Released
234004,Ratchet & Clank,2016-04-13,2016,20000000,8800000,94,2.0002,5.758,660,en,"Action, Adventure, Animation, Family",4,False,False,Released
234212,Demonic,2015-02-12,2015,3000000,4668109,84,1.722,5.295,527,en,"Thriller, Horror",2,False,False,Released
235260,Son of God,2014-02-28,2014,22000000,70829270,138,3.2093,6.872,345,en,Drama,1,False,False,Released
236735,Marshland,2014-09-25,2014,4000000,5169755,104,1.5273,7.033,1046,es,"Crime, Mystery, Thriller",3,False,False,Released
236737,Spanish Affair,2014-03-14,2014,3000000,78768613,98,1.0005,6.643,670,es,"Comedy, Romance",2,True,False,Released
236751,Heaven Is for Real,2014-04-16,2014,12000000,101300000,99,4.2646,6.782,878,en,Drama,1,False,False,Released
236808,Pizza 2: Villa,2013-11-14,2013,970000,2800000,102,0.3876,5.8,10,ta,"Horror, Thriller",2,True,False,Released
237214,Duniyadari,2013-07-19,2013,390000,3800000,148,0.3938,6.9,11,mr,"Romance, Comedy, Drama",3,False,False,Released
238215,The Cobbler,2014-09-11,2014,10000000,6500000,99,4.644,5.865,1791,en,"Fantasy, Comedy, Drama",3,False,False,Released
238603,Earth to Echo,2014-06-14,2014,13000000,45300000,91,1.8982,5.912,608,en,"Family, Adventure, Science Fiction",3,False,False,Released
238615,Self/less,2015-07-10,2015,26000000,31807156,117,5.0505,6.418,3284,en,"Science Fiction, Action, Thriller",3,False,False,Released
238636,The Purge: Anarchy,2014-07-17,2014,9000000,111928365,103,8.4022,6.627,6681,en,"Horror, Thriller",2,True,False,Released
238713,Spy,2015-05-06,2015,65000000,235666219,120,8.855,6.834,6370,en,"Action, Comedy, Crime",3,False,False,Released
238811,No Man's Land,2013-12-03,2013,2320000,41807000,118,1.9983,6.9,102,zh,"Crime, Drama, Thriller, Western",4,False,False,Released
239019,House of Good and Evil,2013-04-26,2013,150000,560000,108,0.2153,4.7,42,en,"Horror, Thriller",2,False,False,Released
239562,The Single Moms Club,2014-03-14,2014,8000000,16365451,111,1.883,6.0,174,en,"Drama, Comedy",2,False,False,Released
239563,St. Vincent,2014-10-09,2014,13000000,54837234,102,4.2814,7.112,2043,en,Comedy,1,False,False,Released
239566,Get On Up,2014-08-01,2014,30000000,33448971,139,2.5348,6.8,562,en,"Drama, Music, History",3,False,False,Released
239571,The Best of Me,2014-10-15,2014,26000000,35926213,117,5.4183,7.5,2684,en,"Drama, Romance",2,False,False,Released
239573,Unfinished Business,2015-03-05,2015,35000000,14431253,91,3.1074,5.46,866,en,Comedy,1,False,False,Released
239678,This Is Where I Leave You,2014-09-10,2014,19800000,41300000,103,3.6007,6.623,1467,en,"Drama, Comedy",2,False,False,Released
240832,Lucy,2014-07-25,2014,40000000,469058574,89,12.4845,6.5,16977,en,"Action, Science Fiction",2,False,False,Released
240865,Naan Sigappu Manithan,2014-04-11,2014,1200000,2800000,161,0.5789,6.2,21,ta,"Action, Drama",2,False,False,Released
241239,A Most Violent Year,2014-12-31,2014,20000000,12007070,125,4.9636,6.6,1526,en,"Crime, Drama, Thriller",3,False,False,Released
241251,The Boy Next Door,2015-01-23,2015,4000000,52425855,91,2.7998,4.926,2109,en,Thriller,1,False,False,Released
241254,The Prince,2014-08-22,2014,18000000,1289595,93,3.4519,4.925,506,en,"Thriller, Action",2,False,False,Released
241257,Regression,2015-10-01,2015,20000000,17671101,106,2.1794,5.58,1882,en,"Horror, Mystery, Thriller",3,False,False,Released
241258,Incarnate,2016-12-01,2016,5000000,9371036,87,1.7993,5.451,597,en,"Horror, Thriller",2,False,False,Released
241259,Alice Through the Looking Glass,2016-05-25,2016,170000000,299457024,113,12.1836,6.562,6753,en,"Adventure, Family, Fantasy",3,True,False,Released
241554,Run All Night,2015-03-11,2015,50000000,71561644,114,5.3569,6.429,2954,en,"Action, Crime, Thriller",3,True,False,Released
241693,Beyond Beauty: Taiwan from Above,2013-11-01,2013,3400000,7400000,93,0.6812,7.7,22,zh,Documentary,1,False,False,Released
241771,Beyond the Lights,2014-11-14,2014,7000000,14600000,116,2.513,6.774,389,en,"Romance, Drama",2,False,False,Released
241848,The Guest,2014-09-05,2014,5000000,2700051,101,4.0886,6.64,2125,en,"Mystery, Thriller, Action",3,False,False,Released
241868,Lupin the 3rd,2014-08-30,2014,10500000,22300000,133,2.2616,5.972,106,ja,"Action, Adventure, Comedy, Crime",4,False,False,Released
241882,Ankhon Dekhi,2014-03-21,2014,800000,187000,104,0.5608,7.065,62,hi,"Comedy, Drama",2,False,False,Released
242042,Barefoot,2014-02-02,2014,6000000,15071,90,4.4569,6.665,681,en,"Comedy, Drama, Romance",3,False,False,Released
242090,The One I Love,2014-08-08,2014,100000,513447,91,2.6632,6.863,769,en,"Romance, Comedy, Drama",3,False,False,Released
242095,The Signal,2014-03-15,2014,4000000,2665322,97,3.3785,6.018,1828,en,"Thriller, Science Fiction",2,False,False,Released
242224,The Babadook,2014-05-22,2014,2000000,10300000,94,4.8971,6.531,6380,en,"Drama, Horror",2,False,False,Released
242310,Rage,2014-05-09,2014,15000000,2424381,98,2.44,5.27,801,en,"Action, Crime, Thriller",3,False,False,Released
242512,Ouija,2014-10-24,2014,5000000,103600000,89,5.4051,5.135,2768,en,Horror,1,True,False,Released
242523,The Three Musketeers,2013-11-13,2013,12000000,1214919,112,1.142,3.9,11,ru,"Adventure, Comedy",2,False,False,Released
242575,"Good Day, Ramon",2013-10-21,2013,4000000,5104868,119,0.9749,7.9,161,en,Drama,1,False,False,Released
242582,Nightcrawler,2014-10-23,2014,8500000,47425835,118,13.7686,7.709,11641,en,"Crime, Drama, Thriller",3,False,False,Released
243683,Step Up All In,2014-07-15,2014,45000000,86165646,112,6.1495,6.819,1995,en,"Romance, Drama, Music",3,True,False,Released
243684,"Men, Women & Children",2014-10-17,2014,16000000,1700000,116,3.003,6.484,977,en,"Drama, Comedy",2,False,False,Released
243688,Poltergeist,2015-05-20,2015,35000000,95682614,93,5.3953,5.224,2380,en,Horror,1,True,False,Released
243794,Alone Yet Not Alone,2013-09-01,2013,7000000,887851,102,0.462,5.1,27,en,"History, Action, Drama",3,False,False,Released
243938,Hot Tub Time Machine 2,2015-02-20,2015,36000000,64800000,93,2.7482,5.185,1005,en,Comedy,1,True,False,Released
243940,The Lazarus Effect,2015-01-29,2015,3300000,64110728,83,1.7318,5.307,1512,en,"Horror, Science Fiction, Thriller",3,False,False,Released
244049,Drishyam,2013-12-19,2013,750000,12000000,164,1.308,7.532,220,ml,"Thriller, Crime, Drama, Family",4,True,False,Released
244088,Human Capital,2013-12-03,2013,6000000,5809330,111,1.4195,7.446,947,it,Drama,1,False,False,Released
244264,Laggies,2014-09-25,2014,5000000,2379154,100,2.9652,6.126,1177,en,"Comedy, Drama, Romance",3,False,False,Released
244267,I Origins,2014-07-18,2014,1000000,481234,106,3.583,7.564,3440,en,"Science Fiction, Drama",2,False,False,Released
244403,Rudderless,2014-10-17,2014,5000000,58293,105,2.7701,7.172,337,en,"Music, Drama, Comedy",3,False,False,Released
244506,Camp X-Ray,2014-10-17,2014,1000000,59744,117,3.068,6.716,1094,en,Drama,1,False,False,Released
244534,Happy Christmas,2014-07-25,2014,70000,30312,82,0.883,5.071,177,en,"Comedy, Drama",2,False,False,Released
244539,Infinitely Polar Bear,2014-01-18,2014,6700000,1430655,87,1.7634,6.6,396,en,"Drama, Comedy",2,False,False,Released
244566,Life After Beth,2014-08-15,2014,2400000,88273,89,1.7699,5.505,721,en,"Romance, Comedy, Horror",3,False,False,Released
244610,The Den,2013-12-12,2013,500000,410129,77,2.5153,6.072,380,en,"Horror, Thriller, Mystery",3,False,False,Released
244772,The Skeleton Twins,2014-06-05,2014,1000000,5300000,92,2.6701,6.65,688,en,Drama,1,False,False,Released
244783,Song One,2014-01-20,2014,6000000,32251,86,1.3213,5.7,242,en,Drama,1,False,False,Released
244786,Whiplash,2014-10-10,2014,3300000,50307484,107,23.22,8.4,16516,en,"Drama, Music, Thriller",3,False,False,Released
244941,Varudu,2010-03-31,2010,4600000,4100000,147,0.9492,3.1,10,te,Action,1,False,False,Released
245142,The Warning,2012-12-21,2012,500000,500000,79,0.257,3.6,15,en,Horror,1,False,False,Released
245168,Suffragette,2015-10-16,2015,14000000,16002420,106,3.4553,7.2,1670,en,"Drama, History",2,False,False,Released
245698,Pawn Sacrifice,2015-09-16,2015,19000000,5578519,115,2.542,6.749,1057,en,"Thriller, Drama",2,False,False,Released
245703,Midnight Special,2016-02-18,2016,18000000,7112282,112,3.4988,6.253,2030,en,"Adventure, Drama, Science Fiction",3,False,False,Released
245775,Yves Saint Laurent,2014-01-08,2014,12000000,21026290,106,1.3126,6.615,918,fr,Drama,1,False,False,Released
245842,The King's Daughter,2022-01-21,2022,40500000,2200000,94,3.6492,6.99,716,en,"Fantasy, Adventure, Family",3,False,False,Released
245846,Strangerland,2015-07-01,2015,10000000,111107,111,1.289,5.268,278,en,"Drama, Thriller, Mystery",3,False,False,Released
245891,John Wick,2014-10-22,2014,20000000,86085191,101,13.0303,7.455,20696,en,"Action, Thriller",2,True,False,Released
245916,Kill the Messenger,2014-10-09,2014,5000000,5200000,112,3.7764,6.615,914,en,"Crime, Drama, Mystery, Thriller, History",5,False,False,Released
246080,Black Sea,2014-12-05,2014,8000000,4070789,115,3.366,6.264,1174,en,"Adventure, Drama, Thriller",3,False,False,Released
246087,Jilla,2014-01-10,2014,8000000,18000000,169,0.9617,5.649,67,ta,Action,1,False,False,Released
246127,Every Thing Will Be Fine,2015-04-02,2015,12000000,554953,118,1.0993,5.446,233,en,Drama,1,False,False,Released
246320,The Three Brothers: The Return,2014-02-12,2014,13640000,20193106,106,0.972,5.047,472,fr,Comedy,1,True,False,Released
246403,Tusk,2014-09-19,2014,3000000,1882074,102,4.6162,5.513,1592,en,"Comedy, Horror",2,False,False,Released
246406,Sound,2013-11-28,2013,7,16,100,0.2098,7.0,14,bn,Drama,1,False,False,Released
246575,Mountains of the Moon,2013-12-20,2013,2300000,3100000,149,0.2678,5.6,17,bn,"Adventure, Mystery",2,True,False,Released
246655,X-Men: Apocalypse,2016-05-18,2016,178000000,543934787,144,13.39,6.521,13701,en,"Science Fiction, Fantasy, Action",3,True,False,Released
246741,What We Do in the Shadows,2014-06-19,2014,1600000,6300000,86,4.3254,7.55,3902,en,"Comedy, Horror",2,False,False,Released
246860,Clouds of Sils Maria,2014-08-20,2014,6600000,1851517,124,1.5628,6.583,803,en,Drama,1,False,False,Released
246871,The Mountain,2012-11-16,2012,95000,1671445,90,0.7417,6.754,120,tr,"War, Action, Thriller",3,True,False,Released
247504,Veeram,2014-01-10,2014,5900000,19000000,161,1.1111,5.268,41,ta,"Action, Comedy",2,False,False,Released
247645,Queen,2014-03-07,2014,1900000,17000000,146,0.8598,7.32,305,hi,"Comedy, Drama",2,False,False,Released
248574,Barely Lethal,2015-04-23,2015,15000000,933847,98,2.9523,5.715,1108,en,"Action, Comedy, Adventure, Romance",4,False,False,Released
248705,The Visitors: Bastille Day,2016-03-23,2016,25868826,18552314,110,2.5478,4.162,717,fr,"Comedy, Fantasy",2,True,False,Released
248774,Obvious Child,2014-06-06,2014,1000000,3123963,85,1.9066,6.488,456,en,"Comedy, Romance",2,False,False,Released
249070,Hitman: Agent 47,2015-08-20,2015,35000000,81967450,96,6.5821,5.897,3270,en,"Action, Crime, Thriller",3,True,False,Released
249142,Taste Of You,2014-01-09,2014,3000000,2534077,90,0.5243,5.8,138,it,Comedy,1,True,False,Released
249164,If I Stay,2014-08-21,2014,11000000,78300000,106,3.7387,7.353,4295,en,Drama,1,False,False,Released
249397,Nymphomaniac: Vol. II,2013-12-25,2013,2350000,4934725,124,16.09,6.707,3120,en,"Drama, Mystery",2,True,False,Released
249660,God's Not Dead,2014-03-21,2014,17000000,29789000,113,2.9622,5.982,955,en,Drama,1,True,False,Released
250124,The Diary of a Teenage Girl,2015-08-07,2015,2000000,1477002,102,2.4897,6.6,784,en,"Drama, Romance, Comedy",3,False,False,Released
250219,I Can Quit Whenever I Want,2014-02-06,2014,2000000,54606,100,1.3832,7.414,1846,it,Comedy,1,True,False,Released
250251,The Lucky Island,2013-12-05,2013,2000000,4803665,82,0.8899,3.8,17,ru,"Comedy, Adventure",2,False,False,Released
250349,Barbecue,2014-04-30,2014,6000000,14348529,98,1.4934,5.822,735,fr,Comedy,1,True,False,Released
250538,The Good Lie,2014-09-10,2014,20000000,3396345,110,2.6554,7.439,589,en,Drama,1,False,False,Released
250546,Annabelle,2014-10-01,2014,6500000,257589952,99,6.747,5.79,6522,en,Horror,1,True,False,Released
250734,Far from the Madding Crowd,2015-04-23,2015,14500000,30300000,119,2.8752,7.013,1102,en,"Drama, Romance",2,False,False,Released
251321,Aloft,2014-02-12,2014,8000000,53086,112,1.2559,5.3,137,en,Drama,1,False,False,Released
252053,Yaariyan,2014-01-10,2014,10,100,145,0.4506,3.2,18,hi,"Drama, Romance",2,True,False,Released
252171,A Girl Walks Home Alone at Night,2014-11-21,2014,1000000,395000,101,2.781,6.813,943,en,"Horror, Romance",2,False,False,Released
252178,'71,2014-10-10,2014,11000000,3200000,99,3.3385,6.807,1208,en,"Thriller, Action, Drama, War",4,False,False,Released
252512,While We're Young,2015-03-27,2015,10000000,17287309,97,3.1491,6.007,1188,en,"Comedy, Drama",2,False,False,Released
252607,Junior,2014-03-12,2014,8358460,1922868,89,0.5885,5.4,683,fr,Comedy,1,False,False,Released
252680,Moms' Night Out,2014-03-25,2014,5000000,10429707,98,1.4575,5.637,306,en,Comedy,1,False,False,Released
252838,The Wedding Ringer,2015-01-16,2015,23000000,79799880,101,4.1397,6.463,1680,en,Comedy,1,False,False,Released
252841,Highway,2014-02-13,2014,2860530,5458444,133,1.1705,7.201,184,hi,"Drama, Romance, Crime",3,False,False,Released
253161,Madame Bovary,2015-06-04,2015,8000000,658532,118,1.9702,5.7,419,en,Drama,1,False,False,Released
253192,Faster Than Rabbits,2014-01-01,2014,3000000,5279982,99,1.0639,6.1,49,ru,Comedy,1,True,False,Released
253235,And So It Goes,2014-07-10,2014,18000000,25312387,94,3.1222,6.029,478,en,"Comedy, Drama, Romance",3,False,False,Released
253279,The Trials of Cate McCall,2013-11-28,2013,7000000,249601,89,2.5983,6.356,309,en,Drama,1,False,False,Released
253303,Buzzard,2015-03-06,2015,10000,13684,97,0.2576,5.381,63,en,"Comedy, Drama, Crime",3,False,False,Released
253331,Black or White,2015-01-30,2015,9000000,21571189,121,2.2868,6.8,360,en,Drama,1,False,False,Released
253412,Everest,2015-09-10,2015,55000000,203427584,121,5.7771,6.829,5195,en,"Adventure, Drama, History",3,False,False,Released
253414,Rock the Kasbah,2015-10-22,2015,15000000,3020664,100,1.4319,5.385,370,en,"Comedy, Music, War",3,False,False,Released
253450,The Assassin,2015-08-27,2015,15000000,11991669,105,2.935,6.388,550,zh,"Drama, Action",2,False,False,Released
254128,San Andreas,2015-05-27,2015,110000000,473990832,114,9.1221,6.244,8971,en,"Action, Drama, Thriller",3,False,False,Released
254191,Honeymoon,2014-09-12,2014,1000000,9318,88,1.6109,5.417,629,en,"Horror, Science Fiction",2,False,False,Released
254201,The Absent One,2014-10-02,2014,5800000,11500000,116,2.5174,7.0,690,da,Thriller,1,True,False,Released
254320,The Lobster,2015-10-15,2015,4000000,15700000,119,6.1892,7.027,6843,en,"Comedy, Drama, Romance",3,False,False,Released
254470,Pitch Perfect 2,2015-05-07,2015,29000000,287144079,115,7.3588,6.84,5500,en,"Comedy, Music",2,True,False,Released
254472,Stung,2015-07-03,2015,2500000,71085,87,0.6432,5.3,209,en,"Horror, Comedy, Science Fiction",3,False,False,Released
254473,Brick Mansions,2014-04-22,2014,28000000,71416730,90,4.4035,5.9,1602,en,"Action, Crime, Drama",3,False,False,Released
254672,The Wrath of Vajra,2013-09-24,2013,13898500,1872903,115,1.8415,5.4,57,cn,"Fantasy, Action, Horror",3,False,False,Released
254732,Haunted,2013-03-31,2013,15000,45000,93,0.4307,4.7,10,en,Horror,1,True,False,Released
254869,Torrente 5: Operation Eurovegas,2014-10-03,2014,9300000,13851074,102,4.8586,5.602,205,es,"Action, Comedy, Crime",3,True,False,Released
254904,The November Man,2014-08-27,2014,15000000,32600000,108,7.4901,6.104,1588,en,"Crime, Action, Thriller",3,False,False,Released
254905,Manglehorn,2015-06-03,2015,4000000,143101,97,1.0152,5.419,224,en,Drama,1,False,False,Released
255343,Escobar: Paradise Lost,2014-10-11,2014,17000000,3758328,120,4.1886,6.263,811,en,"Thriller, Romance",2,False,False,Released
255615,River of Fundament,2014-02-12,2014,5000000,44840,310,0.9974,5.9,18,en,"Drama, Fantasy",2,False,False,Released
255905,Piégé,2014-01-15,2014,3000000,19585,78,0.5646,4.4,43,fr,"War, Thriller",2,False,False,Released
256040,Bāhubali: The Beginning,2015-07-10,2015,25130430,90747520,159,4.1818,7.52,917,te,"Action, Drama",2,True,False,Released
256274,"As Above, So Below",2014-08-14,2014,5000000,41898409,93,4.9055,6.736,3820,en,"Horror, Thriller",2,True,False,Released
256474,In the Blood,2014-04-04,2014,10000000,594860,108,2.5215,5.8,381,en,"Action, Crime, Thriller",3,False,False,Released
256591,Focus,2015-02-25,2015,50100000,153962963,105,6.8681,6.869,8247,en,"Romance, Comedy, Crime",3,False,False,Released
256917,The Water Diviner,2014-12-25,2014,22500000,15520023,112,3.39,6.788,1324,en,"War, Drama",2,False,False,Released
256924,Danny Collins,2015-03-19,2015,10000000,10835752,107,2.8387,6.747,579,en,"Music, Comedy, Drama",3,False,False,Released
256961,Paul Blart: Mall Cop 2,2015-04-16,2015,38000000,107597242,94,4.3679,5.18,1680,en,"Action, Comedy, Family",3,True,False,Released
256962,Little Boy,2015-04-23,2015,20000000,6500000,106,2.861,7.226,558,en,"Comedy, Drama, War",3,False,False,Released
257088,Point Break,2015-12-03,2015,105000000,133782481,114,19.288,5.953,2428,en,"Action, Adventure, Crime, Thriller",4,False,False,Released
257091,Get Hard,2015-03-26,2015,40000000,111800000,100,3.2796,6.023,2885,en,Comedy,1,False,False,Released
257160,Ohm Shanthi Oshaana,2014-02-07,2014,220000,1500000,130,0.9207,7.2,54,ml,"Comedy, Romance",2,False,False,Released
257211,The Intern,2015-09-23,2015,35000000,194564672,121,11.5088,7.227,7268,en,Comedy,1,False,False,Released
257344,Pixels,2015-07-16,2015,88000000,244874809,106,11.8458,5.769,7998,en,"Action, Comedy, Science Fiction",3,False,False,Released
257345,The Darkness,2016-05-13,2016,4000000,10904495,92,1.6752,4.777,643,en,"Horror, Thriller",2,False,False,Released
257423,Thegidi,2014-02-28,2014,404000,1100000,122,0.3605,7.1,25,ta,"Crime, Thriller",2,False,False,Released
257440,Term Life,2016-04-29,2016,16500000,21256,93,2.2137,5.965,326,en,"Thriller, Drama, Action, Mystery",4,False,False,Released
257445,Goosebumps,2015-08-05,2015,58000000,158952243,103,6.9862,6.308,3967,en,"Adventure, Horror, Comedy",3,True,False,Released
257785,Tulip Fever,2017-07-13,2017,25000000,9204549,107,3.7004,6.518,737,en,"Drama, Romance",2,False,False,Released
258086,The Damned,2014-06-20,2014,3000000,5758519,87,0.7075,5.5,266,en,"Thriller, Horror, Mystery",3,False,False,Released
258216,Nymphomaniac: Vol. I,2013-12-25,2013,2350000,13545832,118,6.1751,6.845,3624,en,Drama,1,True,False,Released
258230,A Monster Calls,2016-10-07,2016,43000000,47309313,108,4.8482,7.292,3542,en,"Fantasy, Adventure, Family",3,False,False,Released
258480,Carol,2015-11-20,2015,11800000,40272135,118,5.2226,7.496,3936,en,"Romance, Drama",2,False,False,Released
258489,The Legend of Tarzan,2016-06-29,2016,180000000,356743061,109,9.9767,5.915,6484,en,"Fantasy, Action, Adventure",3,False,False,Released
258509,Alvin and the Chipmunks: The Road Chip,2015-12-17,2015,90000000,233755553,92,5.0136,6.0,1748,en,"Family, Comedy, Music, Adventure, Animation",5,True,False,Released
259316,Fantastic Beasts and Where to Find Them,2016-11-16,2016,180000000,809342332,133,11.6151,7.307,19631,en,"Fantasy, Adventure",2,True,False,Released
259693,The Conjuring 2,2016-06-08,2016,40000000,322819915,134,12.3599,7.292,9119,en,Horror,1,True,False,Released
259694,How to Be Single,2016-02-08,2016,38000000,112343513,110,16.1706,6.254,3343,en,"Comedy, Romance",2,False,False,Released
259695,Live by Night,2016-12-25,2016,90000000,22700000,129,4.1879,6.275,1394,en,"Crime, Drama, Thriller",3,False,False,Released
259720,2 States,2014-04-17,2014,4587786,22414611,149,1.4039,6.5,158,hi,"Comedy, Romance, Drama",3,False,False,Released
260088,Amici come noi,2014-03-20,2014,3000000,3783006,89,0.2052,5.604,188,it,Comedy,1,False,False,Released
260310,Space Dogs 2,2014-02-06,2014,6000000,6451892,90,1.1581,4.5,20,ru,"Adventure, Animation, Comedy, Family",4,True,False,Released
260346,Taken 3,2014-12-16,2014,48000000,325800000,109,9.7704,6.26,6102,en,"Thriller, Action",2,True,False,Released
260513,Incredibles 2,2018-06-14,2018,200000000,1243225667,118,10.8964,7.45,13619,en,"Action, Adventure, Animation, Family",4,True,False,Released
260514,Cars 3,2017-06-15,2017,175000000,383925276,102,12.9336,6.9,6346,en,"Animation, Drama, Family",3,True,False,Released
260522,Easy on the Eyes,2014-02-27,2014,2153912,4864560,83,1.265,5.2,30,ru,"Comedy, Science Fiction",2,False,False,Released
261023,Black Mass,2015-09-17,2015,53000000,99975678,123,6.0227,6.531,3577,en,"Drama, Crime, History",3,False,False,Released
261392,American Ultra,2015-08-19,2015,28000000,27100000,96,3.8507,6.092,2938,en,"Action, Comedy",2,False,False,Released
262340,Mrs. Brown's Boys D'Movie,2014-06-27,2014,5900000,23000000,94,0.5852,5.3,69,en,Comedy,1,False,False,Released
262391,Serial (Bad) Weddings,2014-04-16,2014,13000000,176404493,94,4.1943,6.663,3514,fr,Comedy,1,True,False,Released
262500,Insurgent,2015-03-18,2015,110000000,297002527,119,10.5933,6.359,10394,en,"Action, Science Fiction, Thriller",3,True,False,Released
262504,Allegiant,2016-03-09,2016,110000000,179246868,120,8.4287,6.1,6942,en,"Adventure, Science Fiction, Action, Mystery",4,True,False,Released
262543,Automata,2014-10-09,2014,7000000,6237990,110,5.5566,5.873,1771,en,"Thriller, Science Fiction",2,False,False,Released
262551,Babysitting,2014-04-16,2014,3400000,20258904,85,3.6438,6.79,2010,fr,Comedy,1,True,False,Released
262733,Dubrovsky,2014-03-06,2014,2500000,1677946,123,0.5381,4.7,16,ru,Drama,1,False,False,Released
262788,The Games Maker,2014-07-03,2014,6000000,5205106,112,0.5352,5.3,74,es,"Adventure, Family",2,False,False,Released
262841,Monster Trucks,2016-12-21,2016,125000000,64493915,104,3.5913,6.084,918,en,"Action, Comedy, Science Fiction",3,False,False,Released
262970,Velaiyilla Pattathari,2014-07-18,2014,1100000,7700000,133,0.9897,7.521,72,ta,"Drama, Comedy, Action",3,True,False,Released
262973,Anegan,2015-02-13,2015,5200000,8200000,154,0.6987,6.3,36,ta,"Comedy, Mystery, Romance, Thriller",4,False,False,Released
263109,Shaun the Sheep Movie,2015-02-05,2015,25000000,106209378,85,3.8973,7.0,1503,en,"Family, Animation, Comedy, Adventure",4,True,False,Released
263115,Logan,2017-02-28,2017,97000000,619021436,137,13.2992,7.819,20302,en,"Action, Drama, Science Fiction",3,True,False,Released
263341,"Crouching Tiger, Hidden Dragon: Sword of Destiny",2016-02-18,2016,20000000,38659039,100,4.7309,6.163,713,en,"Action, Adventure, Drama",3,True,False,Released
263472,Knock Knock,2015-06-26,2015,10000000,6341684,99,7.2048,5.384,3460,en,"Horror, Thriller",2,False,False,Released
264419,Huevos: Little Rooster's Egg-Cellent Adventure,2015-09-04,2015,5300000,26072723,99,1.8463,7.0,222,es,"Animation, Adventure, Comedy, Family",4,True,False,Released
264644,Room,2015-10-16,2015,13000000,35401758,118,5.2737,7.995,9642,en,"Drama, Thriller",2,False,False,Released
264656,The Homesman,2014-05-18,2014,16000000,3442853,122,3.8323,6.5,863,en,"Western, Drama",2,False,False,Released
264660,Ex Machina,2015-01-21,2015,15000000,36869414,108,10.5837,7.574,14174,en,"Drama, Science Fiction",2,False,False,Released
264999,Magic Mike XXL,2015-07-01,2015,14800000,117800000,115,3.6949,6.144,1855,en,"Comedy, Drama",2,True,False,Released
265177,Mommy,2014-09-19,2014,4900000,3494070,138,5.1115,8.208,2839,fr,Drama,1,False,False,Released
265180,Leviathan,2014-09-24,2014,4000000,4396821,141,2.1391,7.362,951,ru,"Drama, Crime",2,False,False,Released
265195,Wild Tales,2014-08-21,2014,4000000,31478893,122,3.1502,7.862,3724,es,"Drama, Thriller, Comedy",3,False,False,Released
265208,Wild Card,2015-01-14,2015,30000000,6738764,92,8.9294,5.696,1926,en,"Thriller, Crime, Action",3,False,False,Released
265581,Ring Master,2014-04-11,2014,1400000,3700000,150,0.371,3.2,11,ml,Comedy,1,False,False,Released
265712,Stand by Me Doraemon,2014-08-08,2014,35000000,83100000,94,5.078,7.385,580,ja,"Animation, Adventure, Science Fiction, Drama, Family, Fantasy",6,True,False,Released
266285,The Salvation,2014-05-22,2014,10500000,1363964,92,3.1136,6.452,935,da,"Drama, Western",2,False,False,Released
266294,Sisters,2015-12-18,2015,30000000,105000000,118,3.7995,5.957,1455,en,Comedy,1,False,False,Released
266396,The Gunman,2015-02-16,2015,40000000,13644292,115,3.0349,5.753,1027,en,"Action, Drama, Crime",3,False,False,Released
266639,Jem and the Holograms,2015-10-22,2015,5000000,2333684,119,1.4421,5.476,399,en,"Drama, Music",2,False,False,Released
266647,Pan,2015-09-24,2015,150000000,128388320,111,5.0722,5.956,2834,en,"Fantasy, Adventure, Family, Action",4,False,False,Released
266856,The Theory of Everything,2014-11-07,2014,15000000,123726688,123,4.6996,7.832,11072,en,"Drama, Romance",2,False,False,Released
267193,Grimsby,2016-02-24,2016,35000000,28000000,83,5.5945,5.955,2487,en,"Action, Comedy",2,False,False,Released
267481,Kitchen in Paris,2014-05-01,2014,2300000,13969785,106,1.5891,6.626,91,ru,"Comedy, Romance",2,False,False,Released
267618,Googly,2013-07-19,2013,670000,2830000,144,0.3981,6.5,11,kn,"Comedy, Romance",2,False,False,Released
267860,London Has Fallen,2016-03-02,2016,60000000,205754447,99,8.3852,6.22,5072,en,"Action, Thriller",2,True,False,Released
267935,The BFG,2016-06-01,2016,140000000,195243411,117,6.1625,6.286,3608,en,"Adventure, Family, Fantasy",3,False,False,Released
267999,White God,2014-06-12,2014,2200000,616277,121,1.4748,6.624,364,hu,Drama,1,False,False,Released
268238,The Second Best Exotic Marigold Hotel,2015-02-26,2015,10000000,85979176,122,1.71,6.429,763,en,"Drama, Comedy",2,True,False,Released
268413,Antidote,2014-05-08,2014,500000,446619,124,0.3474,6.0,30,tr,"Crime, Action, Drama",3,False,False,Released
268531,Captain Underpants: The First Epic Movie,2017-06-01,2017,38000000,125427681,89,5.3583,6.3,1346,en,"Family, Comedy, Animation, Science Fiction, Action",5,True,False,Released
268660,Bangalore Days,2014-05-30,2014,7400000,1300000,172,0.9906,7.579,133,ml,"Drama, Family, Romance",3,False,False,Released
268689,Wicked Flying Monkeys,2015-03-26,2015,2700000,1921923,86,0.4347,5.7,23,es,"Fantasy, Animation, Adventure",3,False,False,Released
268690,The Legend of the Guanajuato Mummies,2014-10-30,2014,1300000,6300000,84,2.9408,8.0,159,es,"Animation, Horror, Adventure, Comedy, Family",5,True,False,Released
268860,Hawaa Hawaai,2014-05-09,2014,1460000,1505000,120,0.3439,7.3,14,hi,"Drama, Family",2,False,False,Released
268896,Pacific Rim: Uprising,2018-03-21,2018,150000000,290061297,111,7.7292,6.119,5297,en,"Action, Fantasy, Science Fiction, Adventure",4,True,False,Released
268898,The Candidate,2013-10-10,2013,250000,540000,106,0.4583,6.6,11,sk,Comedy,1,False,False,Released
268920,Hot Pursuit,2015-05-08,2015,35000000,51680201,87,2.8345,5.748,1724,en,"Action, Comedy",2,False,False,Released
269148,Samba,2014-10-15,2014,20000000,151530,118,2.8007,6.354,984,fr,"Drama, Comedy",2,False,False,Released
269149,Zootopia,2016-02-11,2016,150000000,1025521689,109,23.6398,7.759,17974,en,"Animation, Adventure, Family, Comedy",4,True,False,Released
269509,The Canterville Ghost,2023-09-22,2023,10000000,2000000,89,4.2493,6.7,54,en,"Animation, Comedy, Family, Fantasy",4,False,False,Released
270010,A Hologram for the King,2016-04-22,2016,30000000,9169507,98,2.7277,5.852,1219,en,"Comedy, Drama",2,False,False,Released
270303,It Follows,2015-02-04,2015,2300000,23374076,101,7.9904,6.583,6869,en,"Horror, Mystery",2,True,False,Released
270417,The Xposé,2014-05-16,2014,2459000,3278000,113,0.597,4.4,10,hi,"Thriller, Drama, Crime",3,True,False,Released
270487,"Hail, Caesar!",2016-02-05,2016,22000000,63647656,106,5.0845,5.941,3986,en,"Comedy, Crime, Drama, Mystery, History",5,False,False,Released
270650,Oy Vey! My Son Is Gay!,2010-06-18,2010,2,6000007,90,0.7319,5.1,30,en,"Comedy, Romance",2,False,False,Released
270654,Parts Per Billion,2014-03-25,2014,1300000,15000000,98,0.7299,4.4,66,en,Science Fiction,1,False,False,Released
270774,Skiptrace,2016-07-21,2016,32000000,136579287,107,5.5603,5.762,759,en,"Action, Adventure, Crime, Comedy",4,False,False,Released
270938,Falcon Rising,2014-09-05,2014,4500000,11774,103,3.5817,6.346,382,en,"Adventure, Action",2,False,False,Released
270946,Penguins of Madagascar,2014-11-22,2014,132000000,373515621,92,11.9417,6.53,4440,en,"Family, Animation, Adventure, Comedy",4,False,False,Released
271110,Captain America: Civil War,2016-04-27,2016,250000000,1155046416,147,18.7243,7.447,23924,en,"Adventure, Action, Science Fiction",3,True,False,Released
271200,Heropanti,2014-05-23,2014,4200000,10000000,146,0.8629,5.664,70,hi,"Romance, Action",2,True,False,Released
271331,United Passions,2014-06-19,2014,30000000,168832,110,1.0186,3.492,61,en,Drama,1,False,False,Released
271404,Beyond Skyline,2017-10-26,2017,14000000,992181,105,1.8631,5.296,1091,en,"Action, Science Fiction, Adventure",3,True,False,Released
271674,Suite Française,2015-03-12,2015,15000000,9104716,103,3.5545,7.241,1145,en,"Drama, Romance, War",3,False,False,Released
271706,Big Fish & Begonia,2016-07-08,2016,4531653,84552250,101,2.1398,7.375,481,zh,"Animation, Adventure, Fantasy",3,True,False,Released
271714,Love & Mercy,2015-05-29,2015,10000000,28600000,120,2.5851,7.078,746,en,"Drama, Music, History",3,False,False,Released
271718,Trainwreck,2015-07-17,2015,35000000,140795793,125,5.3069,5.786,2708,en,"Comedy, Romance",2,False,False,Released
271969,Ben-Hur,2016-08-17,2016,100000000,94061311,125,4.833,5.774,1773,en,"Action, History, Adventure, Drama",4,False,False,Released
272435,Gemma Bovery,2014-09-10,2014,9700000,154701,99,2.6383,6.155,346,fr,"Romance, Drama, Comedy",3,False,False,Released
272610,Black Rose,2014-04-17,2014,7000000,855450,83,0.8908,2.8,28,en,"Action, Crime, Drama, Thriller",4,False,False,Released
272693,The DUFF,2015-02-20,2015,8500000,43528634,100,3.7872,6.759,4465,en,"Romance, Comedy",2,False,False,Released
272731,Pane e burlesque,2014-05-29,2014,2000000,319180,86,0.2651,5.4,58,it,Comedy,1,False,False,Released
272875,The Continent,2014-07-24,2014,7300000,9166810,100,1.7476,6.2,92,zh,Drama,1,False,False,Released
272878,Max,2015-06-25,2015,20000000,43956255,111,3.5081,7.111,927,en,"Adventure, Drama, Family",3,True,False,Released
273169,French Women,2014-06-04,2014,5000000,12058187,116,0.7867,5.7,385,fr,Comedy,1,False,False,Released
273248,The Hateful Eight,2015-12-25,2015,44000000,155760117,188,9.6442,7.756,15196,en,"Drama, Mystery, Western",3,False,False,Released
273477,Scouts Guide to the Zombie Apocalypse,2015-10-23,2015,15000000,14900000,93,9.6169,6.572,2109,en,"Comedy, Horror",2,False,False,Released
273481,Sicario,2015-09-17,2015,30000000,84997446,122,12.4424,7.417,9475,en,"Action, Crime, Thriller",3,True,False,Released
273895,Selma,2014-12-25,2014,20000000,66787908,128,3.6144,7.4,2315,en,"History, Drama",2,False,False,Released
273899,Stonewall,2015-09-18,2015,13500000,187674,129,2.2978,6.045,144,en,"Drama, History",2,False,False,Released
274167,Daddy's Home,2015-12-25,2015,50000000,242786137,96,6.9222,6.3,3416,en,Comedy,1,True,False,Released
274479,Joy,2015-12-24,2015,60000000,101134059,124,4.2416,6.55,4273,en,"Drama, Comedy",2,False,False,Released
274854,The Last Witch Hunter,2015-10-21,2015,90000000,146936910,106,8.1717,6.01,3826,en,"Action, Adventure, Fantasy",3,True,False,Released
274855,Geostorm,2017-10-12,2017,120000000,221600160,109,10.4701,6.111,5133,en,"Action, Science Fiction, Thriller",3,False,False,Released
274857,King Arthur: Legend of the Sword,2017-05-10,2017,175000000,149175066,126,9.7848,6.553,6022,en,"Action, Drama, Fantasy",3,False,False,Released
274862,The Lego Ninjago Movie,2017-09-21,2017,70000000,123081555,101,5.0915,6.5,1159,en,"Family, Comedy, Adventure, Animation, Action",5,False,False,Released
274870,Passengers,2016-12-21,2016,110000000,303144152,116,6.7622,6.952,14155,en,"Drama, Romance, Science Fiction",3,False,False,Released
275244,Cheburashka,2010-12-18,2010,6000000,54034,80,0.9608,6.0,18,ja,"Family, Animation",2,False,False,Released
275269,Wazir,2016-01-07,2016,5200000,9200000,103,0.8563,6.678,135,hi,"Thriller, Action, Crime",3,False,False,Released
275601,Ricki and the Flash,2015-07-10,2015,18000000,41325328,100,1.3915,5.8,741,en,"Comedy, Drama, Music",3,False,False,Released
276902,Cut Bank,2014-10-04,2014,5000000,288591,94,1.7427,5.761,355,en,"Crime, Drama, Mystery, Thriller",4,False,False,Released
276905,Norm of the North,2016-01-14,2016,7000000,17062499,86,1.7396,4.7,360,en,"Adventure, Animation, Comedy, Family",4,True,False,Released
276907,Legend,2015-09-09,2015,25000000,42972994,132,9.8539,7.055,4245,en,"Crime, Thriller",2,False,False,Released
276918,America: Imagine the World Without Her,2014-07-02,2014,5000000,14444502,103,0.2613,4.4,84,en,Documentary,1,False,False,Released
276938,Punjab 1984,2014-06-27,2014,840700,3710000,159,0.3709,8.3,13,pa,"Drama, Family, History",3,False,False,Released
277216,Straight Outta Compton,2015-08-11,2015,28000000,201634991,147,5.7443,7.774,4154,en,"Drama, Music, History",3,False,False,Released
277355,Everly,2015-02-26,2015,10000000,358156,93,1.9917,5.5,581,en,"Thriller, Action",2,False,False,Released
277685,Unfriended,2014-06-18,2014,1000000,64364198,83,3.6626,5.543,3515,en,"Horror, Mystery",2,True,False,Released
277834,Moana,2016-10-13,2016,150000000,690860472,107,3.2618,7.564,13675,en,"Adventure, Comedy, Family, Animation",4,True,False,Released
278154,Ice Age: Collision Course,2016-06-23,2016,105000000,408579038,95,8.067,6.113,4853,en,"Adventure, Animation, Family, Comedy, Science Fiction",5,True,False,Released
278718,Star,2014-06-18,2014,1250000,92500,128,0.7395,5.5,36,ru,"Drama, Romance, Comedy",3,False,False,Released
278769,Bamse and the Thief City,2014-01-17,2014,3377382,4201541,66,1.113,5.9,16,sv,"Animation, Family, Comedy",3,True,False,Released
278924,Mechanic: Resurrection,2016-08-25,2016,40000000,125729635,99,8.2,6.0,3623,en,"Action, Crime, Thriller, Adventure",4,True,False,Released
278927,The Jungle Book,2016-04-07,2016,175000000,966550600,106,8.1056,6.87,8464,en,"Family, Adventure, Fantasy",3,False,False,Released
279449,Gopala Gopala,2015-01-10,2015,500,100,153,0.6292,6.1,17,te,"Comedy, Romance, Fantasy",3,False,False,Released
279641,Whiskey Tango Foxtrot,2016-03-04,2016,35000000,48000000,112,2.9434,6.311,1039,en,"Comedy, Drama, War",3,False,False,Released
280092,Insidious: Chapter 3,2015-05-28,2015,10000000,120453155,97,9.2562,6.281,3586,en,"Horror, Thriller",2,True,False,Released
280106,Naaigal Jaakirathai,2014-11-21,2014,630000,1,126,0.5131,6.3,11,ta,"Thriller, Action, Comedy",3,False,False,Released
280127,Hazard Jack,2014-05-13,2014,30000,8000,81,0.4084,4.2,33,en,"Thriller, Horror, Mystery",3,False,False,Released
280217,The Lego Movie 2: The Second Part,2019-02-06,2019,99000000,199603202,107,6.2165,6.656,2406,en,"Action, Adventure, Animation, Comedy, Family",5,True,False,Released
280391,Animal Kingdom: Let's Go Ape,2015-04-08,2015,37580800,16294916,91,1.0348,5.251,364,fr,"Adventure, Comedy, Animation",3,False,False,Released
280422,All at Once,2014-06-05,2014,750000,3,93,0.6307,6.294,34,ru,"Crime, Comedy, Mystery",3,False,False,Released
280690,Kick,2014-07-25,2014,22000000,55000000,146,1.2602,5.734,171,hi,"Action, Romance, Comedy, Crime",4,False,False,Released
280795,Haider,2014-10-02,2014,7000000,11500000,150,1.3197,7.2,248,hi,"Crime, Drama",2,False,False,Released
280996,Mr. Holmes,2015-06-19,2015,11000000,29355203,104,3.8258,6.483,1954,en,"Drama, Crime, Mystery",3,False,False,Released
281338,War for the Planet of the Apes,2017-07-11,2017,150000000,490719763,140,8.3667,7.218,9672,en,"Drama, Science Fiction, War",3,True,False,Released
281957,The Revenant,2015-12-25,2015,135000000,532950503,157,10.4666,7.54,19217,en,"Western, Drama, Adventure",3,False,False,Released
282035,The Mummy,2017-06-06,2017,125000000,409231607,110,9.5639,5.517,7601,en,"Fantasy, Thriller, Action, Adventure, Horror",5,False,False,Released
282296,My Old Lady,2014-09-09,2014,5000000,7527232,107,2.2121,6.2,285,en,"Romance, Comedy, Drama",3,False,False,Released
282346,Hate Story 2,2014-07-18,2014,2300000,4600000,130,0.9409,4.4,32,hi,"Drama, Thriller",2,True,False,Released
282631,The Admiral: Roaring Currents,2014-07-30,2014,9500000,138342258,126,3.8774,7.039,319,ko,"War, Action, Drama, History",4,True,False,Released
282813,The Pyramid,2014-12-04,2014,6500000,16861137,89,2.2548,5.3,1149,en,Horror,1,False,False,Released
282984,Irrational Man,2015-07-17,2015,11000000,27391084,95,2.4983,6.524,2465,en,"Drama, Comedy",2,False,False,Released
283235,99 Homes,2015-09-25,2015,8000000,1411927,112,2.7419,6.8,841,en,Drama,1,False,False,Released
283366,Miss Peregrine's Home for Peculiar Children,2016-09-28,2016,110000000,296482446,127,8.7,6.837,10445,en,"Fantasy, Adventure, Drama, Family, Thriller",5,False,False,Released
283445,Sinister 2,2015-08-19,2015,10000000,53329150,97,4.5116,5.89,2284,en,Horror,1,True,False,Released
283552,The Light Between Oceans,2016-09-02,2016,20000000,25975621,133,4.0277,7.064,1418,en,"Drama, Romance",2,False,False,Released
283566,Evangelion: 3.0+1.0 Thrice Upon a Time,2021-03-08,2021,29700000,93882453,155,6.6664,8.205,937,ja,"Animation, Action, Science Fiction, Drama",4,True,False,Released
283587,Beasts of No Nation,2015-09-11,2015,6000000,9077700,137,2.9987,7.59,1862,en,"Drama, War",2,False,False,Released
283703,The Postman's White Nights,2014-10-14,2014,1409700,42491,90,0.7852,6.8,48,ru,Drama,1,False,False,Released
283995,Guardians of the Galaxy Vol. 2,2017-04-19,2017,200000000,863756051,137,16.0016,7.608,22823,en,"Science Fiction, Adventure, Action",3,True,False,Released
284052,Doctor Strange,2016-10-25,2016,180000000,676343174,115,13.0473,7.418,23331,en,"Fantasy, Adventure, Action",3,True,False,Released
284053,Thor: Ragnarok,2017-10-02,2017,180000000,855301806,131,15.1577,7.58,21905,en,"Action, Science Fiction, Comedy",3,True,False,Released
284054,Black Panther,2018-02-13,2018,200000000,1349926083,135,15.6103,7.361,23382,en,"Action, Adventure, Science Fiction",3,True,False,Released
284276,Cake,2014-09-07,2014,7000000,2360281,102,3.4064,6.275,933,en,Drama,1,False,False,Released
284279,Burning,2014-08-13,2014,25000000,6015494,93,1.1574,6.4,106,no,"Action, Comedy",2,True,False,Released
284288,Mary Kom,2014-09-05,2014,224056,15536328,122,0.6575,7.0,103,hi,"Action, Drama, History",3,False,False,Released
284293,Still Alice,2014-12-05,2014,5000000,44779195,101,3.3762,7.465,3254,en,Drama,1,False,False,Released
284296,Top Five,2014-12-12,2014,12000000,26117471,102,2.4777,6.1,494,en,"Drama, Comedy, Romance",3,False,False,Released
284536,The Gambler,2014-12-25,2014,25000000,39171130,111,4.5609,6.021,1547,en,"Thriller, Crime, Drama",3,False,False,Released
284564,31,2016-09-15,2016,1500000,850419,102,2.791,5.445,856,en,"Horror, Thriller",2,False,False,Released
285021,Corrections Class,2014-09-25,2014,1500000,156888,98,0.858,6.048,52,ru,Drama,1,False,False,Released
285213,The Pirates,2014-08-06,2014,13000000,64400000,130,4.1149,6.994,235,ko,"Action, Adventure, Comedy, Fantasy",4,True,False,Released
285783,The Walk,2015-09-30,2015,35000000,61181942,123,4.0009,6.992,3366,en,"History, Drama, Adventure",3,False,False,Released
285803,Singham Returns,2014-08-15,2014,13000000,26000000,142,1.3019,6.121,127,hi,Action,1,False,False,Released
285995,Comic 8,2014-01-29,2014,416000,2822761,105,0.3072,6.1,11,id,"Action, Comedy, Crime",3,True,False,Released
286217,The Martian,2015-09-30,2015,108000000,631058917,141,15.4067,7.695,21077,en,"Science Fiction, Drama, Adventure",3,False,False,Released
286372,Treehouse,2015-06-25,2015,3250000,3250000,96,0.4742,4.5,63,en,"Thriller, Horror, Mystery",3,False,False,Released
286521,5 Flights Up,2014-05-10,2014,6000000,1020921,92,1.8279,6.017,330,en,Drama,1,False,False,Released
286554,Two Night Stand,2014-09-26,2014,1645000,868081,86,2.7712,6.414,1913,en,"Romance, Comedy",2,False,False,Released
286565,Paper Towns,2015-06-18,2015,12000000,85500000,109,2.7739,6.155,5168,en,"Mystery, Drama, Romance",3,False,False,Released
286567,Max Steel,2016-10-14,2016,10000000,6272403,92,2.2843,5.572,843,en,"Action, Adventure, Science Fiction",3,False,False,Released
286709,Revenge of the Green Dragons,2014-10-31,2014,5000000,107412,95,1.3585,5.21,105,en,"Drama, Action, Crime",3,False,False,Released
287174,Bunshinsaba,2012-07-17,2012,300000,8995240,94,0.5907,4.0,11,zh,"Mystery, Thriller, Horror",3,True,False,Released
287424,Maggie,2015-05-08,2015,4000000,187112,95,4.9067,5.402,1671,en,"Horror, Drama, Science Fiction",3,False,False,Released
287499,Margarita with a Straw,2015-04-17,2015,900000,1000000,100,0.7611,6.774,84,hi,Drama,1,False,False,Released
287590,Saint Seiya: Legend of Sanctuary,2014-06-21,2014,8000000,17150803,93,2.3926,6.65,719,ja,"Action, Animation, Fantasy",3,True,False,Released
287594,Dukhtar,2014-09-18,2014,23000,57000,93,0.4561,6.8,32,ur,"Drama, Thriller",2,False,False,Released
287767,Mardaani,2014-08-22,2014,2100000,7600000,113,1.9028,6.6,115,hi,"Action, Crime, Drama, Thriller",4,True,False,Released
287859,Raja Natwarlal,2014-08-29,2014,5,4,141,0.4027,6.4,26,hi,"Thriller, Drama, Mystery, Crime",4,False,False,Released
287903,Krampus,2015-11-26,2015,15000000,61800000,98,4.9893,6.2,2376,en,"Horror, Comedy, Fantasy",3,False,False,Released
287935,Midnight Sun,2014-09-01,2014,12758853,3016126,98,1.6492,5.859,92,en,"Family, Adventure",2,False,False,Released
287947,Shazam!,2019-03-29,2019,80000000,367799011,132,8.5157,6.978,10151,en,"Action, Comedy, Fantasy",3,True,False,Released
287948,The Transporter Refueled,2015-09-02,2015,25000000,72629670,95,3.8231,5.52,1591,en,"Action, Thriller, Crime",3,False,False,Released
288158,The Woman in Black 2: Angel of Death,2014-12-30,2014,15000000,48854305,98,1.9994,5.241,1058,en,"Thriller, Horror, Drama",3,True,False,Released
289143,Dofus - Book I: Julith,2016-02-03,2016,8027100,624747,108,0.6412,7.5,102,fr,"Animation, Action, Adventure, Fantasy, Comedy",5,False,False,Released
289222,The Zookeeper's Wife,2017-03-24,2017,20000000,26152835,126,3.1348,7.324,1566,en,"Drama, History, War",3,False,False,Released
289269,Lady Bloodfight,2016-11-11,2016,10000000,13109,102,2.0101,6.55,179,en,"Action, Thriller, Drama",3,False,False,Released
289720,Outcast,2014-09-26,2014,25000000,5148503,98,3.7829,5.156,503,en,"Action, Adventure",2,False,False,Released
290098,The Handmaiden,2016-06-01,2016,8575000,38600000,145,16.8924,8.188,4268,ko,"Thriller, Drama, Romance",3,False,False,Released
290250,The Nice Guys,2016-05-15,2016,50000000,71261763,116,8.4506,7.1,8579,en,"Comedy, Crime, Action",3,False,False,Released
290512,The Mountain Between Us,2017-10-05,2017,35000000,62832209,109,4.793,6.652,2522,en,"Drama, Adventure, Romance",3,False,False,Released
290595,The Huntsman: Winter's War,2016-04-06,2016,115000000,164989338,114,7.4646,6.283,5019,en,"Action, Adventure, Drama",3,True,False,Released
290751,Secret in Their Eyes,2015-10-14,2015,19500000,34854990,111,2.8001,6.366,1431,en,"Thriller, Mystery, Crime",3,False,False,Released
290764,Tracers,2015-01-15,2015,11000000,593683,94,2.8265,6.02,1111,en,Action,1,False,False,Released
290825,Yoga Hosers,2016-07-08,2016,5000000,38784,88,1.552,4.646,474,en,"Comedy, Fantasy, Horror, Action",4,False,False,Released
290841,Winx Club: The Mystery of the Abyss,2014-09-04,2014,14905188,5337409,83,0.8365,7.3,99,it,"Family, Fantasy, Animation",3,True,False,Released
290859,Terminator: Dark Fate,2019-10-23,2019,185000000,261119292,128,9.2773,6.417,5618,en,"Science Fiction, Action, Adventure, Thriller",4,True,False,Released
290864,Kung Fu Jungle,2014-10-31,2014,25000000,129115,100,4.1081,6.792,513,zh,"Action, Thriller, Crime, Adventure",4,False,False,Released
290999,Wyrmwood: Road of the Dead,2014-09-19,2014,160000,111141,98,2.6941,6.042,505,en,"Horror, Action, Comedy",3,True,False,Released
291270,Anomalisa,2015-12-30,2015,8000000,5700000,91,3.0044,7.098,1820,en,"Animation, Drama, Romance, Comedy",4,False,False,Released
291328,Rules Don't Apply,2016-11-23,2016,25000000,3900000,127,2.385,5.746,500,en,"Romance, Comedy, Drama",3,False,False,Released
291348,A Matter of Faith,2014-10-17,2014,600000,677577,88,0.6495,4.8,34,en,Drama,1,False,False,Released
291351,The Sea of Trees,2016-04-27,2016,25000000,909000,110,2.1556,6.204,538,en,Drama,1,False,False,Released
291805,Now You See Me 2,2016-06-02,2016,120000000,334897606,129,15.2525,6.827,11514,en,"Crime, Thriller",2,True,False,Released
291870,Dirty Grandpa,2016-01-20,2016,11500000,94100000,102,4.6288,5.935,4566,en,Comedy,1,False,False,Released
291984,The Death & Life of John F. Donovan,2019-03-13,2019,35000000,3326364,123,1.4366,6.9,717,en,Drama,1,False,False,Released
292011,Richard Jewell,2019-12-13,2019,45000000,33900000,131,4.9165,7.417,2708,en,"Drama, History",2,False,False,Released
292014,The Snow Queen 2: Refreeze,2014-12-12,2014,6500000,15640057,78,1.9329,6.3,107,ru,"Fantasy, Family, Animation, Adventure",4,True,False,Released
292081,Sunshine Superman,2015-05-22,2015,400000,88097,100,0.4128,6.532,31,en,Documentary,1,False,False,Released
292106,"Mummy, I'm a Zombie",2014-10-06,2014,64319,1000000,88,0.533,7.0,54,es,"Fantasy, Animation",2,True,False,Released
292280,The Bye Bye Man,2017-01-12,2017,7400000,26700000,96,1.8639,5.195,1298,en,"Horror, Thriller",2,False,False,Released
292431,Love,2015-07-15,2015,3000000,249083,134,8.9555,6.447,2647,fr,"Drama, Romance",2,False,False,Released
292483,Not Cool,2014-09-23,2014,800000,36026,92,0.5553,3.3,105,en,"Comedy, Romance",2,False,False,Released
292795,Yellowbird,2014-10-17,2014,6443990,3790114,90,1.3235,5.0,68,en,"Animation, Family, Comedy",3,False,False,Released
292830,Creature 3D,2014-09-12,2014,33000000,42000000,134,0.5808,3.6,15,hi,"Science Fiction, Horror",2,False,False,Released
293122,The Guide,2014-11-12,2014,722083,499168,120,0.7287,7.8,37,uk,"History, Drama",2,False,False,Released
293167,Kong: Skull Island,2017-03-08,2017,185000000,566652812,118,11.6046,6.6,11079,en,"Action, Adventure, Fantasy",3,True,False,Released
293271,Moomins on the Riviera,2014-10-10,2014,4700000,2200510,80,0.6312,5.8,43,fi,"Animation, Comedy, Family",3,False,False,Released
293476,The Hole,2014-09-25,2014,3200000,752786,90,0.6373,5.2,37,it,Comedy,1,False,False,Released
293644,Top Cat Begins,2015-10-30,2015,8000000,4668442,89,1.5053,6.7,149,es,"Comedy, Animation, Family",3,True,False,Released
293646,The 33,2015-08-06,2015,25000000,27972023,120,4.2698,6.398,987,en,"Drama, History",2,False,False,Released
293660,Deadpool,2016-02-09,2016,58000000,782837347,108,20.1607,7.623,32606,en,"Action, Adventure, Comedy",3,True,False,Released
293670,The Wailing,2016-05-12,2016,10951000,49851770,156,6.2968,7.372,2023,ko,"Horror, Mystery",2,False,False,Released
293767,Billy Lynn's Long Halftime Walk,2016-11-10,2016,40000000,30930984,113,3.8144,6.0,630,en,"Drama, War",2,False,False,Released
293768,Kidnap,2017-08-03,2017,21000000,30718107,95,4.2926,6.239,1340,en,"Action, Thriller",2,False,False,Released
293863,The Age of Adaline,2015-04-16,2015,25000000,65663276,112,6.1229,7.466,7064,en,"Romance, Fantasy, Drama",3,False,False,Released
294016,Trumbo,2015-10-27,2015,15000000,8235661,124,3.033,7.165,1680,en,Drama,1,False,False,Released
294093,Dinosaur Island,2014-12-01,2014,12000000,39296,90,0.7045,5.5,139,en,"Adventure, Science Fiction, Family",3,False,False,Released
294254,Maze Runner: The Scorch Trials,2015-09-09,2015,61000000,312296056,131,9.8821,6.729,10967,en,"Science Fiction, Action, Thriller, Adventure",4,True,False,Released
294272,Pete's Dragon,2016-08-10,2016,65000000,143695338,103,4.8886,6.382,2312,en,"Adventure, Family, Fantasy",3,False,False,Released
294463,Lou!,2014-10-08,2014,6113859,1581125,104,0.4333,5.7,210,fr,Comedy,1,False,False,Released
294652,Son of a Gun,2014-10-16,2014,12000000,660241,108,2.6222,6.424,842,en,"Action, Crime, Drama, Thriller",4,False,False,Released
294963,Bone Tomahawk,2015-10-23,2015,1800000,475846,133,5.6333,6.882,2507,en,"Western, Horror, Drama",3,False,False,Released
295693,The Boss Baby,2017-03-23,2017,125000000,527965936,97,3.3311,6.452,7433,en,"Animation, Comedy, Family",3,True,False,Released
295699,Everybody Wants Some!!,2016-03-30,2016,10000000,3400278,117,3.0513,6.38,1200,en,Comedy,1,False,False,Released
295884,Saving Christmas,2014-11-14,2014,500000,2783970,79,0.3831,1.848,102,en,Comedy,1,False,False,Released
295964,Burnt,2015-10-02,2015,20000000,36606743,100,4.3764,6.5,3560,en,Drama,1,False,False,Released
296096,Me Before You,2016-06-01,2016,20000000,207945075,110,13.4127,7.917,13163,en,"Drama, Romance",2,False,False,Released
296098,Bridge of Spies,2015-10-15,2015,40000000,165478348,141,8.2714,7.238,7245,en,"Thriller, Drama",2,False,False,Released
296099,Vacation,2015-07-28,2015,31000000,104400000,99,6.4907,6.305,3953,en,"Comedy, Adventure",2,False,False,Released
296100,The Night Before,2015-11-20,2015,25000000,52395996,101,2.5466,6.093,1814,en,"Comedy, Adventure, Fantasy",3,False,False,Released
296360,Love & Friendship,2016-05-26,2016,3000000,21401949,94,3.0491,6.069,587,en,"Drama, Romance, Comedy",3,False,False,Released
296456,Christian Mingle,2014-10-10,2014,650000,25480,99,0.4267,5.7,57,en,"Romance, Comedy, Drama",3,False,False,Released
296524,Deepwater Horizon,2016-09-28,2016,110000000,121790376,107,6.9311,6.893,4873,en,"Drama, Action",2,False,False,Released
296690,Kill Dil,2014-11-13,2014,6431385,8376879,127,0.8882,5.2,44,hi,"Action, Drama, Romance",3,False,False,Released
296902,Vellimoonga,2014-09-25,2014,420000,3700000,129,0.6958,7.4,31,ml,"Comedy, Romance",2,False,False,Released
296945,Bañeros 4: Los rompeolas,2014-07-10,2014,200000,5176467,84,0.1628,3.9,18,es,Comedy,1,True,False,Released
297017,Soekarno,2013-12-11,2013,799749,1771751,137,0.3751,7.4,13,id,"Drama, History",2,False,False,Released
297222,PK,2014-12-18,2014,13000000,118920000,153,7.8934,7.691,1144,hi,"Comedy, Drama, Science Fiction",3,False,False,Released
297462,Old Fashioned,2014-10-18,2014,600000,1914090,115,0.5426,6.4,42,en,"Romance, Drama",2,False,False,Released
297725,The Man Who Killed Don Quixote,2018-05-19,2018,19116000,2433457,133,2.5217,6.743,1072,en,"Adventure, Comedy",2,False,False,Released
297761,Suicide Squad,2016-08-03,2016,175000000,749200054,122,8.2862,5.917,22021,en,"Action, Adventure, Fantasy",3,True,False,Released
297762,Wonder Woman,2017-05-30,2017,149000000,823970682,141,13.5803,7.208,20834,en,"Action, Adventure, Fantasy",3,True,False,Released
297802,Aquaman,2018-12-07,2018,160000000,1152028393,143,13.0659,6.867,14846,en,"Action, Adventure, Fantasy",3,True,False,Released
297806,I Saw the Light,2016-02-05,2016,13000000,1646788,123,2.019,6.2,216,en,"Music, Drama",2,False,False,Released
298250,Jigsaw,2017-10-25,2017,10000000,104223315,91,9.0608,6.214,3936,en,"Horror, Mystery",2,True,False,Released
298312,The Visit,2015-09-10,2015,5000000,98450062,94,6.4257,6.324,5133,en,"Horror, Thriller",2,False,False,Released
298382,The Dressmaker,2015-10-29,2015,11930000,25003426,118,4.0776,7.0,1755,en,"Drama, Comedy",2,False,False,Released
298457,Mafia Millionaires,2014-10-19,2014,2000000,79088,104,0.8766,6.1,41,it,"Crime, Drama",2,False,False,Released
298536,Oka Laila Kosam,2014-10-17,2014,200,100,150,0.457,5.4,14,te,"Romance, Comedy, Drama",3,False,False,Released
298618,The Flash,2023-06-13,2023,220000000,271333313,144,13.644,6.615,4938,en,"Action, Science Fiction, Adventure",3,False,False,Released
298721,Cemetery of Splendor,2015-09-02,2015,980000,89487,122,0.8509,5.947,178,th,"Drama, Fantasy",2,False,False,Released
299054,Expend4bles,2023-09-15,2023,100000000,37917985,103,10.3926,6.071,1857,en,"Action, Adventure, Thriller",3,True,False,Released
299245,The Gallows,2015-07-09,2015,100000,42964410,81,1.0543,4.933,986,en,Horror,1,True,False,Released
299534,Avengers: Endgame,2019-04-24,2019,356000000,2799439100,181,36.9903,8.233,27553,en,"Adventure, Science Fiction, Action",3,True,False,Released
299536,Avengers: Infinity War,2018-04-25,2018,300000000,2052415039,149,50.3751,8.233,31784,en,"Adventure, Action, Science Fiction",3,True,False,Released
299537,Captain Marvel,2019-03-06,2019,152000000,1131416446,124,11.1205,6.783,16663,en,"Action, Adventure, Science Fiction",3,True,False,Released
299641,Jimmy Vestvood: Amerikan Hero,2016-03-13,2016,2500000,230069,84,0.7684,5.3,41,en,Comedy,1,False,False,Released
299687,The 5th Wave,2016-01-14,2016,38000000,109906372,112,6.7933,5.935,5991,en,"Science Fiction, Adventure, Action",3,False,False,Released
299824,Mojin: The Lost Legend,2015-12-18,2015,37000000,278300000,127,5.7757,6.3,259,zh,"Action, Adventure, Fantasy",3,True,False,Released
300153,Life,2015-09-09,2015,12000000,1231606,112,1.9154,5.98,368,en,Drama,1,False,False,Released
300168,Dragon Blade,2015-02-19,2015,65000000,121545703,127,3.862,6.401,625,zh,"Adventure, History, Action, Fantasy",4,False,False,Released
300561,World War III,2014-07-28,2014,1500000,4500000,105,0.7353,7.0,31,ar,"Comedy, Fantasy",2,False,False,Released
300602,Capture the Flag,2015-08-28,2015,14000000,8306690,94,1.3663,6.1,254,es,"Comedy, Animation, Adventure, Family",4,False,False,Released
300665,Leatherface,2017-09-14,2017,500000,1476843,88,3.6732,5.578,1427,en,"Horror, Thriller, Crime, Drama",4,True,False,Released
300667,3 Generations,2016-10-27,2016,10000000,680351,87,2.8012,6.353,445,en,"Comedy, Drama",2,False,False,Released
300668,Annihilation,2018-02-22,2018,40000000,43070915,115,10.4552,6.44,9301,en,"Science Fiction, Horror",2,False,False,Released
300669,Don't Breathe,2016-06-08,2016,9900000,158906350,89,7.6629,7.014,7920,en,"Horror, Thriller, Crime",3,True,False,Released
300671,13 Hours: The Secret Soldiers of Benghazi,2016-01-14,2016,50000000,69411370,144,9.3652,7.27,3913,en,"War, Action, History, Drama, Thriller",5,False,False,Released
300673,The Finest Hours,2016-01-27,2016,80000000,52099090,117,4.2304,6.598,1726,en,"Action, Drama, History, Thriller",4,False,False,Released
300681,Replicas,2018-10-25,2018,30000000,8100000,107,4.6856,6.042,1472,en,"Science Fiction, Thriller, Drama",3,False,False,Released
300693,Truth,2015-10-16,2015,9600000,5383097,125,3.1421,6.538,525,en,Drama,1,False,False,Released
300983,Yennai Arindhaal,2015-01-29,2015,7900000,16000000,176,0.6981,6.939,57,ta,"Thriller, Action",2,False,False,Released
301337,Downsizing,2017-12-22,2017,68000000,55003890,135,5.9209,5.401,4083,en,"Drama, Science Fiction, Comedy",3,False,False,Released
301348,Elvis & Nixon,2016-03-22,2016,5000000,1100000,86,2.2081,6.0,442,en,"Drama, Comedy, History",3,False,False,Released
301351,We Are Your Friends,2015-08-26,2015,6000000,11100000,96,4.2108,6.787,2443,en,"Drama, Music, Romance, Comedy",4,False,False,Released
301355,Message from the King,2017-05-10,2017,10000000,315132,102,1.8135,6.242,484,en,"Action, Mystery, Thriller",3,False,False,Released
301365,The Neon Demon,2016-06-08,2016,7000000,3400000,118,4.149,6.5,3919,en,Horror,1,False,False,Released
301528,Toy Story 4,2019-06-19,2019,175000000,1073841394,100,11.529,7.465,10457,en,"Family, Comedy, Animation, Adventure",4,True,False,Released
301748,The Opposite Sex,2015-01-22,2015,3300000,50206,96,1.724,4.5,49,en,Comedy,1,False,False,Released
301875,Equals,2015-07-15,2015,16000000,2084628,102,3.5773,6.121,1439,en,"Drama, Romance, Science Fiction",3,False,False,Released
302156,Criminal,2016-04-07,2016,31500000,14708696,113,5.4288,6.201,1865,en,"Action, Crime, Science Fiction",3,False,False,Released
302349,Iron Sky: The Coming Race,2019-01-25,2019,17500000,392166,93,2.042,5.177,455,en,"Action, Comedy, Fantasy, Science Fiction",4,True,False,Released
302401,Snowden,2016-09-15,2016,40000000,37357216,135,4.913,7.109,4630,en,"Drama, History, Crime, Thriller",4,False,False,Released
302429,Strange Magic,2015-01-23,2015,100000000,13603453,99,3.2739,7.195,552,en,"Music, Animation, Family, Fantasy",4,False,False,Released
302528,Remember,2015-10-23,2015,9600000,1986615,94,3.1526,7.356,749,en,"Drama, Thriller, Mystery",3,False,False,Released
302688,My Big Fat Greek Wedding 2,2016-03-23,2016,18000000,90632641,94,4.0626,5.975,1070,en,"Comedy, Romance",2,True,False,Released
302699,Central Intelligence,2016-06-15,2016,50000000,216972543,107,6.1293,6.414,6319,en,"Action, Comedy",2,False,False,Released
302946,The Accountant,2016-10-13,2016,44000000,155160045,128,9.1187,7.133,7293,en,"Crime, Thriller, Drama",3,True,False,Released
303457,Chaar Sahibzaade,2014-11-06,2014,2500000,8800000,128,0.526,6.3,14,pa,"Animation, History, Action, Adventure, Family",5,True,False,Released
303542,The Invisible Boy,2014-12-18,2014,8000000,5216102,100,1.685,6.3,978,it,"Fantasy, Science Fiction, Family",3,True,False,Released
303857,Dragon Ball Z: Resurrection 'F',2015-04-18,2015,5000000,61768190,93,5.424,6.9,2000,ja,"Action, Animation, Science Fiction",3,True,False,Released
303858,Money Monster,2016-05-12,2016,27000000,93282604,99,4.6385,6.432,3132,en,"Thriller, Drama",2,False,False,Released
303903,Pokémon the Movie: Diancie and the Cocoon of Destruction,2014-07-19,2014,24720400,28595105,76,4.1702,6.673,197,ja,"Animation, Family, Adventure, Action, Comedy, Drama",6,True,False,Released
303991,Demolition,2016-04-06,2016,10000000,4366460,101,5.0997,6.842,2479,en,"Comedy, Drama",2,False,False,Released
304357,Woman in Gold,2015-03-20,2015,11000000,61619773,109,3.119,7.3,1447,en,Drama,1,False,False,Released
304372,The Perfect Guy,2015-09-11,2015,12000000,60273173,100,2.0293,5.719,340,en,"Drama, Thriller",2,False,False,Released
304410,The Bélier Family,2014-12-17,2014,11000000,72775689,105,2.1678,6.941,2472,fr,"Comedy, Music, Drama",3,False,False,Released
304941,Boonie Bears: Homeward Journey,2013-01-06,2013,1300000,156002,68,0.8002,6.9,15,zh,"Comedy, Animation, Adventure",3,True,False,Released
305387,The Magic Snowflake,2013-11-20,2013,10000000,78,82,0.6501,6.4,39,fr,"Family, Animation",2,True,False,Released
305470,Power Rangers,2017-03-23,2017,105000000,142300000,124,5.6387,6.248,4606,en,"Action, Adventure, Science Fiction",3,False,False,Released
305638,The Shamer's Daughter,2015-03-26,2015,7500000,2348712,96,0.9388,5.8,187,da,"Fantasy, Adventure, Drama",3,True,False,Released
306745,Freeheld,2015-10-02,2015,7000000,573335,103,2.6936,7.207,674,en,"Romance, Drama",2,False,False,Released
306819,The Danish Girl,2015-11-27,2015,15000000,64200000,119,4.8322,7.549,5932,en,Drama,1,False,False,Released
306947,The Invitation,2016-04-08,2016,1000000,354835,100,3.382,6.43,2839,en,"Thriller, Horror",2,False,False,Released
307081,Southpaw,2015-07-22,2015,30000000,91709827,123,9.3459,7.362,5778,en,"Action, Drama",2,False,False,Released
307946,I Smile Back,2015-10-23,2015,495000,63373,85,1.4891,6.1,126,en,Drama,1,False,False,Released
308084,Tangerine,2015-07-10,2015,100000,925000,87,3.0934,6.873,794,en,"Comedy, Drama",2,False,False,Released
308187,The Manny,2015-03-26,2015,9000000,15772833,110,0.6753,6.31,137,de,Comedy,1,False,False,Released
308266,War Dogs,2016-08-18,2016,50000000,86234523,114,8.4455,6.9,5440,en,"Comedy, Crime, Drama",3,False,False,Released
308453,The Bronze,2016-01-22,2016,3500000,615816,108,2.1985,6.0,393,en,"Drama, Comedy",2,False,False,Released
308504,Last Knights,2015-04-03,2015,40000000,3643591,115,4.8542,6.403,1147,en,"Action, Adventure",2,False,False,Released
308531,Teenage Mutant Ninja Turtles: Out of the Shadows,2016-05-30,2016,135000000,245623848,112,5.6613,6.048,3768,en,"Action, Adventure, Comedy, Family, Science Fiction",5,True,False,Released
308638,The D Train,2015-05-08,2015,447524,771317,101,1.4526,4.9,263,en,"Comedy, Drama",2,False,False,Released
308639,Dope,2015-06-19,2015,7000000,17986781,103,2.7955,7.057,1576,en,"Crime, Drama, Comedy",3,False,False,Released
309038,300 Worte Deutsch,2015-02-05,2015,2000000,276792,92,0.5916,5.5,41,de,"Comedy, Drama",2,False,False,Released
309242,Mississippi Grind,2015-07-04,2015,7100000,130541,108,2.6219,6.025,566,en,"Comedy, Drama",2,False,False,Released
309302,Wolf Totem,2015-02-19,2015,38000000,123205624,116,2.8465,6.5,400,zh,"Adventure, Drama",2,False,False,Released
309304,Grandma,2015-06-04,2015,600000,7200000,78,3.1678,6.5,387,en,"Comedy, Drama",2,False,False,Released
309425,Do You Believe?,2015-03-20,2015,2300000,14410698,115,2.8529,6.614,149,en,Drama,1,False,False,Released
309809,The Little Prince,2015-07-29,2015,64000000,101281211,106,10.3936,7.614,2959,en,"Adventure, Animation, Fantasy, Family",4,False,False,Released
309882,Patterns of Evidence: The Exodus,2015-01-19,2015,300000,925576,115,0.562,7.0,26,en,"Documentary, History",2,True,False,Released
309886,Blood Father,2016-08-11,2016,13000000,6903033,88,3.7289,6.165,1656,en,"Action, Thriller, Drama",3,False,False,Released
310121,I'll See You in My Dreams,2015-05-15,2015,1000000,7449681,92,2.4099,6.29,186,en,"Drama, Comedy",2,False,False,Released
310131,The Witch,2016-02-19,2016,4000000,40423945,92,9.1274,7.0,7592,en,Horror,1,False,False,Released
310133,Cop Car,2015-07-08,2015,800000,143658,88,2.1931,5.996,921,en,"Crime, Thriller",2,False,False,Released
310307,The Founder,2016-11-24,2016,15000000,24121245,115,5.0348,7.1,5361,en,"Drama, History",2,False,False,Released
310593,Youth,2015-05-20,2015,13360000,2000000,125,4.3553,6.899,2197,it,"Comedy, Drama, Romance",3,False,False,Released
310888,Southside with You,2016-08-26,2016,1500000,6628603,80,1.0587,5.637,201,en,"Romance, Drama",2,False,False,Released
311155,Pisaasu,2014-12-19,2014,310000,1200000,114,0.3686,6.7,35,ta,"Drama, Thriller, Horror",3,True,False,Released
311324,The Great Wall,2016-12-16,2016,150000000,331957105,103,8.2921,6.026,5507,en,"Action, Adventure, Fantasy",3,False,False,Released
312221,Creed,2015-11-25,2015,37000000,173600000,133,9.0183,7.403,7911,en,Drama,1,True,False,Released
312669,Maggie's Plan,2016-04-27,2016,2000000,3400000,99,1.7063,5.7,401,en,"Drama, Romance, Comedy",3,False,False,Released
312809,Tevar,2015-01-09,2015,5600000,7800000,159,1.0983,5.029,34,hi,"Thriller, Action, Drama",3,False,False,Released
313230,Warriors of the Rainbow: Seediq Bale - Part 2: The Rainbow Bridge,2011-09-30,2011,25000000,29000000,132,1.8701,8.0,89,zh,"Action, Drama, History",3,True,False,Released
313297,Kubo and the Two Strings,2016-08-18,2016,60000000,76249438,102,5.2774,7.6,3792,en,"Animation, Adventure, Family",3,False,False,Released
313369,La La Land,2016-12-01,2016,30000000,509183536,129,17.0551,7.9,18010,en,"Comedy, Drama, Romance",3,False,False,Released
313556,Six Degrees of Celebration 1914,2014-12-25,2014,2426950,12848123,106,1.3455,5.8,45,ru,"Comedy, Drama",2,True,False,Released
313922,Green Room,2016-04-15,2016,5000000,3800000,95,3.752,6.7,2916,en,"Horror, Crime, Thriller",3,False,False,Released
313943,Revolt,2017-07-01,2017,4000000,24416,87,1.7739,5.547,393,en,"Science Fiction, Action",2,False,False,Released
314095,The Lost City of Z,2017-03-15,2017,30000000,8574339,141,4.6595,6.39,3076,en,"Adventure, Drama, History",3,False,False,Released
314365,Spotlight,2015-11-06,2015,20000000,98690254,129,5.8803,7.815,8748,en,"Drama, History",2,False,False,Released
314385,By the Sea,2015-11-12,2015,10000000,3727746,122,2.4657,5.524,623,en,"Drama, Romance",2,False,False,Released
314405,Tale of Tales,2015-05-14,2015,12000000,5500277,134,2.3735,6.4,1730,it,"Romance, Fantasy, Horror",3,False,False,Released
314449,I'm Not Angry!,2014-02-08,2014,10000,100000,110,0.358,6.5,11,fa,Drama,1,False,False,Released
314952,What Men Do! 2,2015-01-01,2015,2000000,77740,90,0.8778,3.3,16,ru,Comedy,1,True,False,Released
315011,Shin Godzilla,2016-07-29,2016,15000000,78053145,120,8.1809,7.2,1542,ja,"Action, Science Fiction, Horror",3,False,False,Released
315055,Absolution,2015-04-10,2015,2000000,148205,93,0.2587,5.5,12,fi,"Thriller, Drama",2,False,False,Released
315064,Animal Crackers,2018-07-21,2018,17000000,13285512,104,3.0293,6.274,201,en,"Comedy, Animation, Adventure, Family",4,False,False,Released
315162,Puss in Boots: The Last Wish,2022-12-07,2022,90000000,484700000,103,18.2953,8.201,8752,en,"Animation, Adventure, Fantasy, Comedy, Family",5,True,False,Released
315635,Spider-Man: Homecoming,2017-07-05,2017,175000000,880978185,133,23.4067,7.33,23054,en,"Action, Adventure, Science Fiction",3,True,False,Released
315664,Florence Foster Jenkins,2016-05-06,2016,29000000,48902953,110,2.6878,6.656,1531,en,"Comedy, Drama",2,False,False,Released
315837,Ghost in the Shell,2017-03-29,2017,110000000,169801921,107,9.6927,6.106,8524,en,"Science Fiction, Drama, Action",3,False,False,Released
315859,Muhammad: The Messenger of God,2015-08-27,2015,50000000,1440044,177,1.4709,6.6,73,fa,"History, Drama",2,False,False,Released
315872,Mia madre,2015-04-16,2015,7000000,7723656,106,0.7035,6.616,375,it,Drama,1,False,False,Released
315880,Correspondence,2016-01-14,2016,10000000,3800000,122,1.6497,6.4,416,it,"Drama, Romance",2,False,False,Released
316002,Accidental Love,2015-02-10,2015,26000000,24487,101,1.7015,4.3,353,en,"Romance, Comedy",2,False,False,Released
316023,Mike and Dave Need Wedding Dates,2016-07-07,2016,33000000,77100000,98,3.1138,6.043,2592,en,Comedy,1,False,False,Released
316029,The Greatest Showman,2017-12-20,2017,84000000,459066134,105,10.6213,7.861,10002,en,Drama,1,False,False,Released
316152,Free State of Jones,2016-06-24,2016,50000000,25035950,140,4.1433,6.8,1637,en,"Action, Drama, History, War",4,False,False,Released
316154,The Bad Batch,2017-06-23,2017,6000000,180851,119,3.4113,5.272,1159,en,"Action, Horror, Mystery, Science Fiction, Thriller",5,False,False,Released
316654,Bombay Velvet,2015-05-15,2015,18000000,1500000,151,0.7037,5.394,47,hi,"Crime, Thriller",2,False,False,Released
316727,The Purge: Election Year,2016-06-29,2016,10000000,118587880,109,5.7265,6.382,5477,en,"Action, Horror, Thriller",3,True,False,Released
316744,Crazy Bitches,2014-06-26,2014,3,2,100,0.2811,3.6,19,en,"Comedy, Horror",2,False,False,Released
316900,Roy,2015-02-11,2015,500,5400,146,0.9903,4.75,28,hi,"Romance, Action, Drama",3,False,False,Released
317442,The Last: Naruto the Movie,2014-12-06,2014,750000,19840000,114,5.6159,7.5,2373,ja,"Action, Romance, Animation",3,True,False,Released
317557,Queen of Katwe,2016-09-23,2016,15000000,10367161,124,2.9257,7.226,462,en,Drama,1,False,False,Released
318226,Hillsong: Let Hope Rise,2016-09-16,2016,10000000,2600000,103,0.1448,5.5,13,en,"Documentary, Music",2,False,False,Released
318541,Casa Amor: Exclusive for Ladies,2015-01-07,2015,28600000,998000,112,3.4538,5.7,23,ko,"Comedy, Romance",2,False,False,Released
318781,Colonia,2016-02-12,2016,14000000,3621046,106,2.7212,7.258,1983,de,"Drama, History",2,False,False,Released
318846,The Big Short,2015-12-11,2015,28000000,133346506,131,8.0761,7.364,9782,en,"Comedy, Drama",2,False,False,Released
318850,The Young Messiah,2016-03-10,2016,18500000,6500000,120,2.0362,6.4,145,en,Drama,1,False,False,Released
318917,Look Who's Back,2015-10-08,2015,3196621,25513752,116,2.8262,6.795,1915,de,Comedy,1,False,False,Released
319888,Eddie the Eagle,2016-02-25,2016,23000000,46152411,106,3.3859,7.166,2273,en,"Comedy, Drama, History, Adventure",4,False,False,Released
319993,Aferim!,2015-03-06,2015,1379375,105097,108,0.5735,7.3,116,ro,"Drama, History",2,False,False,Released
320048,Ratter,2015-01-24,2015,500000,110834,80,1.1759,5.2,335,en,"Drama, Horror, Thriller",3,False,False,Released
320288,Dark Phoenix,2019-06-05,2019,200000000,252442974,114,9.3843,5.963,7029,en,"Science Fiction, Action, Adventure",3,True,False,Released
320295,Detective Byomkesh Bakshy!,2015-04-02,2015,5100000,5200000,139,0.7912,6.7,108,hi,"Action, Mystery, Drama",3,False,False,Released
320316,Italiano medio,2015-01-29,2015,1816720,4541800,90,0.3702,5.808,486,it,Comedy,1,False,False,Released
320588,"Hello, My Name Is Doris",2015-11-27,2015,1000000,14659448,95,3.0575,6.375,506,en,"Comedy, Drama, Romance",3,False,False,Released
321187,High School Musical: The Challenge Brazil,2010-02-05,2010,50000,1149000,90,0.1234,4.7,26,pt,"Music, Romance",2,False,False,Released
321258,The Boy,2016-01-22,2016,10000000,73929392,98,6.4778,5.973,3933,en,"Horror, Mystery, Thriller",3,True,False,Released
321612,Beauty and the Beast,2017-03-16,2017,160000000,1266115964,129,13.8397,6.968,15968,en,"Family, Fantasy, Romance",3,False,False,Released
321697,Steve Jobs,2015-10-09,2015,30000000,34400000,122,2.9947,6.775,4351,en,"Drama, History",2,False,False,Released
321741,Concussion,2015-11-12,2015,35000000,50400000,123,3.8943,7.076,2701,en,Drama,1,False,False,Released
322240,Nine Lives,2016-08-03,2016,30000000,57814445,87,3.3079,5.809,1133,en,"Fantasy, Comedy, Family",3,False,False,Released
323020,Bis,2015-02-18,2015,14000000,10846026,98,1.1113,5.306,570,fr,Comedy,1,False,False,Released
323272,War Room,2015-08-28,2015,3000000,73267874,120,3.5638,7.832,573,en,Drama,1,False,False,Released
323517,Badlapur,2015-02-20,2015,3700000,11480000,134,1.2885,7.0,148,hi,"Crime, Thriller, Action, Drama",4,False,False,Released
323661,Mune: Guardian of the Moon,2015-02-05,2015,17000000,15730665,86,2.6387,7.273,593,fr,"Animation, Family, Adventure, Fantasy",4,False,False,Released
323675,Ride Along 2,2016-01-14,2016,40000000,124827316,102,4.0125,6.252,1786,en,"Action, Comedy",2,True,False,Released
323676,The Boss,2016-04-07,2016,29000000,78844582,91,3.3105,5.813,1387,en,Comedy,1,False,False,Released
323677,Race,2016-02-19,2016,5000000,24804129,134,2.8375,7.261,1616,en,"Drama, History",2,False,False,Released
323929,Krisha,2016-03-18,2016,30000,144822,82,1.2622,6.8,218,en,Drama,1,False,False,Released
324542,Sleepless,2017-01-12,2017,30000000,32540674,95,3.4671,5.917,1327,en,"Action, Crime, Thriller",3,False,False,Released
324552,John Wick: Chapter 2,2017-02-08,2017,40000000,171539887,122,14.1871,7.336,14165,en,"Action, Thriller, Crime",3,True,False,Released
324668,Jason Bourne,2016-07-27,2016,120000000,415484914,123,6.8891,6.375,6166,en,"Action, Adventure, Thriller",3,True,False,Released
324786,Hacksaw Ridge,2016-10-07,2016,40000000,175302354,139,20.9336,8.189,14755,en,"Drama, History, War",3,False,False,Released
324849,The Lego Batman Movie,2017-02-08,2017,80000000,311950384,104,7.6417,7.238,5370,en,"Animation, Action, Comedy, Family",4,False,False,Released
324852,Despicable Me 3,2017-06-15,2017,80000000,1034800131,90,7.0009,6.466,7603,en,"Action, Animation, Comedy, Family, Adventure",5,True,False,Released
324857,Spider-Man: Into the Spider-Verse,2018-12-06,2018,90000000,394884133,117,23.8257,8.394,17100,en,"Animation, Action, Adventure, Science Fiction",4,True,False,Released
325133,Neighbors 2: Sorority Rising,2016-05-04,2016,35000000,108007109,92,4.234,5.815,4594,en,Comedy,1,True,False,Released
325173,Close Range,2015-11-19,2015,3000000,36040116,80,2.2437,6.5,327,en,"Action, Crime, Thriller",3,False,False,Released
325346,The Hollars,2016-08-25,2016,3800000,1016985,88,1.8767,6.314,331,en,"Drama, Comedy",2,False,False,Released
325348,Hardcore Henry,2015-09-12,2015,2000000,16810562,97,4.3497,6.403,2642,en,"Action, Adventure, Science Fiction",3,False,False,Released
325699,Temper,2015-02-13,2015,5400000,11600000,147,0.8934,6.488,40,te,"Action, Drama, Crime",3,False,False,Released
325789,The Infiltrator,2016-07-13,2016,28000000,21011110,127,3.258,6.681,1797,en,"Crime, Drama, Thriller",3,False,False,Released
325844,Serial Teachers 2,2015-07-01,2015,17000000,25364150,93,1.0171,5.296,946,fr,Comedy,1,True,False,Released
326215,Ooops! Noah Is Gone...,2015-03-26,2015,6000000,22783699,85,2.7435,6.409,337,en,"Animation, Adventure, Comedy, Family",4,True,False,Released
326284,Pound of Flesh,2015-05-07,2015,7500000,163080,104,2.295,5.704,257,en,Action,1,False,False,Released
326285,American Pastoral,2016-10-20,2016,10000000,1715728,108,2.4626,6.174,739,en,"Crime, Drama",2,False,False,Released
326316,Spinning Gold,2023-03-31,2023,27000000,66284,137,1.4976,5.256,45,en,"Music, Drama",2,False,False,Released
326423,Barbershop: The Next Cut,2016-04-15,2016,20000000,55030051,111,2.6107,6.312,494,en,"Comedy, Drama",2,True,False,Released
326874,The Easy Way Out,2015-03-04,2015,2728621,329017,98,0.4412,5.1,45,fr,Comedy,1,False,False,Released
327474,People Get Eaten,2015-02-26,2015,2500000,2651302,104,0.3609,6.5,11,da,"Comedy, Drama",2,False,False,Released
327982,Soulless 2,2015-03-05,2015,2265160,9194350,107,0.9869,5.4,48,ru,Drama,1,True,False,Released
328111,The Secret Life of Pets,2016-06-18,2016,75000000,875457937,86,4.1069,6.316,8479,en,"Family, Comedy, Adventure, Animation",4,True,False,Released
328387,Nerve,2016-06-27,2016,19000000,85241496,96,3.9914,7.0,6997,en,"Mystery, Adventure, Crime",3,False,False,Released
328425,The Gift,2015-07-31,2015,5000000,58978653,108,3.8191,6.701,3466,en,"Thriller, Mystery, Drama",3,False,False,Released
328589,The Lady in the Van,2015-10-30,2015,6000000,41387687,104,2.4823,6.404,792,en,"Comedy, Drama",2,False,False,Released
329135,O Kadhal Kanmani,2015-04-16,2015,940000,5100000,139,0.8615,7.0,68,ta,"Romance, Drama",2,False,False,Released
329440,The Forest,2016-01-07,2016,10000000,37608299,93,2.907,5.224,1846,en,"Horror, Thriller, Mystery",3,False,False,Released
329805,My King,2015-10-21,2015,10600000,8003331,125,1.5439,7.143,807,fr,"Drama, Romance",2,False,False,Released
329819,Standing Tall,2015-05-13,2015,5000000,26144,119,0.9082,7.173,485,fr,Drama,1,False,False,Released
329833,Zoolander 2,2016-02-06,2016,50000000,56722693,100,4.1345,4.925,2370,en,"Comedy, Adventure, Action",3,True,False,Released
329865,Arrival,2016-11-10,2016,47000000,203388186,116,17.6938,7.6,19215,en,"Drama, Science Fiction, Mystery",3,False,False,Released
329981,Shut In,2016-11-11,2016,10000000,13082071,91,1.7915,5.283,734,en,"Drama, Thriller",2,False,False,Released
329996,Dumbo,2019-03-27,2019,170000000,353284621,112,6.5383,6.589,4511,en,"Family, Fantasy, Adventure",3,False,False,Released
330418,Indru Netru Naalai,2015-06-26,2015,620000,1400000,146,0.6293,7.7,38,ta,"Comedy, Science Fiction, Thriller",3,False,False,Released
330431,NH10,2015-03-12,2015,200000,5100000,115,0.582,6.8,84,hi,"Crime, Thriller",2,False,False,Released
330457,Frozen II,2019-11-20,2019,150000000,1453683476,103,11.5881,7.232,10239,en,"Family, Animation, Adventure, Comedy, Fantasy",5,True,False,Released
330459,Rogue One: A Star Wars Story,2016-12-14,2016,200000000,1056057273,133,8.4597,7.505,16310,en,"Action, Adventure, Science Fiction",3,False,False,Released
330483,The Choice,2016-02-04,2016,10000000,23730891,111,4.5825,7.19,1959,en,"Drama, Romance",2,False,False,Released
330764,The Brand New Testament,2015-09-02,2015,8700000,15709652,114,2.2327,6.647,1756,fr,"Comedy, Fantasy",2,False,False,Released
330878,"Kidnapping, Caucasian Style",2014-08-21,2014,3500000,179000,95,0.7577,1.7,29,ru,"Romance, Comedy, Adventure",3,False,False,Released
330947,Song to Song,2017-03-17,2017,10000000,1710528,129,2.77,5.5,915,en,"Romance, Drama",2,False,False,Released
331190,Captive,2015-09-17,2015,2000000,2801508,97,1.2775,5.65,287,en,"Crime, Drama, Thriller",3,False,False,Released
331313,Keeping Up with the Joneses,2016-10-20,2016,40000000,29900000,105,3.7544,6.089,2139,en,"Action, Comedy",2,False,False,Released
331482,Little Women,2019-12-25,2019,40000000,332103783,135,8.5325,7.854,6787,en,"Drama, Romance",2,False,False,Released
331588,The Great Gilly Hopkins,2015-10-05,2015,5000000,97798,99,2.784,6.58,249,en,"Comedy, Drama, Family",3,False,False,Released
331836,Babysitting 2,2015-12-02,2015,9458736,24563629,93,2.3332,6.323,1412,fr,Comedy,1,True,False,Released
332210,Storks,2016-09-22,2016,70000000,182379278,87,5.1524,6.669,2492,en,"Adventure, Animation, Comedy, Family",4,False,False,Released
332562,A Star Is Born,2018-10-03,2018,36000000,436388866,136,7.0422,7.492,12192,en,"Music, Drama, Romance",3,False,False,Released
332567,The Shallows,2016-06-24,2016,17000000,119100758,86,6.5222,6.352,5307,en,"Horror, Drama, Thriller",3,False,False,Released
332718,Bilal: A New Breed of Hero,2016-09-08,2016,30000000,1750000,109,1.7194,6.9,163,en,"Animation, Action, Adventure, History",4,False,False,Released
332794,The Odyssey,2016-10-12,2016,20000000,9722918,122,1.6466,6.631,432,fr,"Adventure, Drama",2,False,False,Released
332830,Oru Vadakkan Selfie,2015-03-27,2015,670000,4700000,143,0.5296,6.4,36,ml,"Comedy, Drama",2,False,False,Released
332835,Piku,2015-05-08,2015,5500000,22159216,123,0.9534,7.115,213,hi,"Comedy, Drama",2,False,False,Released
332872,Julieta,2016-04-08,2016,1490000,22468044,98,2.1644,6.992,911,es,"Drama, Romance",2,False,False,Released
332979,Bleed for This,2016-11-04,2016,6000000,6174491,116,2.8471,6.8,832,en,Drama,1,False,False,Released
333339,Ready Player One,2018-03-28,2018,175000000,607274134,140,20.9204,7.584,16783,en,"Adventure, Action, Science Fiction",3,False,False,Released
333348,Love the Coopers,2015-11-12,2015,17000000,42426912,107,3.1836,5.996,860,en,"Comedy, Family, Drama",3,False,False,Released
333352,Eye in the Sky,2015-09-07,2015,13000000,18704595,102,3.3657,7.004,1724,en,"Drama, Thriller, War",3,False,False,Released
333371,10 Cloverfield Lane,2016-03-10,2016,15000000,110216998,104,6.3714,6.999,8613,en,"Thriller, Science Fiction, Drama, Horror",4,False,False,Released
333384,Lowriders,2017-04-28,2017,916000,6312033,99,1.7632,6.7,123,en,"Drama, Action, Crime",3,False,False,Released
333385,Mr. Right,2016-02-29,2016,8000000,34694,95,3.2431,6.449,1453,en,"Comedy, Romance, Crime",3,False,False,Released
333386,The Duel,2016-06-24,2016,10000000,20672,110,2.1537,5.4,373,en,"Western, Drama",2,False,False,Released
333484,The Magnificent Seven,2016-09-14,2016,90000000,162400000,132,8.7618,6.484,6359,en,"Adventure, Action, Western",3,False,False,Released
333596,Woodlawn,2015-10-15,2015,12000000,14394097,123,2.4412,6.9,205,en,Drama,1,False,False,Released
333667,Rock Dog,2016-07-08,2016,60000000,23270926,90,2.8663,6.2,312,en,"Animation, Adventure, Comedy, Family, Music",5,True,False,Released
333669,Bastille Day,2016-04-22,2016,20000000,14397593,92,4.4479,6.318,1516,en,Action,1,False,False,Released
334304,Belle and Sebastian: The Adventure Continues,2015-12-08,2015,15100000,14526807,97,0.8548,6.922,354,fr,"Adventure, Family",2,True,False,Released
334384,Tex Montana Will Survive!,2015-04-04,2015,1500,53889,82,0.0643,6.4,12,en,Comedy,1,False,False,Released
334394,Baskin,2015-12-31,2015,350000,318155,97,1.4833,5.851,347,tr,"Horror, Thriller",2,False,False,Released
334521,Free Fire,2017-03-31,2017,7000000,3719383,91,2.5769,6.3,1214,en,"Action, Crime, Mystery",3,False,False,Released
334524,Gold,2016-02-03,2016,20000000,14880939,120,4.2104,6.624,1741,en,"Adventure, Drama, Thriller",3,False,False,Released
334533,Captain Fantastic,2016-07-08,2016,5000000,23123592,119,5.2943,7.889,6803,en,"Adventure, Drama",2,False,False,Released
334541,Manchester by the Sea,2016-11-17,2016,9000000,79000000,138,5.5141,7.6,6375,en,Drama,1,False,False,Released
334543,Lion,2016-11-24,2016,12000000,140312928,118,8.2654,8.039,6935,en,Drama,1,False,False,Released
334924,The Treasure,2015-12-03,2015,1016549,82392,89,0.5317,6.5,64,ro,Comedy,1,False,False,Released
335031,¡Asu Mare! 2,2015-04-09,2015,700,1,100,0.511,6.0,23,es,"Comedy, Romance",2,True,False,Released
335360,My Little Pony: The Movie,2017-10-05,2017,6000000,61294644,99,4.8158,7.264,409,en,"Family, Animation, Adventure, Fantasy",4,False,False,Released
335462,Wolf Warrior,2015-04-02,2015,12000000,89911331,90,2.9251,6.2,280,zh,"Action, War",2,True,False,Released
335777,The Nut Job 2: Nutty by Nature,2017-08-11,2017,40000000,68743485,91,4.1947,6.117,463,en,"Animation, Family, Adventure, Comedy",4,True,False,Released
335778,Risen,2016-02-18,2016,20000000,46100000,107,5.5419,6.271,937,en,"Action, Adventure, Drama, History, Mystery",5,False,False,Released
335787,Uncharted,2022-02-10,2022,120000000,407141258,116,10.2229,6.866,6722,en,"Action, Adventure",2,True,False,Released
335788,Renegades,2017-08-21,2017,66190000,2602149,105,2.5475,5.561,363,en,"Thriller, Action, War",3,False,False,Released
335791,When the Bough Breaks,2016-09-09,2016,10000000,30658387,97,2.1657,5.818,433,en,"Drama, Thriller",2,False,False,Released
335796,Ouija: Origin of Evil,2016-10-20,2016,9000000,81831866,99,3.8293,6.154,2609,en,Horror,1,True,False,Released
335797,Sing,2016-11-23,2016,75000000,634151679,108,10.1051,7.122,8396,en,"Animation, Music, Comedy, Family",4,True,False,Released
335977,Indiana Jones and the Dial of Destiny,2023-06-25,2023,294700000,383963057,155,10.1158,6.512,4101,en,"Adventure, Action",2,True,False,Released
335983,Venom,2018-09-28,2018,116000000,856085151,112,14.2273,6.825,17156,en,"Science Fiction, Action",2,True,False,Released
335984,Blade Runner 2049,2017-10-04,2017,150000000,259239658,164,21.7549,7.6,15012,en,"Science Fiction, Drama",2,True,False,Released
335988,Transformers: The Last Knight,2017-06-16,2017,217000000,605425157,154,9.2096,6.05,6663,en,"Action, Adventure, Science Fiction",3,True,False,Released
336000,The Glass Castle,2017-08-11,2017,9000000,22088533,127,3.5532,7.105,897,en,Drama,1,False,False,Released
336004,Heist,2015-11-13,2015,8900000,4100000,93,3.8118,6.1,990,en,"Action, Crime, Thriller, Drama",4,False,False,Released
336011,White Girl,2016-09-02,2016,700000,200242,88,2.7101,5.7,476,en,Drama,1,False,False,Released
336029,A Tale of Love and Darkness,2015-09-03,2015,4000000,572212,95,1.1248,5.679,148,he,Drama,1,False,False,Released
336050,Son of Saul,2015-06-11,2015,1000000,1777043,107,1.8996,7.125,1166,hu,"War, Drama, Thriller",3,False,False,Released
336211,Tanu Weds Manu: Returns,2015-05-22,2015,6153000,39270000,128,1.1814,6.88,166,hi,"Comedy, Romance",2,True,False,Released
336804,Mustang,2015-06-17,2015,1300000,5300000,97,2.7292,7.7,1448,fr,Drama,1,False,False,Released
336808,Embrace of the Serpent,2015-05-25,2015,1400000,1320005,125,1.578,7.694,501,es,"Drama, Adventure",2,False,False,Released
336843,Maze Runner: The Death Cure,2018-01-10,2018,62000000,288418190,143,11.0805,7.081,8351,en,"Science Fiction, Action, Adventure, Thriller",4,True,False,Released
336882,The Wave,2015-08-28,2015,5904067,12975143,105,3.0772,6.688,1394,no,"Action, Thriller, Drama",3,True,False,Released
336884,Dark Woods II,2015-10-09,2015,1500000,758497,93,0.9647,4.8,106,no,Horror,1,True,False,Released
337154,The Meddler,2016-04-05,2016,3200000,4267218,100,2.5151,5.952,376,en,"Comedy, Drama",2,False,False,Released
337167,Fifty Shades Freed,2018-01-17,2018,55000000,371985018,105,14.7705,6.673,8324,en,"Drama, Romance",2,True,False,Released
337170,American Made,2017-08-18,2017,50000000,133511855,115,8.3629,6.901,4949,en,"Comedy, Crime, Drama",3,False,False,Released
337211,The Watchers: Beginning,2015-03-26,2015,1500000,417929,90,0.7094,4.0,16,ru,"Crime, Adventure, Comedy",3,True,False,Released
337339,The Fate of the Furious,2017-04-12,2017,250000000,1236000000,136,20.5594,6.855,10769,en,"Action, Crime, Thriller",3,True,False,Released
337401,Mulan,2020-09-04,2020,200000000,69965374,115,8.4926,6.83,7016,en,"Adventure, Fantasy, Action",3,False,False,Released
337404,Cruella,2021-05-26,2021,200000000,233503234,134,20.0061,7.971,9996,en,"Comedy, Crime, Drama",3,False,False,Released
337674,Elle,2016-05-25,2016,9800000,2341534,131,2.7708,6.646,1993,fr,"Drama, Thriller",2,False,False,Released
337844,In Dubious Battle,2016-10-08,2016,10000000,213982,110,2.9016,5.802,159,en,Drama,1,False,False,Released
337876,Gabbar Is Back,2015-05-01,2015,11000000,41000000,130,1.0763,6.859,135,hi,"Drama, Action",2,False,False,Released
338065,Dil Dhadakne Do,2015-06-04,2015,13000000,22000000,170,1.7586,6.854,157,hi,"Drama, Family, Romance",3,False,False,Released
338189,It's Only the End of the World,2016-09-21,2016,7400000,9231823,99,2.2011,7.2,1657,fr,Drama,1,False,False,Released
338517,The Dawns Here Are Quiet,2015-04-30,2015,3300000,5249225,111,1.9465,6.784,171,ru,"Drama, War",2,False,False,Released
338676,Extinction,2015-08-07,2015,7000000,2350695,110,4.3555,6.292,754,en,"Action, Adventure, Horror, Science Fiction, Thriller",5,False,False,Released
338762,Bloodshot,2020-03-05,2020,42000000,39861118,110,5.4516,6.68,5228,en,"Action, Science Fiction, Adventure",3,False,False,Released
338766,Hell or High Water,2016-08-11,2016,12000000,37600000,102,5.0198,7.301,4824,en,"Western, Crime, Drama",3,False,False,Released
338930,Loham,2015-08-20,2015,1050255,2250547,129,0.4968,4.4,16,ml,"Action, Thriller",2,False,False,Released
338942,Road to Berlin,2015-05-07,2015,3800000,488569,82,1.1858,6.2,31,ru,"Drama, War",2,False,False,Released
338944,Left Behind,2015-05-07,2015,2400000,3346518,90,0.872,4.6,18,ru,"Comedy, Fantasy, Romance",3,False,False,Released
338947,Hellraiser,2022-09-28,2022,14000000,10303,121,3.6869,6.171,994,en,"Horror, Thriller",2,False,False,Released
338952,Fantastic Beasts: The Crimes of Grindelwald,2018-11-14,2018,200000000,654900000,134,6.069,6.835,11421,en,"Fantasy, Adventure",2,True,False,Released
338953,Fantastic Beasts: The Secrets of Dumbledore,2022-04-06,2022,200000000,407200000,142,10.619,6.627,5055,en,"Fantasy, Adventure",2,True,False,Released
338964,Bad Santa 2,2016-11-23,2016,26000000,24100000,92,2.3003,5.421,869,en,"Comedy, Crime, Mystery",3,True,False,Released
338967,Zombieland: Double Tap,2019-10-09,2019,42000000,122810399,99,6.1813,6.9,6222,en,"Horror, Comedy",2,True,False,Released
338970,Tomb Raider,2018-03-05,2018,94000000,274650803,118,8.4589,6.365,8312,en,"Action, Adventure, Fantasy",3,False,False,Released
339103,Gotti,2018-06-14,2018,10000000,4343227,106,1.9888,5.311,638,en,"Crime, Drama, History, Thriller",4,False,False,Released
339145,The Girl in the Book,2015-06-13,2015,8245,81379,86,2.7111,5.8,161,en,Drama,1,False,False,Released
339259,The Man with the Iron Heart,2017-05-25,2017,32679734,4412639,120,3.1548,6.554,819,en,"War, Action, History, Thriller",4,False,False,Released
339380,On the Basis of Sex,2018-12-25,2018,20000000,38755968,120,3.4967,7.329,1122,en,"Drama, History",2,False,False,Released
339397,Café Society,2016-05-11,2016,30000000,43763247,97,4.1714,6.44,2807,en,"Comedy, Drama, Romance",3,False,False,Released
339403,Baby Driver,2017-06-28,2017,34000000,226945087,113,10.61,7.442,16747,en,"Action, Crime",2,False,False,Released
339408,The Birth of a Nation,2016-09-09,2016,8500000,15861566,120,2.646,6.573,570,en,Drama,1,False,False,Released
339419,Loving,2016-11-04,2016,9000000,8996802,123,2.5407,6.695,965,en,"Drama, Romance",2,False,False,Released
339669,Blinky Bill the Movie,2015-08-21,2015,12800000,4634032,93,0.9448,5.6,42,en,"Family, Animation, Adventure",3,False,False,Released
339846,Baywatch,2017-05-25,2017,69000000,177900000,116,10.5193,6.084,8468,en,"Comedy, Action, Crime",3,False,False,Released
339877,Loving Vincent,2017-06-22,2017,5500000,42187665,95,3.2979,7.986,2590,en,"Animation, Drama, History",3,False,False,Released
339927,Kevin Hart: What Now?,2016-10-14,2016,9900000,23600000,96,2.2156,6.445,262,en,"Comedy, Documentary, TV Movie",3,False,False,Released
339964,Valerian and the City of a Thousand Planets,2017-07-19,2017,177200000,225973340,137,8.8344,6.632,7947,en,"Adventure, Science Fiction, Action",3,False,False,Released
339967,Colossal,2017-04-06,2017,15000000,3029287,109,4.4748,6.274,2258,en,"Drama, Fantasy, Science Fiction",3,False,False,Released
339984,Miracles from Heaven,2016-03-17,2016,16000000,74000000,119,4.4078,7.447,1266,en,"Family, Drama",2,False,False,Released
339988,The Circle,2017-04-27,2017,18000000,40651864,110,3.2175,5.523,4574,en,"Drama, Thriller, Science Fiction",3,False,False,Released
340022,Gringo,2018-03-08,2018,10000000,11001627,111,2.7521,5.879,795,en,"Comedy, Action, Crime",3,False,False,Released
340101,Their Finest,2017-02-19,2017,11795877,3603484,117,3.1758,6.575,442,en,"Romance, War, Drama",3,False,False,Released
340102,The New Mutants,2020-04-02,2020,67000000,49169594,94,5.4091,6.078,3687,en,"Science Fiction, Horror, Action",3,True,False,Released
340103,The Monster,2016-11-11,2016,2700000,74000,91,1.4363,5.523,598,en,"Horror, Drama",2,False,False,Released
340176,Tag,2015-05-11,2015,1250000,995024,85,2.6233,6.484,399,ja,"Horror, Action",2,False,False,Released
340190,Drunk Wedding,2015-05-22,2015,600000,3301,81,0.8268,4.5,30,en,Comedy,1,False,False,Released
340402,Almost Christmas,2016-11-11,2016,17000000,42580920,111,2.652,6.0,390,en,"Comedy, Drama",2,False,False,Released
340485,American Honey,2016-09-30,2016,3500000,2290649,163,2.6245,6.804,923,en,Drama,1,False,False,Released
340487,Certain Women,2016-09-25,2016,2000000,1215691,107,2.0616,5.999,379,en,Drama,1,False,False,Released
340613,The Wife,2017-08-17,2017,7000000,20000000,100,2.3814,7.063,1118,en,Drama,1,False,False,Released
340666,Nocturnal Animals,2016-11-04,2016,22500000,29300000,116,6.1534,7.4,8253,en,"Drama, Thriller",2,False,False,Released
340674,Dark Crimes,2016-10-12,2016,4480393,21216,93,1.8204,4.63,491,en,"Drama, Thriller",2,False,False,Released
340676,Personal Shopper,2016-12-14,2016,6000000,1305195,106,1.9395,5.9,1316,fr,"Drama, Mystery, Thriller",3,False,False,Released
340837,A Cure for Wellness,2017-02-15,2017,40000000,26620002,146,6.4467,6.352,4157,en,"Horror, Mystery, Science Fiction",3,False,False,Released
340945,USS Indianapolis: Men of Courage,2016-09-22,2016,40000000,2158568,128,3.4724,5.871,660,en,"Action, War",2,False,False,Released
341006,The Belko Experiment,2016-09-10,2016,5000000,11792942,89,4.9012,6.179,1655,en,"Horror, Thriller",2,False,False,Released
341012,Popstar: Never Stop Never Stopping,2016-06-03,2016,20000000,9680029,86,2.833,6.6,1354,en,"Comedy, Music",2,False,False,Released
341013,Atomic Blonde,2017-07-26,2017,30000000,100014025,115,6.5428,6.435,6600,en,"Action, Thriller",2,False,False,Released
341174,Fifty Shades Darker,2017-02-08,2017,55000000,381545846,118,9.0295,6.472,7916,en,"Drama, Romance",2,True,False,Released
341420,Demonte Colony,2015-05-22,2015,240000,2000000,116,0.561,7.0,30,ta,Horror,1,True,False,Released
341895,Premam,2015-05-29,2015,620000,1100000,157,0.6518,7.513,114,ml,"Comedy, Romance",2,False,False,Released
342473,Ballerina,2016-12-14,2016,30000000,109573511,89,7.3386,7.203,1980,en,"Animation, Adventure, Comedy, Family",4,False,False,Released
342521,Keanu,2016-04-29,2016,15000000,20749853,100,21.7826,6.053,1127,en,"Action, Comedy, Crime",3,False,False,Released
342737,20th Century Women,2016-12-28,2016,7000000,5664764,118,3.0405,7.319,1226,en,Drama,1,False,False,Released
343611,Jack Reacher: Never Go Back,2016-10-19,2016,60000000,162100000,118,13.6256,6.007,5297,en,"Action, Thriller, Drama, Crime",4,True,False,Released
343668,Kingsman: The Golden Circle,2017-09-20,2017,104000000,410902662,141,9.2004,6.945,11083,en,"Action, Adventure, Comedy, Crime, Science Fiction",5,True,False,Released
343701,Bunny the Killer Thing,2015-11-06,2015,1000000,11082,88,1.3165,4.4,81,fi,"Action, Comedy, Horror",3,False,False,Released
343795,90 Minutes in Heaven,2015-09-11,2015,5000000,4842699,122,2.1061,5.9,177,en,Drama,1,False,False,Released
344268,The New Adventures of Aladdin,2015-10-14,2015,17800000,35800000,101,1.2635,4.721,890,fr,"Comedy, Fantasy, Adventure",3,True,False,Released
345887,The Equalizer 2,2018-07-19,2018,62000000,190400157,121,10.2096,6.783,5921,en,"Action, Thriller, Crime",3,True,False,Released
345911,Lights Out,2016-07-21,2016,4900000,149368835,81,7.0307,6.367,4093,en,Horror,1,False,False,Released
345914,The House,2017-06-29,2017,40000000,34200000,88,2.4377,5.63,967,en,"Comedy, Crime",2,False,False,Released
345920,Collateral Beauty,2016-12-15,2016,36000000,88528280,97,5.8664,7.219,5542,en,"Drama, Romance",2,False,False,Released
345922,Fist Fight,2017-02-16,2017,22000000,41087017,91,3.2539,6.044,1306,en,Comedy,1,False,False,Released
345923,All I See Is You,2017-08-10,2017,30000000,646946,110,1.5253,5.215,614,en,"Mystery, Thriller, Drama",3,False,False,Released
345938,The Shack,2017-03-02,2017,20000000,96942115,132,6.689,7.492,2234,en,"Drama, Family",2,False,False,Released
345940,The Meg,2018-08-09,2018,150000000,530517320,113,12.2094,6.247,8145,en,"Action, Science Fiction, Horror",3,True,False,Released
346364,It,2017-09-06,2017,35000000,719766009,135,15.8485,7.239,20237,en,"Horror, Thriller, Drama",3,True,False,Released
346646,Veteran,2015-08-05,2015,7528230,87970000,123,4.0816,6.929,246,ko,"Action, Crime, Comedy, Thriller",4,True,False,Released
346648,Paddington 2,2017-11-09,2017,40000000,290132513,104,5.8558,7.475,2758,en,"Adventure, Comedy, Family",3,True,False,Released
346672,Underworld: Blood Wars,2016-11-24,2016,35000000,81093313,91,6.4209,5.913,3916,en,"Fantasy, Action, Thriller, Science Fiction, Horror",5,True,False,Released
346684,On Wings of Eagles,2016-06-17,2016,12000000,155111,96,1.1631,5.6,52,en,"Drama, History, War",3,False,False,Released
346685,The Girl on the Train,2016-10-05,2016,45000000,173200000,112,6.1223,6.442,5992,en,"Crime, Mystery, Thriller",3,False,False,Released
346698,Barbie,2023-07-19,2023,145000000,1447138421,114,34.3731,6.926,10992,en,"Comedy, Adventure, Fantasy",3,False,False,Released
346808,Momentum,2015-10-15,2015,20000000,133332,96,2.9221,5.658,577,en,"Action, Crime, Thriller",3,False,False,Released
346910,The Predator,2018-09-05,2018,88000000,160542134,107,7.7903,5.6,5112,en,"Science Fiction, Action, Thriller",3,True,False,Released
347026,A United Kingdom,2016-11-25,2016,14000000,13819139,111,2.7944,6.667,536,en,"Drama, History",2,False,False,Released
347031,Swiss Army Man,2016-06-24,2016,3000000,5800000,97,3.6219,6.9,3785,en,"Comedy, Drama, Romance, Fantasy, Adventure",5,False,False,Released
347126,God's Not Dead 2,2016-04-01,2016,5000000,24487848,121,2.7521,6.144,421,en,Drama,1,True,False,Released
347215,Safrom,2015-07-13,2015,190,80,78,0.1377,4.4,15,it,Horror,1,False,False,Released
347375,Mile 22,2018-08-16,2018,35000000,66308758,94,5.8702,6.228,2394,en,"Action, Thriller",2,False,False,Released
347629,Thank You for Your Service,2017-10-26,2017,20000000,9995692,109,2.4012,6.568,413,en,"Drama, War",2,False,False,Released
347882,Sleight,2016-04-28,2016,250000,3989705,89,0.7845,5.424,537,en,"Drama, Thriller, Action, Science Fiction",4,False,False,Released
347979,Horoscope for Good Luck,2015-07-16,2015,2800000,964206,95,0.9202,5.7,11,ru,"Comedy, Romance",2,False,False,Released
348133,Yes & Yes,2014-06-26,2014,600000,25574,115,0.874,3.7,17,ru,Drama,1,False,False,Released
348350,Solo: A Star Wars Story,2018-05-15,2018,250000000,392952373,135,8.7056,6.558,9208,en,"Science Fiction, Adventure, Action",3,False,False,Released
348537,Spanish Affair 2,2015-11-20,2015,4500000,38482411,106,0.6769,5.502,428,es,"Comedy, Romance, Family",3,True,False,Released
348668,A Conspiracy of Faith,2016-03-03,2016,5210000,9700000,108,1.7464,7.0,608,da,"Crime, Drama, Mystery, Thriller",4,True,False,Released
348672,About Endlessness,2019-11-15,2019,4700000,434977,76,0.8141,6.565,222,sv,"Drama, Fantasy, Comedy",3,False,False,Released
348750,8 Seconds,2015-02-27,2015,5556000,1759935,120,0.5495,6.1,18,de,Drama,1,False,False,Released
348892,Bajrangi Bhaijaan,2015-07-17,2015,13000000,150000000,159,2.5171,7.8,537,hi,"Comedy, Drama, Adventure",3,False,False,Released
350312,Bāhubali 2: The Conclusion,2017-04-27,2017,31000000,280700000,167,3.4954,7.446,841,te,"Action, Adventure, Fantasy",3,True,False,Released
350555,The Midwife,2015-09-04,2015,1803780,2460914,119,0.7989,5.8,36,fi,"Drama, Romance, War",3,False,False,Released
350650,Doraemon: Nobita and the Space Heroes,2015-03-07,2015,46597700,32700000,100,3.3517,6.2,85,ja,"Comedy, Animation, Family, Adventure, Science Fiction, Fantasy",6,True,False,Released
351037,The Ardennes,2015-10-14,2015,2200000,1366879,93,0.846,6.618,200,nl,"Crime, Drama, Thriller",3,False,False,Released
351044,Welcome to Marwen,2018-12-21,2018,39000000,13061491,116,2.7217,6.499,1196,en,"Drama, Comedy",2,False,False,Released
351072,Na Maloom Afraad,2014-10-06,2014,640000,1400000,137,0.3684,6.654,13,ur,"Thriller, Comedy",2,False,False,Released
351211,Blair Witch,2016-09-15,2016,5000000,45172994,89,2.9829,5.238,2030,en,"Thriller, Horror",2,True,False,Released
351286,Jurassic World: Fallen Kingdom,2018-06-06,2018,170000000,1310469037,129,10.8751,6.53,12690,en,"Action, Adventure, Science Fiction, Thriller",4,True,False,Released
351694,Monkey King: Hero Is Back,2015-07-10,2015,10000000,153000000,89,2.6301,6.93,294,zh,"Fantasy, Animation, Comedy",3,False,False,Released
351809,To Steal from a Thief,2016-03-03,2016,6700000,9074836,96,2.3632,6.259,388,es,"Crime, Thriller",2,False,False,Released
351819,Fifty Shades of Black,2016-01-28,2016,20000000,21164799,92,3.1111,4.9,1399,en,"Romance, Comedy",2,False,False,Released
352099,Bangistan,2015-08-07,2015,3600000,830000,135,0.8358,5.692,13,hi,"Comedy, Drama",2,False,False,Released
352161,The Clan,2015-08-13,2015,3500000,20381995,109,1.3201,6.772,438,es,"Drama, History, Crime",3,False,False,Released
352173,Drishyam,2015-07-30,2015,4600000,18000000,163,1.9819,7.529,483,hi,"Mystery, Thriller, Drama",3,True,False,Released
353069,Mother's Day,2016-04-28,2016,25000000,48782670,118,3.7089,5.981,1310,en,"Comedy, Drama, Romance",3,False,False,Released
353070,Going in Style,2017-04-06,2017,25000000,84618541,96,6.3103,6.691,3023,en,"Crime, Comedy",2,False,False,Released
353081,Mission: Impossible - Fallout,2018-07-25,2018,178000000,824171374,147,10.7263,7.447,9076,en,"Action, Adventure",2,True,False,Released
353486,Jumanji: Welcome to the Jungle,2017-12-09,2017,90000000,995339117,119,8.3167,6.817,14407,en,"Adventure, Comedy, Fantasy, Action",4,True,False,Released
353491,The Dark Tower,2017-08-03,2017,60000000,113231078,95,5.5479,5.79,5492,en,"Fantasy, Action, Science Fiction",3,False,False,Released
353500,Essex Boys: Law of Survival,2015-09-21,2015,60000,37500,84,0.4426,4.4,16,en,"Action, Adventure, Crime, Drama",4,True,False,Released
353501,Pulimurugan,2016-10-07,2016,3800000,29000000,161,0.6244,6.175,60,ml,"Action, Adventure",2,False,False,Released
353569,Table 19,2017-03-03,2017,5000000,5042014,87,2.6028,5.905,1011,en,"Comedy, Drama",2,False,False,Released
353570,The Tiger Hunter,2017-03-31,2017,1250000,62398,96,0.4845,5.9,26,en,"Comedy, Drama",2,False,False,Released
353575,LBJ,2017-11-03,2017,20000000,2510151,98,2.3584,6.402,169,en,"Drama, History",2,False,False,Released
353616,Pitch Perfect 3,2017-12-20,2017,45000000,185400345,93,4.5553,6.507,3449,en,"Music, Comedy",2,True,False,Released
353879,Phantom,2015-08-28,2015,8600000,13676590,136,0.9197,5.6,53,hi,"Thriller, Action",2,False,False,Released
354072,Our Times,2015-08-13,2015,2700000,82027760,133,1.9661,7.401,176,zh,"Romance, Comedy",2,False,False,Released
354279,Charming,2018-03-26,2018,20000000,8751856,90,2.76,6.4,275,en,"Animation, Adventure, Comedy, Family, Fantasy, Music, Romance",7,False,False,Released
354556,Guardians,2017-02-14,2017,5400000,15065483,89,3.3455,5.025,811,ru,"Science Fiction, Action, Fantasy, Comedy, Thriller",5,False,False,Released
354667,Rangi Taranga,2015-07-03,2015,490000,5000000,149,0.3684,6.761,23,kn,"Horror, Mystery, Thriller",3,False,False,Released
354859,The Promise,2016-12-02,2016,90000000,12448676,133,4.3912,6.851,504,en,"History, Romance, Drama",3,False,False,Released
354861,Father Figures,2017-12-21,2017,25000000,25601244,113,1.9558,5.805,673,en,Comedy,1,False,False,Released
354912,Coco,2017-10-27,2017,175000000,814641172,105,23.0499,8.197,20849,en,"Family, Animation, Music, Adventure",4,True,False,Released
355234,Parisienne,2016-02-10,2016,2200000,124000,119,0.7773,5.9,55,fr,Drama,1,False,False,Released
356270,The Broken Crown,2016-02-19,2016,869115,1018486,113,0.7923,6.5,55,es,"Drama, History",2,False,False,Released
356305,Why Him?,2016-12-22,2016,38000000,118102725,111,4.3809,6.378,4385,en,Comedy,1,False,False,Released
357706,Irudhi Suttru,2016-01-28,2016,300000,2100000,109,0.9401,7.341,63,ta,Drama,1,False,False,Released
357940,Mr. Six,2015-12-18,2015,250000,139191345,134,2.5529,6.8,172,zh,"Crime, Action, Drama",3,False,False,Released
358807,The Fits,2016-06-03,2016,170000,169242,72,0.7382,6.4,122,en,Drama,1,False,False,Released
358962,Queen of Spades: The Dark Rite,2015-09-10,2015,1000000,2228115,94,1.0281,5.375,88,ru,Horror,1,True,False,Released
359412,Marauders,2016-07-01,2016,15000000,1616004,107,4.84,5.839,702,en,"Action, Crime, Thriller",3,False,False,Released
359724,Ford v Ferrari,2019-11-13,2019,97600000,225508210,153,12.3555,8.005,8900,en,"Drama, Action, History",3,False,False,Released
359790,Blackway,2015-10-03,2015,8000000,16458,90,1.408,5.3,406,en,"Thriller, Mystery",2,False,False,Released
359940,"Three Billboards Outside Ebbing, Missouri",2017-12-01,2017,15000000,162729321,115,7.7888,8.1,10842,en,"Crime, Drama",2,False,False,Released
360203,Lost in the Sun,2015-11-06,2015,25000,25000,95,2.0029,5.9,112,en,"Action, Crime, Drama, Thriller",4,False,False,Released
360328,Dartmoor Killing,2015-09-18,2015,500000,29198,94,0.3763,4.6,11,en,"Drama, Horror, Mystery",3,False,False,Released
360365,Tini: The New Life of Violetta,2016-05-04,2016,19201483,17000172,95,0.9813,7.3,398,es,"Comedy, Drama, Music",3,False,False,Released
360648,Ennu Ninte Moideen,2015-09-18,2015,1900000,7800000,167,0.3872,7.2,34,ml,"Drama, Romance",2,False,False,Released
360814,Dangal,2016-12-21,2016,10400000,311000000,161,4.1881,7.884,1138,hi,"Drama, Family, Comedy",3,False,False,Released
360920,The Grinch,2018-11-08,2018,75000000,552976825,85,8.6842,6.9,4415,en,"Animation, Comedy, Family, Fantasy",4,False,False,Released
361131,Hate Story 3,2015-12-04,2015,2900000,8900000,126,0.6137,4.883,30,hi,"Thriller, Drama",2,True,False,Released
361159,Navy Seals vs. Zombies,2016-03-18,2016,1181389,56191,97,1.1213,5.154,185,en,"Horror, Action",2,False,False,Released
361292,Suspiria,2018-10-26,2018,20000000,7953089,152,4.9655,6.902,2745,en,"Horror, Mystery, Drama",3,False,False,Released
361743,Top Gun: Maverick,2022-05-21,2022,170000000,1488732821,131,30.1462,8.152,10793,en,"Action, Drama",2,True,False,Released
361759,Jawani Phir Nahi Ani,2015-09-25,2015,20000000,77000000,158,0.3612,6.909,11,ur,"Romance, Adventure, Comedy, Music",4,False,False,Released
361777,Smoke & Mirrors,2016-09-23,2016,5000000,2387127,123,1.0497,6.5,257,es,"History, Thriller",2,False,False,Released
362045,Bajirao Mastani,2015-12-18,2015,19500000,56000000,158,1.7714,7.3,303,hi,"History, Romance, Drama",3,False,False,Released
362136,Prem Ratan Dhan Payo,2015-11-11,2015,23400000,67000000,164,1.285,5.285,123,hi,"Romance, Drama, Action",3,False,False,Released
362150,Vedalam,2015-11-10,2015,9300000,18400000,156,0.7818,5.858,53,ta,Action,1,False,False,Released
362178,Kaili Blues,2016-03-23,2016,150000,646,113,1.6143,7.072,145,zh,"Drama, Mystery",2,False,False,Released
362739,Sons of Rizk,2015-07-16,2015,1368070,1249176,103,1.1563,7.224,38,ar,"Action, Comedy, Crime",3,True,False,Released
363088,Ant-Man and the Wasp,2018-07-04,2018,140000000,622674139,119,8.1003,6.903,14110,en,"Action, Adventure, Science Fiction",3,True,False,Released
363152,Bengal Tiger,2015-12-10,2015,2800000,5600000,151,0.427,4.7,13,te,"Romance, Action, Comedy",3,False,False,Released
363579,The Age of Shadows,2016-09-07,2016,9620000,53165427,140,3.5518,7.19,369,ko,"Action, Thriller, History",3,False,False,Released
363676,Sully,2016-09-07,2016,60000000,240800000,96,8.1073,7.201,7675,en,"Drama, History",2,False,False,Released
364116,The Other Side of the Door,2016-02-25,2016,5000000,14332467,96,1.7004,5.558,891,en,"Horror, Thriller",2,False,False,Released
364427,Orleans,2015-09-17,2015,2500000,302000,106,0.6695,4.5,21,ru,"Drama, Comedy, Thriller",3,False,False,Released
364433,They Call Me Jeeg,2016-02-25,2016,1900000,5713331,112,2.4286,7.411,2582,it,"Science Fiction, Action, Drama",3,False,False,Released
364470,Game Therapy,2015-10-22,2015,2000000,1341185,97,0.3283,4.541,230,it,"Science Fiction, Adventure, Action, Fantasy, Drama",5,False,False,Released
364594,No Borders,2015-10-22,2015,1211360,3129507,90,1.3394,5.4,22,ru,"Comedy, Romance",2,False,False,Released
364615,Toro,2016-04-22,2016,4000000,1903083,105,1.5173,6.012,165,es,"Drama, Crime, Thriller",3,False,False,Released
364689,Ferdinand,2017-12-09,2017,111000000,295038508,108,7.096,7.213,3071,en,"Animation, Family, Adventure, Comedy",4,False,False,Released
365177,Borderlands,2024-08-07,2024,115000000,33017367,101,6.9108,5.601,1469,en,"Action, Science Fiction, Comedy",3,False,False,Released
365222,Ip Man 3,2015-12-24,2015,36000000,157000000,105,4.0094,7.034,1914,cn,"Action, Drama, History",3,True,False,Released
365465,Chemo,2015-10-02,2015,1500000,1484357,95,0.3628,5.2,17,pl,"Drama, Comedy",2,False,False,Released
365620,Ferrari,2023-12-14,2023,95000000,39220516,131,4.7931,6.4,1237,en,"History, Drama",2,False,False,Released
365942,The Space Between Us,2017-01-26,2017,30000000,14793385,121,3.2782,7.042,2542,en,"Romance, Adventure, Science Fiction, Drama",4,False,False,Released
365961,"Help, I Shrunk My Teacher",2015-12-17,2015,7000000,8521017,101,0.7722,5.594,85,de,"Comedy, Family, Fantasy",3,True,False,Released
366080,Kabali,2016-07-22,2016,18700000,74000000,150,0.919,6.0,90,ta,"Action, Crime, Drama",3,False,False,Released
366668,Playmobil: The Movie,2019-06-10,2019,75000000,16349303,99,1.7876,5.751,309,en,"Family, Animation, Comedy, Adventure, Fantasy",5,False,False,Released
366672,Paws of Fury: The Legend of Hank,2022-07-14,2022,45000000,42500000,94,2.795,6.63,326,en,"Animation, Adventure, Comedy, Family",4,False,False,Released
366755,Fashion Chicks,2015-12-02,2015,450000,1500000,93,0.5251,5.8,73,nl,Comedy,1,False,False,Released
367416,The von Trapp Family: A Life of Music,2015-11-12,2015,17000000,99967,98,0.4098,5.9,19,de,"Drama, Music",2,False,False,Released
367553,Bhale Bhale Magadivoy,2015-09-04,2015,1400000,8300000,145,0.489,6.4,20,te,"Romance, Comedy",2,False,False,Released
368006,24,2016-05-05,2016,10000000,15000000,164,1.3973,7.195,131,ta,"Action, Science Fiction, Thriller",3,False,False,Released
368031,Friend Request,2016-01-07,2016,9900000,10975390,92,2.225,5.557,1316,en,"Horror, Thriller",2,False,False,Released
368940,Robinson Crusoe,2016-02-04,2016,13500000,40075446,90,2.3998,5.807,357,de,"Animation, Adventure, Family",3,False,False,Released
368942,A Quiet Passion,2016-10-07,2016,8138338,1864266,125,1.104,6.052,193,en,Drama,1,False,False,Released
369192,Battle of the Sexes,2017-09-22,2017,25000000,12638526,121,3.019,6.761,1950,en,"Drama, Comedy, History",3,False,False,Released
369557,Sing Street,2016-03-11,2016,4000000,13624522,105,4.1861,7.861,2437,en,"Romance, Drama, Music, Comedy",4,False,False,Released
369776,The Tuche Family: The American Dream,2016-02-03,2016,8500000,35210425,94,2.1855,5.562,1017,fr,Comedy,1,True,False,Released
369883,Middle School: The Worst Years of My Life,2016-10-07,2016,8500000,23316139,92,2.6724,6.934,455,en,"Family, Comedy",2,False,False,Released
369885,Allied,2016-11-23,2016,106000000,119520023,124,6.9391,6.804,4781,en,"Action, Drama, War, Romance, Thriller",5,False,False,Released
369972,First Man,2018-10-10,2018,70000000,105713218,141,7.1554,7.042,5626,en,"History, Drama",2,False,False,Released
370172,No Time to Die,2021-09-29,2021,250000000,774153024,163,11.256,7.339,7042,en,"Action, Thriller, Adventure",3,True,False,Released
370567,Sherlock Gnomes,2018-03-15,2018,59000000,90497778,86,2.5781,5.758,768,en,"Animation, Family, Fantasy, Comedy, Adventure, Mystery",6,True,False,Released
370665,Dilwale,2015-12-18,2015,26000000,61000000,158,2.9307,6.582,340,hi,"Crime, Action, Comedy",3,False,False,Released
370755,Paterson,2016-11-17,2016,5000000,2152738,118,3.1707,7.115,2047,en,"Drama, Comedy, Romance",3,False,False,Released
370964,I Am Dragon,2015-12-03,2015,18000000,10495305,110,3.4081,7.171,410,ru,"Fantasy, Romance",2,False,False,Released
371363,Brahmotsavam,2016-05-20,2016,11000000,10000000,156,1.2981,4.4,15,te,"Family, Drama",2,False,False,Released
371560,The Eyes of My Mother,2016-12-02,2016,300000,48539,76,2.6318,6.184,353,en,"Drama, Horror",2,False,False,Released
371608,The Strangers: Prey at Night,2018-03-07,2018,12500000,32144262,86,5.7826,5.7,1485,en,"Horror, Thriller",2,True,False,Released
371638,The Disaster Artist,2017-03-12,2017,10000000,29820616,104,3.8882,7.101,3730,en,"Comedy, Drama",2,False,False,Released
371645,Hunt for the Wilderpeople,2016-01-22,2016,2500000,23900000,101,3.6957,7.647,2284,en,"Adventure, Comedy, Drama",3,False,False,Released
371865,Slack Bay,2016-05-13,2016,8104734,920719,122,0.6409,5.6,273,fr,Comedy,1,False,False,Released
372058,Your Name.,2016-08-26,2016,7500000,405320132,106,24.5986,8.476,12446,ja,"Animation, Romance, Drama",3,False,False,Released
372226,Visaranai,2016-02-04,2016,325000,1600000,118,0.8859,8.0,80,ta,"Thriller, Crime, Drama",3,False,False,Released
372297,Charlie,2015-12-24,2015,1900000,5900000,130,1.1144,7.6,85,ml,"Drama, Romance",2,False,False,Released
372343,The Snowman,2017-08-24,2017,35000000,43203413,119,4.7562,5.223,2363,en,"Crime, Thriller, Mystery, Horror",4,False,False,Released
372399,A Aa,2016-06-02,2016,87933055,189432924,152,0.8188,6.6,26,te,"Family, Comedy, Romance, Drama",4,False,False,Released
372411,Absolutely Fabulous: The Movie,2016-07-01,2016,10000000,37915971,91,1.5511,5.278,261,en,Comedy,1,False,False,Released
372519,The Ten Commandments: The Movie,2016-01-28,2016,39307171,37070177,120,1.8586,7.2,308,pt,Drama,1,False,False,Released
373200,Detective Chinatown,2015-12-31,2015,15000000,125842935,135,2.874,6.846,156,zh,"Comedy, Mystery, Action, Adventure",4,True,False,Released
373314,Misconduct,2016-02-05,2016,11000000,2049761,106,3.1904,5.593,604,en,"Drama, Thriller",2,False,False,Released
373449,2.0,2018-11-29,2018,77000000,114629169,149,1.8807,5.845,174,ta,"Action, Science Fiction, Fantasy",3,True,False,Released
373569,Snatched,2017-05-03,2017,42000000,60800000,90,4.1954,5.3,825,en,"Action, Comedy",2,False,False,Released
373571,Godzilla: King of the Monsters,2019-05-29,2019,170000000,387300138,132,12.7416,6.688,6662,en,"Science Fiction, Action",2,True,False,Released
374173,Kapoor & Sons,2016-03-18,2016,3577143,17412627,137,0.7929,7.043,198,hi,"Drama, Romance, Comedy, Family",4,False,False,Released
374416,Where Am I Going?,2016-01-01,2016,11089000,75173000,86,1.0776,6.823,2220,it,"Comedy, Family, Adventure",3,False,False,Released
374440,Spa Night,2016-08-19,2016,67000,38578,96,0.8192,5.6,32,en,Drama,1,False,False,Released
374458,Graduation,2016-05-20,2016,2000000,2015002,128,0.902,6.777,300,ro,Drama,1,False,False,Released
374461,Mr. Church,2016-09-16,2016,8000000,685780,104,4.1391,7.397,517,en,Drama,1,False,False,Released
374465,Things to Come,2016-04-06,2016,2100000,282382,102,1.1198,6.519,341,fr,Drama,1,False,False,Released
374720,Dunkirk,2017-07-19,2017,150000000,549136737,107,12.2624,7.45,17484,en,"War, Action, Drama",3,False,False,Released
374954,Sarrainodu,2016-04-08,2016,7503564,19059053,161,1.3643,6.181,47,te,"Action, Drama",2,False,False,Released
375108,Mafia: Survival Game,2016-01-01,2016,2570000,4026795,91,1.6513,4.436,110,ru,"Action, Science Fiction",2,False,False,Released
375262,The Favourite,2018-11-23,2018,15000000,95918706,120,5.257,7.492,5889,en,"History, Comedy, Drama",3,False,False,Released
375290,Airlift,2016-01-22,2016,4500000,32000000,126,0.9888,7.102,211,hi,"Drama, History, Action",3,False,False,Released
375588,Robin Hood,2018-11-03,2018,100000000,86493046,116,5.8704,5.909,3130,en,"Adventure, Action, Thriller, Fantasy",4,False,False,Released
375742,The Lure,2015-12-25,2015,1300000,102986,93,1.3147,6.166,289,pl,"Horror, Music, Romance, Fantasy, Thriller",5,False,False,Released
375794,"No manches, Frida",2016-09-02,2016,5000000,23500000,100,3.7482,7.696,941,es,Comedy,1,True,False,Released
375867,Paris Can Wait,2016-09-12,2016,5000000,13203541,92,2.7245,5.844,247,en,"Comedy, Drama, Romance",3,False,False,Released
375868,A Stroke of Luck,2016-12-02,2016,3500000,12304617,90,0.4669,4.9,200,es,"Romance, Drama, Comedy",3,False,False,Released
376166,From the Land of the Moon,2016-10-19,2016,10300000,47748,120,1.4606,6.6,313,fr,"Drama, Romance",2,False,False,Released
376290,Miss Sloane,2016-11-25,2016,13000000,9101546,133,4.0018,7.406,1962,en,"Thriller, Drama, Crime",3,False,False,Released
376453,Operation Avalanche,2016-09-16,2016,1250000,55000,94,1.4018,6.1,217,en,"Thriller, Mystery, Comedy",3,False,False,Released
376565,The Duelist,2016-09-29,2016,12800000,6101904,110,2.3675,6.2,101,ru,"Adventure, Action, Drama",3,False,False,Released
376659,Bad Moms,2016-07-28,2016,20000000,183936074,100,5.0242,6.487,4248,en,Comedy,1,True,False,Released
376660,The Edge of Seventeen,2016-11-18,2016,9000000,18803648,105,4.6716,7.153,4240,en,"Comedy, Drama",2,False,False,Released
376812,Sultan,2016-07-06,2016,10400000,102000000,170,2.0251,6.9,256,hi,"Drama, Action, Romance",3,False,False,Released
376865,High Life,2018-09-26,2018,8933400,2133033,113,3.0388,5.742,1218,en,"Science Fiction, Drama, Mystery",3,False,False,Released
376866,Jackie,2016-12-02,2016,9000000,13960394,100,3.3865,6.46,2429,en,Drama,1,False,False,Released
376867,Moonlight,2016-10-21,2016,4000000,65046687,111,8.4178,7.356,7493,en,Drama,1,False,False,Released
376869,Neerja,2016-02-19,2016,2900000,17618280,122,1.1104,7.3,234,hi,"Drama, Thriller",2,False,False,Released
377213,Te3n,2016-06-10,2016,5069632,4817642,136,0.9342,6.87,104,hi,"Mystery, Thriller, Crime",3,False,False,Released
377264,Morgan,2016-09-01,2016,8000000,8810591,92,3.7149,5.814,1583,en,"Horror, Science Fiction, Thriller",3,False,False,Released
377273,Aquarius,2016-09-01,2016,762241,285930,147,1.2828,7.436,512,pt,Drama,1,False,False,Released
377278,After Love,2016-06-08,2016,1728251,13693,98,0.5384,6.108,120,fr,Drama,1,False,False,Released
377447,Railroad Tigers,2016-12-23,2016,50000000,102205175,124,3.1656,6.077,150,zh,"Action, Adventure, Comedy, Family, War",5,False,False,Released
377587,Meet the Blacks,2016-04-01,2016,900000,9097072,94,1.4593,4.726,318,en,Comedy,1,True,False,Released
377621,Ola Bola,2016-01-28,2016,1230920,3569670,113,0.2952,7.7,16,ms,"History, Drama, Documentary",3,False,False,Released
377985,Fan,2016-04-14,2016,12750000,28000000,138,1.4281,6.3,266,hi,"Action, Adventure, Thriller",3,False,False,Released
378107,Another Day of Life,2018-10-26,2018,5000000,134801,86,0.9323,7.4,114,en,"Animation, Documentary, History",3,False,False,Released
378236,The Emoji Movie,2017-07-23,2017,50000000,216909830,86,16.7468,5.391,3303,en,"Animation, Family, Comedy",3,False,False,Released
378777,Soggade Chinni Nayana,2016-01-15,2016,3000000,10000000,145,0.5135,5.9,18,te,"Drama, Family, Fantasy",3,True,False,Released
379149,The Foreigner,2017-09-28,2017,35000000,145374099,114,6.1818,6.969,2904,en,"Action, Thriller, Crime",3,False,False,Released
379686,Space Jam: A New Legacy,2021-07-08,2021,150000000,163692228,115,7.078,6.643,4202,en,"Family, Comedy, Adventure, Animation, Science Fiction",5,True,False,Released
380111,Flight Crew,2016-04-21,2016,10000000,27305571,138,2.8275,6.916,296,ru,Action,1,False,False,Released
380124,Boo! A Madea Halloween,2016-10-21,2016,20000000,74827344,103,2.3433,5.8,432,en,"Comedy, Horror",2,True,False,Released
380762,Trivisa,2016-04-07,2016,641000,1180360,96,2.3475,7.2,102,cn,"Drama, Crime",2,False,False,Released
381214,Bunker of the Dead,2016-02-18,2016,30000,10147,76,0.3863,4.8,34,de,"Action, Horror, Comedy",3,False,False,Released
381237,Office Uprising,2018-06-19,2018,2500000,165623,88,2.2367,5.33,261,en,"Comedy, Horror, Action",3,False,False,Released
381283,mother!,2017-09-13,2017,30000000,44516999,121,10.437,6.96,7060,en,"Horror, Drama",2,False,False,Released
381284,Hidden Figures,2016-12-10,2016,25000000,235957472,127,10.8019,8.039,10352,en,"Drama, History",2,False,False,Released
381288,Split,2017-01-19,2017,9000000,278454358,117,11.1347,7.341,18252,en,"Horror, Thriller",2,False,False,Released
381289,A Dog's Purpose,2017-01-19,2017,22000000,205000000,100,5.6358,7.636,3509,en,"Adventure, Comedy, Fantasy, Family, Drama",5,True,False,Released
381298,Ghayal Once Again,2016-02-05,2016,6629605,7637304,127,0.5173,5.9,24,hi,"Action, Crime, Drama",3,True,False,Released
381374,Action Hero Biju,2016-02-04,2016,300000,2500000,144,0.5359,7.4,44,ml,"Action, Comedy, Crime",3,True,False,Released
381691,Maheshinte Prathikaaram,2016-02-05,2016,594667,2292774,121,0.7398,7.7,73,ml,"Comedy, Drama",2,False,False,Released
381719,Peter Rabbit,2018-02-07,2018,50000000,351266433,93,5.5307,6.694,1904,en,"Animation, Adventure, Family",3,True,False,Released
381890,The Mermaid,2016-02-08,2016,60720000,553810228,94,3.5294,6.542,483,zh,"Comedy, Fantasy, Romance",3,False,False,Released
381902,The Monkey King 2,2016-01-22,2016,68490000,193677158,120,3.1008,5.9,112,zh,"Action, Adventure, Fantasy",3,True,False,Released
382322,Batman: The Killing Joke,2016-07-24,2016,3500000,3775000,77,3.0407,6.613,1924,en,"Animation, Action, Crime, Drama",4,False,False,Released
382597,R.A.I.D. Special Unit,2017-02-01,2017,32400000,34598750,105,3.0811,5.741,948,fr,"Action, Comedy",2,False,False,Released
382614,The Book of Henry,2017-06-16,2017,10000000,4596705,105,3.1012,7.5,1349,en,"Drama, Thriller, Mystery",3,False,False,Released
382717,Sanam Re,2016-02-12,2016,3056472,4472886,120,0.7432,6.0,59,hi,"Drama, Romance",2,False,False,Released
383218,The Champions: Faster. Higher. Stronger,2016-02-18,2016,1500000,2500000,100,1.159,5.789,19,ru,Drama,1,True,False,Released
383354,Spirit of the Game,2016-10-08,2016,3200000,222565,97,0.3401,4.9,13,en,Drama,1,False,False,Released
383367,Sairat,2016-04-29,2016,600000,16500000,170,1.0453,7.589,73,mr,"Drama, Romance",2,False,False,Released
383498,Deadpool 2,2018-05-15,2018,110000000,785896632,120,13.8147,7.49,19120,en,"Action, Comedy, Adventure",3,True,False,Released
383709,Wonderstruck,2017-10-13,2017,7000000,1947099,116,3.1024,6.068,427,en,Drama,1,False,False,Released
383785,Kung Fu Yoga,2017-01-27,2017,65000000,254212245,107,3.6646,5.871,429,zh,"Comedy, Mystery, Family, Action, Adventure",5,True,False,Released
383807,Heal the Living,2016-11-01,2016,10000000,2225770,104,0.6977,6.443,230,fr,Drama,1,False,False,Released
383809,Thanks Boss!,2016-02-24,2016,162297,3800000,84,0.2259,7.282,142,fr,"Comedy, Documentary",2,False,False,Released
384018,Fast & Furious Presents: Hobbs & Shaw,2019-07-31,2019,200000000,760098996,137,10.0465,6.832,7705,en,"Action, Adventure, Comedy",3,False,False,Released
384680,Hostiles,2017-12-22,2017,55000000,36976336,134,6.752,6.948,2488,en,"Drama, Western, History, Adventure",4,False,False,Released
384682,Office Christmas Party,2016-11-25,2016,45000000,114500000,105,2.8102,5.706,2202,en,Comedy,1,False,False,Released
384737,Precious Cargo,2016-07-14,2016,10500000,567064,99,1.781,5.1,300,en,"Action, Crime, Thriller",3,False,False,Released
385067,Saint Petersburg,2010-10-06,2010,10000,10000,120,0.7339,5.5,19,fa,"Adventure, Comedy",2,False,False,Released
385103,Scoob!,2020-07-08,2020,90000000,28600000,94,6.0422,7.0,1799,en,"Animation, Comedy, Family, Mystery",4,False,False,Released
385128,F9,2021-05-19,2021,200000000,726229501,143,7.4183,7.009,7660,en,"Action, Adventure, Crime",3,True,False,Released
385152,Ugramm,2014-02-21,2014,564155,4231162,133,0.4487,6.563,16,kn,"Action, Drama, Thriller",3,False,False,Released
385301,Munafik,2016-02-25,2016,393894,1058591,98,0.4853,6.3,18,ms,"Horror, Mystery, Thriller",3,True,False,Released
385687,Fast X,2023-05-17,2023,340000000,704709660,142,18.2902,6.998,6268,en,"Action, Crime, Thriller",3,True,False,Released
385722,Bling,2016-05-06,2016,15000000,1404291,81,1.6351,5.7,35,en,"Family, Animation, Science Fiction",3,False,False,Released
387592,Early Man,2018-01-26,2018,50000000,53431158,89,3.0101,6.1,869,en,"Family, Comedy, Animation, Adventure",4,False,False,Released
387836,Martians vs Mexicans,2018-03-09,2018,900000,1180000,90,0.6136,8.0,90,es,"Animation, Comedy, Science Fiction",3,False,False,Released
387844,Nice Sister-In-Law,2015-11-19,2015,2000,8000,97,1.0761,5.7,26,ko,"Romance, Drama",2,True,False,Released
387845,Musudan,2016-03-03,2016,500,500,87,1.7205,5.95,10,ko,"Mystery, Thriller, Action",3,False,False,Released
388045,The Legend of the Chupacabras,2016-10-21,2016,1600000,5100000,83,2.1174,7.4,151,es,"Animation, Adventure, Fantasy, Horror, Family",5,True,False,Released
388088,Jacob's Kingdom of Heaven,2016-04-08,2016,110000,520000,145,0.6023,7.4,30,ml,"Drama, Family",2,False,False,Released
388399,Patriots Day,2016-12-12,2016,45000000,50548152,133,4.9921,7.068,2830,en,"Action, Crime, Drama, History, Thriller",5,False,False,Released
388899,A Fistful of Grapes,2016-03-17,2016,1200000,87618,93,0.2456,5.0,27,it,Comedy,1,False,False,Released
389015,"I, Tonya",2017-12-07,2017,11000000,53900000,120,4.6533,7.469,6161,en,"Drama, Comedy",2,False,False,Released
390043,The Hitman's Bodyguard,2017-08-16,2017,30000000,176586701,118,7.5728,6.893,6625,en,"Action, Comedy, Crime, Thriller",4,True,False,Released
390051,Aftermath,2017-02-28,2017,10500000,840809,94,3.6486,5.754,963,en,"Drama, Thriller",2,False,False,Released
390281,Ustica: The Missing Paper,2016-03-31,2016,3000000,90611,106,0.4525,5.5,46,it,"Drama, History",2,False,False,Released
390415,Maikäfer flieg,2016-02-11,2016,3300000,210865,109,0.4896,6.3,14,de,Drama,1,False,False,Released
390437,Ki & Ka,2016-04-01,2016,3000000,15480000,126,1.2745,5.4,63,hi,"Comedy, Romance",2,False,False,Released
390497,Tunnel,2016-08-10,2016,1000000,52444295,126,3.1198,7.289,648,ko,"Thriller, Drama",2,False,False,Released
391617,Kóblic,2016-04-14,2016,3500000,1839313,92,0.897,6.0,77,es,"Drama, Thriller",2,False,False,Released
391629,Baaghi,2016-04-29,2016,5103000,17377000,134,1.2798,6.4,144,hi,"Action, Thriller, Romance, Adventure",4,True,False,Released
391698,The Beatles: Eight Days a Week - The Touring Years,2016-09-15,2016,5,12283800,106,1.7958,7.535,382,en,"Documentary, Music",2,False,False,Released
391713,Lady Bird,2017-09-01,2017,10000000,79000000,94,5.8815,7.2,8979,en,"Drama, Comedy",2,False,False,Released
391714,On Chesil Beach,2018-01-19,2018,745971,3335913,110,1.8703,6.136,385,en,"Drama, Romance",2,False,False,Released
391779,Housefull 3,2016-06-03,2016,13000000,23000000,140,1.0187,5.127,110,hi,"Comedy, Romance",2,True,False,Released
391955,Maalik,2016-04-08,2016,280000,520000,155,0.3323,6.7,12,ur,"Action, Drama, Crime, Thriller",4,False,False,Released
391995,Hillary's America: The Secret History of the Democratic Party,2016-07-15,2016,5000000,13099931,107,0.5463,5.3,86,en,Documentary,1,False,False,Released
392044,Murder on the Orient Express,2017-11-03,2017,55000000,352800000,114,9.0256,6.707,10489,en,"Mystery, Drama, Crime",3,True,False,Released
392142,Max & Leon,2016-11-01,2016,12156348,8750678,98,1.2294,6.299,832,fr,"Comedy, War, Adventure",3,False,False,Released
392344,Baar Baar Dekho,2016-09-09,2016,7400000,9100000,141,1.0659,5.779,61,hi,"Romance, Drama, Action",3,False,False,Released
392572,Rustom,2016-08-12,2016,6114349,26309214,148,1.1111,6.7,137,hi,"Thriller, Drama, Crime",3,False,False,Released
392794,The Dancer,2016-09-28,2016,8000000,2000000,108,1.4642,6.5,204,fr,"Drama, History",2,False,False,Released
392982,Marshall,2017-10-13,2017,12000000,10051659,118,3.4052,7.25,671,en,Drama,1,False,False,Released
393345,Cult of Chucky,2017-10-12,2017,6500000,2332018,91,4.2907,5.834,1400,en,"Horror, Thriller",2,True,False,Released
393421,Sarbjit,2016-05-20,2016,3400000,6463160,131,0.6894,7.614,35,hi,Drama,1,False,False,Released
393457,Fences,2016-12-16,2016,24000000,64400000,139,4.0983,6.881,2796,en,Drama,1,False,False,Released
393519,Raw,2017-03-10,2017,3500000,4100000,98,2.7163,7.022,3385,fr,"Horror, Drama",2,False,False,Released
393559,My Life as a Zucchini,2016-09-22,2016,8000000,5873256,66,1.6602,7.8,1496,fr,"Animation, Comedy, Drama",3,False,False,Released
393562,Raman Raghav 2.0,2016-06-24,2016,521873,1013926,134,1.539,7.0,132,hi,"Thriller, Crime",2,False,False,Released
393821,Dab6e: The Return,2015-09-11,2015,700000,3853240,153,0.9388,6.3,79,tr,"Horror, Thriller, Fantasy",3,True,False,Released
393841,Pelli Choopulu,2016-07-29,2016,200000,5500000,124,0.5985,7.225,40,te,"Romance, Comedy",2,False,False,Released
394117,The Florida Project,2017-10-06,2017,2000000,11303040,112,4.6448,7.43,3072,en,Drama,1,False,False,Released
394287,Sound and Fury,2016-02-11,2016,10000,10000,100,0.3186,5.8,17,fa,Drama,1,False,False,Released
394684,May God Save Us,2016-10-28,2016,4000000,1598584,127,1.4451,6.756,497,es,"Thriller, Crime, Drama",3,False,False,Released
394741,Stan & Ollie,2018-12-28,2018,10000000,24420923,98,2.8918,6.946,1128,en,"Comedy, Drama",2,False,False,Released
395452,In the Forests of Siberia,2016-06-15,2016,3500000,1492523,105,0.558,6.8,117,fr,"Adventure, Drama",2,False,False,Released
395458,Suburbicon,2017-10-26,2017,25000000,12751667,105,3.9714,5.9,1799,en,"Thriller, Crime, Drama, Mystery",4,False,False,Released
395762,Father Son Therapy,2016-12-28,2016,7230000,1453270,92,0.8857,5.298,121,fr,Comedy,1,False,False,Released
395834,Wind River,2017-08-03,2017,11000000,44998252,107,8.1165,7.436,5731,en,"Crime, Mystery, Drama, Thriller",4,True,False,Released
395990,Death Wish,2018-03-01,2018,30000000,34017028,107,5.63,6.226,2781,en,"Action, Crime, Thriller, Drama",4,False,False,Released
395991,Only the Brave,2017-09-22,2017,38000000,25754775,133,5.0533,7.451,1840,en,"Drama, History",2,False,False,Released
395992,Life,2017-03-22,2017,58000000,100541806,104,9.5411,6.452,7888,en,"Horror, Science Fiction, Mystery",3,False,False,Released
395993,Stronger,2017-09-22,2017,30000000,8484418,119,3.0666,7.0,1567,en,Drama,1,False,False,Released
396321,Puppet Master: The Littlest Reich,2018-08-17,2018,250000000,780846,90,1.2096,5.6,164,en,"Horror, Comedy",2,False,False,Released
396371,Molly's Game,2017-12-07,2017,30000000,59284015,141,5.8379,7.147,3993,en,"Drama, Crime",2,False,False,Released
396422,Annabelle: Creation,2017-08-03,2017,15000000,306592201,110,6.9128,6.606,5961,en,Horror,1,True,False,Released
396461,Under the Silver Lake,2018-08-08,2018,8500000,2053469,139,4.883,6.355,1582,en,"Crime, Drama, Mystery",3,False,False,Released
396535,Train to Busan,2016-07-20,2016,8500000,87547518,118,17.5119,7.748,8296,ko,"Horror, Thriller, Action, Adventure",4,True,False,Released
396616,The King's Choice,2016-09-29,2016,7500000,9100000,136,1.5091,6.9,171,no,"War, Action, Drama",3,False,False,Released
396777,Woodshock,2017-09-22,2017,5000000,43682,101,0.7744,4.4,76,en,"Drama, Thriller",2,False,False,Released
396806,Anon,2018-05-03,2018,20000000,1197741,100,5.3361,6.002,1722,en,"Science Fiction, Crime, Mystery, Thriller",4,False,False,Released
397243,The Autopsy of Jane Doe,2016-12-21,2016,4000000,6170043,86,10.1964,6.834,4680,en,"Horror, Mystery",2,False,False,Released
397415,Vengeance: A Love Story,2017-03-16,2017,28000000,14940116,99,2.9833,5.566,334,en,"Action, Drama, Thriller",3,False,False,Released
397422,Rough Night,2017-06-15,2017,20000000,47347283,101,4.036,5.7,2090,en,"Drama, Comedy",2,False,False,Released
397538,Borg vs McEnroe,2017-09-08,2017,7500000,16657800,108,1.9521,6.9,1201,sv,"Drama, History",2,False,False,Released
397567,Along with the Gods: The Two Worlds,2017-12-20,2017,18300000,125983972,139,6.7476,8.033,1178,ko,"Action, Adventure, Drama, Fantasy, Thriller",5,True,False,Released
397582,The Dirty Dutch,2016-07-07,2016,1746706,506588,77,0.3824,4.8,24,nl,Comedy,1,False,False,Released
397722,Thoroughbreds,2018-03-09,2018,5000000,2830775,92,2.7156,6.433,1239,en,"Drama, Thriller",2,False,False,Released
397837,Before I Fall,2017-03-02,2017,5000000,16373843,98,6.449,6.964,3527,en,"Drama, Fantasy",2,False,False,Released
397852,Rendel,2017-09-22,2017,1686858,1891907,105,1.06,5.485,261,fi,"Action, Fantasy, Crime",3,True,False,Released
398173,The House That Jack Built,2018-10-04,2018,9800000,5566776,152,4.9872,7.131,3024,en,"Drama, Horror, Crime, Thriller",4,False,False,Released
398174,Film Stars Don't Die in Liverpool,2017-11-17,2017,10000000,3179847,105,2.7094,6.374,179,en,"Romance, Drama",2,False,False,Released
398175,Brawl in Cell Block 99,2017-09-23,2017,10000000,64453,132,3.199,6.956,1562,en,"Action, Crime, Thriller",3,False,False,Released
398177,Just Getting Started,2017-12-01,2017,22000000,6069605,91,1.5752,4.9,254,en,"Action, Comedy",2,False,False,Released
398181,You Were Never Really Here,2017-11-08,2017,17000000,9400000,89,3.7139,6.55,3022,en,"Crime, Drama, Thriller",3,False,False,Released
398535,Udta Punjab,2016-06-17,2016,5980000,14900000,148,1.1618,7.2,163,hi,"Crime, Drama",2,False,False,Released
398818,Call Me by Your Name,2017-10-01,2017,3500000,43143046,132,11.2684,8.092,12696,en,"Romance, Drama",2,False,False,Released
398924,A Bag of Marbles,2017-01-18,2017,21400000,10898998,113,3.0404,7.798,899,fr,"War, Drama",2,False,False,Released
398929,Alibi.com,2017-02-15,2017,7546570,29370592,90,3.0766,6.461,1757,fr,"Comedy, Family",2,True,False,Released
398947,Little Spirou,2017-09-27,2017,9850941,3503943,86,0.5772,5.146,99,fr,"Comedy, Family",2,False,False,Released
398978,The Irishman,2019-11-01,2019,159000000,968853,209,7.2334,7.575,7453,en,"Crime, Drama, History",3,False,False,Released
399019,The Beguiled,2017-06-23,2017,10500000,27869129,93,2.8835,5.926,2230,en,Drama,1,False,False,Released
399031,Happy End,2017-06-21,2017,13600000,2610794,110,1.7113,6.2,431,fr,Drama,1,False,False,Released
399035,The Commuter,2018-01-11,2018,30000000,119942387,104,6.0074,6.363,4621,en,"Action, Thriller, Mystery",3,False,False,Released
399055,The Shape of Water,2017-12-01,2017,19500000,195300000,123,9.8709,7.236,12797,en,"Drama, Fantasy, Romance",3,False,False,Released
399057,The Killing of a Sacred Deer,2017-10-20,2017,3000000,10700000,121,6.1293,7.01,4407,en,"Drama, Thriller, Mystery",3,False,False,Released
399121,An Officer and a Spy,2019-09-30,2019,25300000,18899214,132,2.4904,7.071,1585,fr,"History, Drama, Thriller",3,False,False,Released
399170,Logan Lucky,2017-08-17,2017,29000000,48453605,119,4.5891,6.735,3809,en,"Comedy, Crime, Action, Drama",4,False,False,Released
399173,The Assignment,2016-06-08,2016,5000000,388789,95,1.9666,5.54,559,en,"Action, Crime, Thriller",3,False,False,Released
399174,Isle of Dogs,2018-03-23,2018,35000000,72991435,101,5.0037,7.846,5366,en,"Adventure, Comedy, Animation",3,False,False,Released
399360,Alpha,2018-08-17,2018,51000000,99630675,97,6.304,6.538,2730,en,"Adventure, Drama",2,False,False,Released
399363,Wendy,2020-02-28,2020,5000000,235016,111,1.2206,5.704,137,en,"Fantasy, Drama",2,False,False,Released
399366,Marrowbone,2017-10-27,2017,8000000,12294931,111,3.9427,7.3,1812,es,"Thriller, Horror, Mystery",3,False,False,Released
399402,Hunter Killer,2018-10-19,2018,40000000,31672678,121,12.901,6.9,2381,en,"Action, Adventure, Thriller",3,False,False,Released
399404,Darkest Hour,2017-11-22,2017,30000000,150847207,125,5.1612,7.4,5496,en,"Drama, History",2,False,False,Released
399440,Peterloo,2018-11-01,2018,18000000,2153029,154,2.4941,6.774,155,en,"History, Drama",2,False,False,Released
399566,Godzilla vs. Kong,2021-03-24,2021,200000000,470116094,114,11.6869,7.537,10569,en,"Action, Science Fiction, Adventure",3,True,False,Released
399579,Alita: Battle Angel,2019-01-31,2019,170000000,405000000,122,14.3577,7.244,9918,en,"Action, Science Fiction, Adventure",3,False,False,Released
399624,Befikre,2016-12-09,2016,15500000,9600000,132,1.0518,5.094,64,hi,"Romance, Comedy, Drama",3,False,False,Released
399796,Life of the Party,2018-05-10,2018,30000000,61700416,105,3.7183,6.093,1050,en,Comedy,1,False,False,Released
400130,"Ciao, Brother!",2016-06-09,2016,2360000,774653,98,0.4514,6.8,12,it,Comedy,1,False,False,Released
400155,Hotel Transylvania 3: Summer Vacation,2018-06-28,2018,80000000,528600000,97,18.7324,6.85,4683,en,"Animation, Comedy, Family, Fantasy",4,True,False,Released
400157,Wonder Park,2019-03-13,2019,100000000,119559110,86,4.3784,6.546,747,en,"Comedy, Animation, Adventure, Family, Fantasy",5,False,False,Released
400160,The SpongeBob Movie: Sponge on the Run,2020-08-14,2020,60000000,4810790,95,5.2953,7.404,2968,en,"Family, Comedy, Adventure, Animation",4,True,False,Released
400535,Sicario: Day of the Soldado,2018-06-27,2018,35000000,75836683,122,8.2324,6.94,3997,en,"Action, Crime, Thriller",3,True,False,Released
400617,Phantom Thread,2017-12-25,2017,35000000,47756590,130,5.0811,7.316,3767,en,"Drama, Romance",2,False,False,Released
400650,Mary Poppins Returns,2018-12-13,2018,130000000,348807090,131,5.5616,6.512,3449,en,"Fantasy, Family, Comedy",3,True,False,Released
400710,Flatliners,2017-09-28,2017,19000000,45158254,111,3.494,5.644,2376,en,"Drama, Horror, Thriller",3,False,False,Released
400728,Unknown Soldier,2017-10-27,2017,8000000,15550000,179,1.1884,7.399,217,fi,"War, Drama",2,False,False,Released
400928,Gifted,2017-04-07,2017,7000000,40300000,101,9.2935,7.996,5908,en,"Drama, Comedy",2,False,False,Released
401252,The Queen of Spain,2016-11-25,2016,11800000,1236731,127,1.0692,5.207,99,es,Comedy,1,True,False,Released
401285,Jagga Jasoos,2017-07-14,2017,19700000,12500000,180,2.6338,6.161,96,hi,"Adventure, Comedy, Mystery, Romance",4,False,False,Released
401469,Widows,2018-11-06,2018,42000000,73900000,129,5.6801,6.487,2460,en,"Crime, Thriller, Drama",3,False,False,Released
401513,Attraction,2017-01-26,2017,5027266,19454845,117,4.8754,6.66,901,ru,"Drama, Romance, Science Fiction, Adventure",4,True,False,Released
401545,Everybody Knows,2018-05-09,2018,11318430,17997350,132,1.8726,6.542,1037,es,"Crime, Mystery, Thriller",3,False,False,Released
401600,The Whiskey Bandit,2017-11-23,2017,4650000,2003824,126,1.1702,6.576,105,hu,"Action, Crime",2,False,False,Released
401686,"Berlin, I Love You",2019-12-04,2019,7000000,163908,120,1.4094,4.8,62,en,Drama,1,False,False,Released
401898,Thelma,2017-09-15,2017,5700000,1500000,116,1.827,6.804,1130,no,"Drama, Mystery, Thriller",3,False,False,Released
401981,Red Sparrow,2018-02-15,2018,69000000,151572634,140,8.6021,6.533,6332,en,"Thriller, Mystery",2,False,False,Released
402298,Denial,2016-09-30,2016,10000000,7994527,109,3.4191,6.843,695,en,"Drama, History",2,False,False,Released
402431,Wicked,2024-10-16,2024,150000000,758827029,162,27.9877,6.9,2977,en,"Drama, Romance, Fantasy",3,True,False,Released
402455,125 Years Memory,2015-12-05,2015,15000000,8596000,132,2.2424,7.8,32,ja,"History, Drama",2,False,False,Released
402529,All Eyez on Me,2017-06-12,2017,40000000,55668698,139,3.1837,6.708,1225,en,"History, Drama, Music",3,False,False,Released
402672,Mohenjo Daro,2016-08-11,2016,17000000,16000000,176,1.2317,6.114,92,hi,"Adventure, Drama, History, Romance",4,False,False,Released
402688,Abracadabra,2017-08-04,2017,5200000,2114260,96,0.7009,5.25,150,es,Comedy,1,False,False,Released
402897,The Death of Stalin,2017-10-20,2017,13000000,24600000,107,4.7364,7.021,2119,en,"Comedy, Drama, History",3,False,False,Released
402900,Ocean's Eight,2018-06-07,2018,70000000,297718711,111,10.0757,6.959,8747,en,"Crime, Comedy, Action",3,False,False,Released
403119,47 Meters Down,2017-05-25,2017,5500000,62198461,89,4.5425,5.805,2841,en,"Horror, Thriller",2,True,False,Released
403300,A Hidden Life,2019-08-27,2019,9000000,4645140,173,3.4211,7.2,775,en,"History, Drama, War",3,False,False,Released
403390,Bitter Harvest,2017-01-31,2017,20000000,557241,103,1.6671,5.9,86,en,"War, Drama, History, Romance",4,False,False,Released
403540,Mirzya,2016-10-07,2016,6750000,1500000,129,0.5523,6.2,19,hi,"Romance, Drama, Fantasy",3,False,False,Released
404368,Ralph Breaks the Internet,2018-11-20,2018,175000000,529323962,112,11.288,7.159,8057,en,"Animation, Family, Adventure, Science Fiction, Comedy, Action",6,True,False,Released
404378,A Street Cat Named Bob,2016-11-04,2016,8000000,17900000,103,2.56,7.889,1543,en,"Family, Drama",2,True,False,Released
404665,Oppam,2016-09-08,2016,1000000,10000000,157,0.7868,7.15,30,ml,Thriller,1,False,False,Released
404733,Overdrive,2017-06-16,2017,28210303,11247280,93,4.2065,6.1,1003,en,"Thriller, Action, Mystery",3,False,False,Released
404791,The 101-Year-Old Man Who Skipped Out on the Bill and Disappeared,2016-12-25,2016,10000000,994901,108,0.8918,6.434,204,sv,"Adventure, Comedy",2,True,False,Released
405204,Tom of Finland,2017-02-24,2017,4200000,1792414,116,0.8305,6.637,139,fi,Drama,1,False,False,Released
405670,Zoology,2016-11-24,2016,1200000,16410,87,0.6867,5.2,37,ru,"Drama, Science Fiction",2,False,False,Released
405775,The Wall,2017-05-12,2017,3000000,4500000,90,4.4049,6.402,1037,en,"War, Thriller, Drama, Action",4,False,False,Released
405882,Don't Kill It,2016-08-27,2016,3500000,8196,83,2.108,6.0,243,en,"Action, Fantasy, Horror",3,False,False,Released
405924,Janatha Garage,2016-09-01,2016,7000000,21000000,165,1.0329,7.213,47,te,"Action, Drama",2,False,False,Released
406429,League of Gods,2016-07-28,2016,38000000,43300000,130,2.8336,5.621,174,zh,"Action, Fantasy",2,True,False,Released
406563,Insidious: The Last Key,2018-01-03,2018,10000000,172811971,103,7.2375,6.254,3119,en,"Horror, Thriller",2,True,False,Released
406759,Moonfall,2022-02-02,2022,146000000,67319703,131,9.6967,6.251,3540,en,"Science Fiction, Adventure, Action",3,False,False,Released
406761,Hotel Artemis,2018-06-07,2018,15000000,12371132,94,3.0769,6.07,1667,en,"Science Fiction, Action, Crime, Thriller",4,False,False,Released
406990,What Happened to Monday,2017-08-18,2017,20000000,27975429,123,7.9005,7.147,6414,en,"Science Fiction, Thriller, Mystery, Action",4,False,False,Released
406997,Wonder,2017-11-13,2017,20000000,315025930,113,8.5308,8.107,8225,en,"Family, Drama",2,False,False,Released
407439,Mary Magdalene,2018-03-15,2018,20000000,11710110,120,3.3343,6.317,574,en,Drama,1,False,False,Released
407448,Detroit,2017-07-28,2017,34000000,23400000,143,4.187,7.259,1736,en,"Drama, Thriller, History",3,False,False,Released
407451,A Wrinkle in Time,2018-03-08,2018,103000000,132675864,109,2.6126,5.057,1854,en,"Adventure, Science Fiction, Family, Fantasy",4,False,False,Released
407887,Operation Chromite,2016-07-27,2016,12700000,49196532,111,3.1568,5.808,224,ko,"History, Drama, War, Action",4,True,False,Released
407890,Lean on Pete,2018-04-06,2018,8000000,2400000,121,2.2676,6.936,360,en,"Drama, Adventure",2,False,False,Released
408266,Birth of the Dragon,2017-08-25,2017,31000000,7220490,103,2.8184,5.807,326,en,"Action, Drama",2,False,False,Released
408539,Paradise,2016-09-01,2016,5444966,945991,130,1.0411,7.0,52,ru,"Drama, War",2,False,False,Released
408648,Batman and Harley Quinn,2017-07-21,2017,3500000,39091,74,3.2925,6.175,651,en,"Adventure, Animation, Comedy, Crime",4,False,False,Released
409502,I'm Not Ashamed,2016-10-21,2016,1500000,2082980,113,3.2413,7.152,286,en,"Drama, Crime",2,False,False,Released
410572,Babu Bangaram,2016-08-12,2016,4200000,6900000,150,0.3716,5.2,12,te,"Action, Comedy, Romance",3,False,False,Released
411019,I Am Not Your Negro,2017-02-03,2017,1000000,7123919,93,2.2047,7.747,510,en,Documentary,1,False,False,Released
411088,The Invisible Guest,2017-01-06,2017,4000000,30000000,107,6.321,8.08,4936,es,"Drama, Mystery, Thriller",3,False,False,Released
411638,The Fury of a Patient Man,2016-09-09,2016,1200000,1813729,92,0.8916,6.591,461,es,Thriller,1,False,False,Released
411728,The Professor and the Madman,2019-03-07,2019,25000000,4957273,124,3.2569,7.122,1278,en,"History, Drama, Mystery, Thriller",4,False,False,Released
412090,Jolly LLB 2,2017-02-09,2017,4480000,1632440,140,1.115,6.897,155,hi,"Comedy, Crime",2,True,False,Released
412096,Maanagaram,2017-03-10,2017,779000,1550000,137,0.5494,7.418,55,ta,"Thriller, Action",2,False,False,Released
412117,The Secret Life of Pets 2,2019-05-24,2019,80000000,429434163,86,15.6048,6.946,3307,en,"Family, Comedy, Adventure, Animation",4,True,False,Released
412656,Chaos Walking,2021-02-24,2021,125000000,26508132,109,7.3452,6.552,2548,en,"Fantasy, Science Fiction, Adventure",3,False,False,Released
412678,Killing Salazar,2017-01-23,2017,7000000,37766,100,1.4597,4.913,63,en,"Crime, Action, Adventure, Thriller",4,False,False,Released
412795,Maligno,2016-07-14,2016,150000,400000,87,0.4173,6.1,24,es,"Horror, Mystery",2,False,False,Released
412988,The Happytime Murders,2018-08-22,2018,40000000,27506452,91,2.8962,5.8,1078,en,"Action, Crime, Comedy",3,False,False,Released
413052,Hacker,2016-09-15,2016,2000000,11239,95,3.1477,6.274,338,en,"Crime, Drama, Thriller",3,False,False,Released
413138,The Lucky Man,2018-01-16,2018,1000000,25015,98,0.4893,5.5,14,en,"Action, Drama, Science Fiction",3,False,False,Released
413362,"Roman J. Israel, Esq.",2017-11-17,2017,22000000,13025860,122,3.4412,6.347,1386,en,"Drama, Crime, Thriller",3,False,False,Released
413518,Pinocchio,2019-12-19,2019,12400000,17133446,124,1.9967,6.563,1568,it,"Drama, Family, Fantasy",3,False,False,Released
413543,Dear Zindagi,2016-11-23,2016,4300000,3376375,151,1.4983,7.018,254,hi,"Drama, Romance",2,False,False,Released
413644,The Son of Bigfoot,2017-07-26,2017,30000000,46372519,92,3.3497,6.578,517,en,"Family, Animation, Comedy",3,True,False,Released
413765,David Lynch: The Art Life,2017-02-15,2017,179554,311470,89,0.8052,6.951,214,en,Documentary,1,False,False,Released
413846,1992,2024-08-29,2024,6500000,2900000,96,4.144,6.858,215,en,"Crime, Thriller, Action",3,False,False,Released
413884,Half Girlfriend,2017-05-18,2017,7445000,12805400,135,1.1111,6.253,85,hi,"Romance, Drama",2,False,False,Released
414001,The Mercy,2018-02-09,2018,18000000,4536348,102,2.5977,5.936,299,en,"Drama, Adventure",2,False,False,Released
414419,Kill Bill: The Whole Bloody Affair,2011-03-27,2011,60000000,7607588,253,9.7326,8.1,1221,en,"Action, Crime",2,False,False,Released
414453,Columbus,2017-08-04,2017,700000,1015744,104,2.863,7.101,468,en,Drama,1,False,False,Released
414906,The Batman,2022-03-01,2022,185000000,772775278,177,18.748,7.7,11812,en,"Crime, Mystery, Thriller",3,True,False,Released
415214,Operation Mekong,2016-09-30,2016,30200000,173000000,124,3.342,7.017,272,zh,"Action, Adventure, Crime, War",4,False,False,Released
415358,Pink,2016-09-16,2016,75000000,15020702,136,1.4837,7.369,240,hi,"Drama, Thriller",2,False,False,Released
415381,Furious,2017-11-30,2017,5610000,10657499,117,2.9726,6.059,162,ru,"Fantasy, Action, Adventure",3,False,False,Released
415842,American Assassin,2017-07-14,2017,33000000,67200000,112,6.0062,6.417,3228,en,"Action, Adventure, Thriller",3,False,False,Released
416144,Hotel Mumbai,2019-03-14,2019,25000000,16900000,123,4.9085,7.53,1732,en,"Thriller, History, Drama, Action",4,False,False,Released
416160,The Vault,2017-09-01,2017,5000000,5728,91,1.7265,4.9,419,en,"Horror, Thriller",2,False,False,Released
416186,Godard Mon Amour,2017-06-24,2017,12840746,82264,108,1.4106,6.6,369,fr,"Drama, Romance, Comedy",3,False,False,Released
416234,Winchester,2018-02-02,2018,3500000,44019588,100,3.567,5.885,1815,en,"Horror, Thriller",2,False,False,Released
416239,Actor in Law,2016-09-08,2016,1600000,4800000,115,0.7971,7.462,13,ur,"Comedy, Drama, Family, Fantasy, Romance",5,False,False,Released
416477,The Big Sick,2017-03-30,2017,5000000,56303596,120,3.5542,7.323,2616,en,"Comedy, Drama, Romance",3,False,False,Released
417261,Forever My Girl,2018-01-26,2018,3500000,16367326,108,6.6618,7.601,1370,en,"Romance, Drama",2,False,False,Released
417384,Scary Stories to Tell in the Dark,2019-08-08,2019,25000000,104545505,108,5.7798,6.5,2838,en,"Horror, Mystery",2,True,False,Released
417417,Seed: The Untold Story,2016-09-23,2016,650000,209752,94,0.5173,6.3,10,en,Documentary,1,False,False,Released
417427,The Good Boy,2016-11-10,2016,900000,1237319,95,0.7412,5.369,42,ru,"Comedy, Drama, Family",3,False,False,Released
417466,Monos,2019-08-15,2019,1800000,1929915,103,1.7421,6.63,439,es,"Drama, Thriller, Crime, War",4,False,False,Released
417489,Bon Cop Bad Cop 2,2017-05-12,2017,10000000,7007931,126,0.8829,6.392,134,fr,"Action, Crime, Comedy",3,True,False,Released
417644,CHiPs,2017-03-23,2017,25000000,26800152,101,4.4118,6.1,1378,en,"Action, Comedy, Crime",3,False,False,Released
417670,Loro 1,2018-04-24,2018,21000000,4746815,104,1.1305,6.8,544,it,Drama,1,True,False,Released
417678,"Everything, Everything",2017-05-18,2017,10000000,61621140,96,2.6798,7.239,3744,en,"Drama, Romance",2,False,False,Released
417830,Diary of a Wimpy Kid: The Long Haul,2017-05-19,2017,22000000,40120144,91,2.6466,5.299,523,en,"Comedy, Family, Adventure",3,True,False,Released
417859,Puss in Boots,2011-10-27,2011,130000000,554987477,90,7.7814,6.593,4522,en,"Animation, Family, Fantasy, Adventure, Comedy",5,True,False,Released
417870,Girls Trip,2017-07-21,2017,19000000,140376621,122,4.3829,6.814,1563,en,"Comedy, Romance, Adventure",3,True,False,Released
418078,It Comes at Night,2017-06-09,2017,5000000,19280931,91,3.1595,5.867,2599,en,"Drama, Horror, Mystery",3,False,False,Released
418325,Mirror Game,2016-09-30,2016,240000,720000,144,1.0695,7.9,53,bn,"Crime, Mystery, Thriller",3,False,False,Released
418378,Die Beautiful,2016-12-25,2016,300000,4160000,120,0.9096,6.3,15,tl,"Comedy, Drama",2,True,False,Released
418437,Unforgettable,2017-03-06,2017,12000000,17800000,100,2.1132,5.898,687,en,"Drama, Thriller",2,False,False,Released
418879,The Current War,2018-02-01,2018,30000000,12217160,108,3.2529,6.693,1144,en,"Drama, History",2,False,False,Released
419430,Get Out,2017-02-24,2017,4500000,255407969,104,13.593,7.621,18771,en,"Mystery, Thriller, Horror",3,False,False,Released
419446,"Tiger, Blood in the Mouth",2016-08-25,2016,469704,77451,97,2.7768,5.0,47,es,Drama,1,False,False,Released
419478,Midnight Sun,2018-03-22,2018,2800000,27365467,92,4.0347,7.806,3538,en,"Romance, Drama",2,False,False,Released
419680,Daddy's Home 2,2017-11-09,2017,69000000,180613180,100,4.255,6.312,2720,en,Comedy,1,True,False,Released
419704,Ad Astra,2019-09-17,2019,87500000,127461872,123,4.1168,6.126,7183,en,"Science Fiction, Drama",2,False,False,Released
419709,Last Flag Flying,2017-11-03,2017,25000000,1872950,125,2.4073,6.8,487,en,"Drama, Comedy",2,False,False,Released
419743,Disobedience,2018-04-24,2018,6000000,8000000,114,8.2214,6.887,1279,en,"Drama, Romance",2,False,False,Released
420329,Caffè,2016-10-09,2016,2400000,157683,110,0.5928,6.3,15,it,Drama,1,False,False,Released
420622,Professor Marston and the Wonder Women,2017-10-13,2017,7000000,1600000,108,3.3622,7.169,924,en,"Drama, Romance",2,False,False,Released
420634,Terrifier,2018-01-25,2018,35000,421798,84,7.9402,6.316,2928,en,Horror,1,True,False,Released
420637,Malibu Horror Story,2023-10-20,2023,1000000,114000,88,0.4668,5.182,11,en,"Horror, Thriller",2,False,False,Released
420648,The Bar,2017-02-15,2017,6045750,3662671,102,2.0656,6.331,1361,es,"Horror, Thriller, Comedy",3,False,False,Released
420809,Maleficent: Mistress of Evil,2019-10-16,2019,185000000,491730089,119,7.4438,7.296,6447,en,"Family, Fantasy, Adventure",3,True,False,Released
420814,Christopher Robin,2018-08-01,2018,75000000,197744825,104,4.6998,7.304,2887,en,"Adventure, Comedy, Family, Fantasy",4,False,False,Released
420817,Aladdin,2019-05-22,2019,183000000,1054304000,127,13.4937,7.085,10572,en,"Adventure, Fantasy, Romance, Family",4,False,False,Released
420818,The Lion King,2019-07-12,2019,260000000,1662020819,118,14.2534,7.098,10708,en,"Adventure, Drama, Family, Animation",4,True,False,Released
420821,Chip 'n Dale: Rescue Rangers,2022-05-20,2022,70000000,623190,99,4.9514,6.994,1360,en,"Animation, Family, Comedy, Adventure, Mystery",5,False,False,Released
421658,Final Score,2018-09-07,2018,20000000,1472770,105,4.5137,6.085,568,en,"Action, Thriller, Adventure, Drama",4,False,False,Released
422114,The Resurrection of Gavin Stone,2017-01-20,2017,2000000,2308355,91,0.7792,5.8,30,en,"Comedy, Drama",2,False,False,Released
422603,Aanandam,2016-10-21,2016,450000,2300000,134,0.7311,7.3,36,ml,"Adventure, Comedy, Romance",3,False,False,Released
422715,The Bride,2017-01-19,2017,1500000,6945256,90,1.6569,5.813,367,ru,"Mystery, Horror, Thriller",3,False,False,Released
422791,Santa Swap: Merry Christmas Mr. Andersen,2016-11-11,2016,1770000,5539724,70,0.4204,5.6,20,no,"Family, Comedy",2,True,False,Released
422892,Munthirivallikal Thalirkkumbol,2017-01-20,2017,1300000,6300000,154,0.4851,6.6,19,ml,"Comedy, Drama, Family",3,False,False,Released
423108,The Conjuring: The Devil Made Me Do It,2021-05-25,2021,39000000,206444123,111,9.0823,7.357,6484,en,"Horror, Mystery, Thriller",3,True,False,Released
423204,Angel Has Fallen,2019-08-21,2019,40000000,146661977,122,9.046,6.596,3846,en,"Action, Thriller",2,True,False,Released
423431,Drain the Bermuda Triangle,2014-10-30,2014,2000000,4000000,50,0.1759,6.8,18,en,"Documentary, Mystery",2,False,False,Released
423612,Never Look Away,2018-10-03,2018,18000000,4831836,188,1.9061,7.744,750,de,"Drama, Romance, History",3,False,False,Released
423628,Believe,2016-12-02,2016,3500000,890303,120,0.4726,6.5,19,en,Drama,1,False,False,Released
423899,Victoria & Abdul,2017-09-13,2017,22000000,66558465,112,3.0921,6.9,1193,en,"Drama, History",2,False,False,Released
424139,Halloween,2018-10-18,2018,10000000,259939869,106,6.2535,6.564,5032,en,"Horror, Thriller",2,True,False,Released
424277,Annette,2021-07-07,2021,15500000,3688261,140,1.7616,6.665,744,fr,"Drama, Romance",2,False,False,Released
424619,The Magic Tuche,2018-01-31,2018,15000000,47427990,92,2.8772,5.278,842,fr,Comedy,1,True,False,Released
424694,Bohemian Rhapsody,2018-10-24,2018,52000000,910813521,135,12.9051,7.957,17689,en,"Music, Drama",2,False,False,Released
424781,Sorry to Bother You,2018-07-06,2018,3200000,18200000,112,3.088,6.775,1735,en,"Fantasy, Science Fiction, Comedy",3,False,False,Released
424783,Bumblebee,2018-11-22,2018,135000000,467989645,114,9.1305,6.718,6583,en,"Action, Adventure, Science Fiction",3,False,False,Released
424998,The Case for Christ,2017-04-07,2017,3000000,18200000,112,3.3265,6.922,319,en,Drama,1,False,False,Released
425001,The War with Grandpa,2020-08-27,2020,18000000,43387445,98,4.0138,6.437,1050,en,"Comedy, Family",2,False,False,Released
425148,Show Dogs,2018-05-18,2018,5500000,38830219,90,2.8221,6.0,256,en,"Adventure, Crime, Family, Comedy",4,False,False,Released
425336,Loving Pablo,2017-12-14,2017,4667008,17535962,123,3.002,6.29,1039,es,"Crime, Drama",2,False,False,Released
425505,Kin,2018-08-29,2018,30000000,10023153,102,3.9239,6.097,879,en,"Science Fiction, Action, Adventure, Thriller",4,False,False,Released
425909,Ghostbusters: Afterlife,2021-11-18,2021,75000000,204445747,124,8.239,7.325,5111,en,"Fantasy, Comedy, Adventure",3,True,False,Released
425942,Black Snow,2017-01-19,2017,4000000,1440000,90,0.8638,6.061,204,es,"Mystery, Drama, Crime, Thriller",4,False,False,Released
426030,Finding Your Feet,2017-12-26,2017,7154497,15500000,111,1.6976,7.011,180,en,"Comedy, Drama, Family, Music, Romance",5,False,False,Released
426063,Nosferatu,2024-12-25,2024,50000000,181805645,133,13.4387,6.7,3592,en,"Horror, Fantasy",2,False,False,Released
426230,Band Aid,2017-06-02,2017,10000000,248370,91,2.4909,6.3,173,en,"Comedy, Drama, Music",3,False,False,Released
426338,Holy Camp!,2017-09-29,2017,3144622,2963886,109,0.8224,6.799,366,es,"Comedy, Romance",2,False,False,Released
426426,Roma,2018-11-21,2018,15000000,1140769,135,2.9042,7.621,4110,es,Drama,1,False,False,Released
426543,The Nutcracker and the Four Realms,2018-10-26,2018,120000000,173961069,99,4.7555,6.082,2234,en,"Family, Fantasy, Adventure",3,False,False,Released
426558,Force 2,2016-11-18,2016,6500000,6900000,123,1.1725,6.691,47,hi,"Action, Adventure, Crime",3,True,False,Released
426563,Holmes & Watson,2018-12-25,2018,42000000,40500000,90,2.5043,4.305,927,en,"Comedy, Mystery, Crime",3,False,False,Released
426613,The Miseducation of Cameron Post,2018-07-18,2018,900000,2019874,92,2.4716,6.903,1011,en,Drama,1,False,False,Released
427008,The Mountain II,2016-11-04,2016,670000,11378898,135,1.1015,7.515,197,tr,"War, Drama",2,True,False,Released
427641,Rampage,2018-04-11,2018,120000000,428028233,107,10.4214,6.447,7467,en,"Action, Adventure, Science Fiction",3,False,False,Released
427900,Home Again,2017-09-07,2017,12000000,27020284,97,2.907,6.1,1236,en,"Comedy, Drama, Romance",3,False,False,Released
428045,Iron Mask,2019-08-16,2019,49000000,8685794,121,6.4736,6.079,541,ru,"Action, Adventure, Family, Fantasy",4,True,False,Released
428078,Mortal Engines,2018-11-27,2018,100000000,83869818,128,7.4597,6.199,5067,en,"Adventure, Science Fiction",2,False,False,Released
428399,Cold Skin,2017-10-20,2017,9831962,737478,106,4.1801,6.274,705,en,"Horror, Fantasy, Drama",3,False,False,Released
428449,A Ghost Story,2017-04-24,2017,100000,1929659,93,4.1636,7.1,2483,en,"Drama, Fantasy, Romance",3,False,False,Released
428495,The Nile Hilton Incident,2017-06-19,2017,4250000,81089,111,1.2312,6.621,387,en,"Thriller, Drama, Crime",3,False,False,Released
428642,Ezra,2017-02-10,2017,1500000,7800000,147,0.6403,6.0,43,ml,"Horror, Thriller",2,False,False,Released
428658,The Great Father,2017-03-30,2017,9400000,9600000,147,0.875,6.1,31,ml,"Action, Crime, Mystery",3,False,False,Released
428836,Ophelia,2019-06-28,2019,12000000,242115,114,3.2636,7.1,600,en,"Drama, Romance, History",3,False,False,Released
429189,Wonder Wheel,2017-12-01,2017,25000000,15366466,101,2.8791,6.379,1357,en,"Drama, Romance",2,False,False,Released
429197,Vice,2018-12-25,2018,60000000,76100000,132,4.2765,7.018,3578,en,"Drama, Comedy",2,False,False,Released
429200,Good Time,2017-08-11,2017,2000000,3283369,102,4.4685,7.213,3091,en,"Crime, Thriller, Drama",3,False,False,Released
429202,Vox Lux,2018-09-07,2018,7000000,1300000,114,2.0801,5.8,527,en,"Drama, Music",2,False,False,Released
429203,The Old Man & the Gun,2018-09-27,2018,15800000,11277120,94,2.9357,6.449,1490,en,"Comedy, Crime, Drama",3,False,False,Released
429300,Adrift,2018-05-31,2018,35000000,59945012,96,4.1963,6.839,2688,en,"Thriller, Romance, Adventure",3,False,False,Released
429351,12 Strong,2018-01-18,2018,35000000,67450815,130,7.0154,6.357,3173,en,"War, Drama, Action, History",4,False,False,Released
429416,The Jesus Rolls,2019-10-17,2019,4500000,64648,85,1.4751,4.438,169,en,"Comedy, Crime, Drama",3,False,False,Released
429422,Capone,2020-06-26,2020,20600000,858281,103,3.7499,5.036,434,en,"Crime, Drama",2,False,False,Released
429450,Pandora,2016-12-07,2016,13938145,30169000,136,3.9534,7.539,506,ko,"Thriller, Drama, Action",3,False,False,Released
429471,Captive State,2019-03-15,2019,25000000,8808611,110,2.3614,5.652,1249,en,"Science Fiction, Action, Thriller",3,False,False,Released
429476,Hell Fest,2018-09-27,2018,5500000,18160930,89,2.6008,5.677,880,en,"Horror, Thriller",2,False,False,Released
429617,Spider-Man: Far From Home,2019-06-28,2019,160000000,1132723226,129,23.4307,7.396,16860,en,"Action, Adventure, Science Fiction",3,True,False,Released
429733,Mayhem,2017-11-10,2017,2500000,17366,87,2.7569,6.453,790,en,"Action, Comedy, Horror",3,False,False,Released
430040,The Hurricane Heist,2018-02-28,2018,35000000,32517248,103,4.058,5.7,1070,en,"Action, Adventure, Crime, Thriller",4,False,False,Released
430155,Coma,2020-01-01,2020,2250000,9500000,110,4.5002,6.395,619,ru,"Science Fiction, Adventure, Action",3,False,False,Released
430231,The Endless,2017-11-05,2017,1000000,956425,112,3.4344,6.33,1269,en,"Science Fiction, Horror, Thriller",3,False,False,Released
430263,"Have Fun, Vasya!",2017-02-16,2017,707503,4781454,90,0.9175,5.877,57,ru,Comedy,1,True,False,Released
430424,See You Up There,2017-10-25,2017,23000000,15100000,113,2.1729,7.8,1354,fr,"Drama, Crime, War",3,False,False,Released
430474,Deep,2017-05-11,2017,6000000,10972300,92,2.0312,6.0,153,en,"Animation, Family, Adventure",3,False,False,Released
430521,Take Off,2017-03-24,2017,1300000,3100000,139,0.5106,7.358,53,ml,"Drama, Thriller, War",3,False,False,Released
430727,303 Squadron,2018-08-31,2018,3694425,7694425,95,1.1283,5.862,123,pl,"War, Drama, History",3,False,False,Released
431017,Let the Sunshine In,2017-09-27,2017,2978000,4192590,94,0.8366,5.2,220,fr,"Comedy, Drama, Romance",3,False,False,Released
431435,Blockbuster,2017-07-13,2017,562918,123842,82,1.3145,4.9,25,ru,"Comedy, Crime",2,False,False,Released
431491,Bodied,2018-11-02,2018,15000000,113956,120,1.7482,7.25,128,en,"Drama, Comedy, Music",3,False,False,Released
431530,A Bad Moms Christmas,2017-08-04,2017,28000000,130560428,104,3.5518,6.315,2197,en,Comedy,1,True,False,Released
431580,Abominable,2019-09-19,2019,75000000,190304772,97,5.2544,7.449,2165,en,"Family, Animation, Adventure, Comedy, Fantasy",5,False,False,Released
431693,Spies in Disguise,2019-12-04,2019,100000000,171616764,102,6.1405,7.556,2956,en,"Animation, Action, Adventure, Comedy, Family",5,False,False,Released
432068,C'est la vie!,2017-10-04,2017,17200000,23800000,115,2.8006,7.017,1577,fr,Comedy,1,False,False,Released
432165,The Pagan King,2018-01-17,2018,2400000,18598,110,0.9903,6.4,79,lv,"History, Adventure, Action",3,False,False,Released
432301,Chappaquiddick,2018-04-06,2018,34000000,17904202,107,2.4562,6.092,284,en,"History, Drama, Thriller",3,False,False,Released
432527,Padmaavat,2018-01-25,2018,31000000,81673897,163,2.3576,6.918,306,hi,"Drama, History, Romance",3,False,False,Released
432583,Jomonte Suvisheshangal,2017-01-19,2017,1000000,6000000,157,0.4688,6.4,39,ml,"Comedy, Drama, Family",3,False,False,Released
432602,An Inconvenient Sequel: Truth to Power,2017-07-28,2017,1000000,5398976,100,1.8064,6.567,180,en,Documentary,1,True,False,Released
432641,Valley of Bones,2017-09-01,2017,3000000,168738,90,0.441,4.5,15,en,"Western, Crime, Thriller",3,False,False,Released
433327,Kirik Party,2016-12-30,2016,562680,7033500,165,0.5268,7.7,28,kn,"Comedy, Drama",2,False,False,Released
433356,The Ottoman Lieutenant,2017-03-28,2017,40000000,413844,111,2.9215,6.07,278,en,"Romance, Drama, War",3,False,False,Released
433694,Sgt. Stubby: An American Hero,2018-04-13,2018,25000000,4900000,85,2.346,7.896,211,en,"Animation, Adventure, Family, History, War",5,False,False,Released
433808,The Ritual,2017-10-11,2017,1000000,1786396,94,7.7315,6.271,3385,en,"Horror, Mystery",2,False,False,Released
434119,Confidential Assignment,2017-01-18,2017,8520000,56100000,125,3.2218,6.87,146,ko,"Action, Drama",2,True,False,Released
434245,The Stronghold,2017-10-12,2017,2000000,2745966,110,1.1061,7.182,234,uk,"Action, Adventure, Comedy, Family, Fantasy, History",6,False,False,Released
434273,Mr. Stein Goes Online,2017-02-17,2017,5000000,3358085,99,0.9322,6.0,211,fr,"Romance, Drama, Comedy",3,False,False,Released
434355,Taxi 5,2018-01-19,2018,20390000,64497208,102,5.6785,5.384,1080,fr,"Action, Comedy, Crime",3,True,False,Released
434358,Belle and Sebastian 3: The Last Chapter,2018-02-07,2018,13500000,33895230,97,1.254,6.534,189,fr,"Adventure, Family",2,True,False,Released
434395,Gautamiputra Satakarni,2017-01-12,2017,6000000,12000000,135,0.2295,5.6,13,te,"History, Drama, Action",3,False,False,Released
434555,The Possession of Hannah Grace,2018-11-29,2018,9500000,43000000,86,4.3597,5.631,1475,en,"Horror, Drama",2,False,False,Released
435410,Shatamanam Bhavati,2017-01-14,2017,1200000,8100000,135,0.594,6.3,12,te,"Drama, Family",2,False,False,Released
435577,The 12th Man,2017-12-25,2017,7806306,9567121,136,3.5221,7.133,611,no,"War, Drama",2,False,False,Released
435615,Possessor,2020-10-02,2020,2500000,911000,103,3.6768,6.384,1034,en,"Horror, Thriller, Science Fiction",3,False,False,Released
435800,Journey to the West: The Demons Strike Back,2017-01-28,2017,63900000,248805149,109,2.9777,5.872,133,zh,"Adventure, Fantasy, Action",3,True,False,Released
435901,About Love,2017-03-23,2017,2000000,182710,95,5.0932,5.4,32,ru,"Romance, Drama, Thriller",3,False,False,Released
436270,Black Adam,2022-10-19,2022,200000000,393452111,125,12.0805,6.812,6966,en,"Action, Adventure, Science Fiction",3,False,False,Released
436391,The Battleship Island,2017-07-26,2017,21000000,46183383,132,3.254,7.16,287,ko,"Action, History, Drama, War",4,False,False,Released
436830,Gold,2017-11-10,2017,7130000,1528185,103,1.1132,5.6,196,es,"Adventure, History, Drama, Action",4,False,False,Released
436969,The Suicide Squad,2021-07-28,2021,185000000,168717425,132,17.1068,7.462,9520,en,"Action, Comedy, Adventure",3,True,False,Released
437048,Hacking Bloggers,2016-11-10,2016,500000,119836,67,0.554,1.9,21,ru,"Comedy, Science Fiction, Adventure",3,False,False,Released
437068,A Taxi Driver,2017-08-02,2017,12820005,81927980,138,5.0491,8.035,1150,ko,"Action, Drama, History",3,False,False,Released
437103,1987: When the Day Comes,2017-12-27,2017,12308000,49380115,129,2.6586,8.1,177,ko,"Drama, History, Thriller",3,False,False,Released
437109,The Villainess,2017-06-08,2017,125000,8737458,129,3.1295,6.918,759,ko,"Action, Thriller",2,False,False,Released
437297,"Lord, Give Me Patience",2017-06-16,2017,4600000,7315040,91,0.5769,6.316,201,es,Comedy,1,False,False,Released
437342,The First Omen,2024-04-03,2024,30000000,53992802,119,7.7054,6.817,1278,en,Horror,1,True,False,Released
437543,The Monkey King 3,2018-02-16,2018,87000000,115089944,114,3.5661,5.8,61,zh,"Adventure, Fantasy, Action, Family",4,True,False,Released
437557,Blockers,2018-03-14,2018,21000000,94017294,102,4.3782,6.308,2116,en,Comedy,1,False,False,Released
437583,November,2017-02-03,2017,1550000,19084,115,1.185,7.085,176,et,"Drama, Fantasy, Romance, Horror",4,False,False,Released
437586,mid90s,2018-10-19,2018,1700000,9303022,86,4.2428,7.474,1776,en,"Drama, Comedy",2,False,False,Released
437941,The Bolshoi,2016-12-21,2016,6411831,4029886,132,0.9289,6.1,55,ru,Drama,1,False,False,Released
438148,Minions: The Rise of Gru,2022-06-29,2022,85000000,940203765,87,12.4004,7.27,3992,en,"Action, Animation, Adventure, Comedy, Family, Fantasy, Science Fiction",7,True,False,Released
438457,The Ballad of Lefty Brown,2017-12-15,2017,8000000,7856,105,1.9742,6.3,185,en,Western,1,False,False,Released
438631,Dune,2021-09-15,2021,165000000,410668500,155,23.4037,7.779,14741,en,"Science Fiction, Adventure",2,True,False,Released
438634,Summer 1993,2017-03-24,2017,960000,2700000,98,0.9199,7.0,219,ca,Drama,1,False,False,Released
438650,Cold Pursuit,2019-02-07,2019,60000000,76419755,119,5.0844,5.874,2785,en,"Crime, Action",2,True,False,Released
438674,Dragged Across Concrete,2019-02-21,2019,15000000,660132,159,3.6988,6.595,1104,en,"Crime, Action, Thriller",3,False,False,Released
438689,Siberia,2018-07-13,2018,2000000,2006704,105,2.036,4.7,613,en,"Crime, Romance, Thriller",3,False,False,Released
438695,Sing 2,2021-12-01,2021,85000000,408402685,110,10.1165,7.832,4738,en,"Animation, Music, Comedy, Family",4,True,False,Released
438731,Vivegam,2017-08-24,2017,18400000,20000000,149,0.9635,4.827,55,ta,"Action, Thriller",2,False,False,Released
438740,Salyut-7,2017-09-22,2017,15000000,13767037,106,2.4847,7.056,506,ru,"Action, Drama, Adventure",3,False,False,Released
438799,Overlord,2018-11-01,2018,38000000,41657844,110,4.7611,6.729,3102,en,"Horror, War, Science Fiction",3,False,False,Released
438808,White Boy Rick,2018-09-14,2018,29000000,25957482,111,3.6713,6.353,1196,en,"Crime, Drama",2,False,False,Released
439000,Blockage,2017-02-03,2017,10000,10000,81,0.3327,6.0,12,fa,Drama,1,False,False,Released
439015,Slender Man,2018-05-17,2018,10000000,51738549,93,3.5651,4.3,2144,en,"Horror, Mystery, Thriller",3,False,False,Released
439079,The Nun,2018-09-05,2018,22000000,366082797,96,11.4492,5.902,7136,en,Horror,1,True,False,Released
439154,The Midwife,2017-03-22,2017,7000000,7286136,117,0.9308,6.1,155,fr,Drama,1,False,False,Released
439601,CIA: Comrade In America,2017-05-05,2017,1400000,3900000,134,0.4093,6.0,36,ml,"Action, Adventure, Romance",3,False,False,Released
440021,Happy Death Day,2017-10-12,2017,4800000,125479266,97,5.4042,6.659,6538,en,"Comedy, Horror, Mystery",3,True,False,Released
440161,The Sisters Brothers,2018-09-19,2018,38000000,13143056,121,4.8081,6.837,2074,en,"Western, Drama, Comedy",3,False,False,Released
440298,Cold War,2018-06-08,2018,4954500,18754051,88,1.9018,7.434,1580,pl,"Romance, Music, Drama",3,False,False,Released
440374,The Summit,2017-08-17,2017,6000000,5699056,114,0.85,5.9,140,es,"Drama, Thriller",2,False,False,Released
440471,Escape Plan 2: Hades,2018-06-05,2018,20000000,17592626,93,6.2648,5.164,1545,en,"Action, Thriller, Crime, Mystery, Science Fiction",5,True,False,Released
440472,The Upside,2019-01-10,2019,37500000,125856180,126,3.9864,7.134,1391,en,"Comedy, Drama",2,False,False,Released
440597,Wish Upon,2017-07-07,2017,12000000,14300000,91,3.8577,5.742,1456,en,"Horror, Thriller, Fantasy",3,False,False,Released
440642,The Spacewalker,2017-04-06,2017,7075038,9868942,140,2.1012,7.0,345,ru,"Adventure, Drama, History, Thriller",4,False,False,Released
440762,Jay and Silent Bob Reboot,2019-10-15,2019,10000000,1011305,105,2.1213,5.675,598,en,"Comedy, Action, Adventure",3,True,False,Released
440777,Female Fight Squad,2017-03-16,2017,2000000,22253,90,1.6356,6.157,99,en,Action,1,False,False,Released
441130,Wolfwalkers,2020-10-26,2020,12000000,1310720,102,5.3834,8.194,1363,en,"Animation, Family, Adventure, Fantasy",4,False,False,Released
441182,Godha,2017-05-19,2017,700000,3200000,120,2.3139,7.0,30,ml,"Comedy, Drama",2,False,False,Released
441384,The Beach Bum,2019-03-21,2019,5000000,4554416,95,2.4806,5.652,560,en,"Comedy, Drama",2,False,False,Released
441483,Tomato Red,2017-02-24,2017,2000000,5504,112,1.006,6.4,15,en,"Drama, Thriller",2,False,False,Released
441875,Toilet: A Love Story,2017-08-11,2017,3700000,13800000,155,1.3499,6.813,214,hi,"Comedy, Drama, Romance",3,False,False,Released
441889,Secret Superstar,2017-10-19,2017,286284,137416709,150,1.1031,7.275,193,hi,"Drama, Music",2,False,False,Released
441894,Baadshaho,2017-09-01,2017,12300000,27000000,136,0.795,5.6,38,hi,"Action, Thriller",2,False,False,Released
441906,Jab Harry Met Sejal,2017-08-04,2017,16600000,15360368,144,1.4363,6.379,206,hi,"Comedy, Drama, Romance",3,False,False,Released
441909,Tiger Zinda Hai,2017-12-18,2017,19000000,86610000,160,1.6114,6.2,174,hi,"Action, Adventure, Thriller",3,True,False,Released
442000,Angamaly Diaries,2017-03-03,2017,610000,3100000,132,0.4897,7.39,59,ml,"Action, Comedy, Thriller",3,False,False,Released
442062,Goosebumps 2: Haunted Halloween,2018-10-11,2018,35000000,93320380,90,5.9093,6.093,1620,en,"Comedy, Fantasy, Horror, Family",4,True,False,Released
442064,Proud Mary,2018-01-12,2018,14000000,21753365,88,1.3107,5.504,527,en,"Thriller, Action, Crime",3,False,False,Released
442065,The Last Full Measure,2020-01-23,2020,20000000,3364426,110,2.71,7.283,490,en,"Drama, Action, War",3,False,False,Released
442249,The First Purge,2018-07-04,2018,13000000,137056262,97,6.3008,5.999,4205,en,"Action, Horror, Thriller",3,True,False,Released
442405,The Ghazi Attack,2017-02-17,2017,1900000,4300000,126,0.8516,7.0,99,te,"Action, War, Thriller, History",4,False,False,Released
443009,"Don't Worry, He Won't Get Far on Foot",2018-04-04,2018,3500000,4200000,115,2.5381,6.7,753,en,"Comedy, Drama",2,False,False,Released
443319,Phoenix Forgotten,2017-04-21,2017,2800000,3600000,87,2.9558,6.057,322,en,"Horror, Mystery, Science Fiction",3,False,False,Released
443791,Underwater,2020-01-08,2020,50000000,40882928,95,6.2732,6.279,3423,en,"Horror, Science Fiction, Action, Adventure",4,False,False,Released
444149,Hellraiser: Judgment,2018-02-13,2018,350000,426290,81,1.1814,5.138,358,en,"Horror, Thriller",2,True,False,Released
444539,The Bookshop,2017-11-10,2017,5400000,12055868,110,1.8114,6.497,459,en,Drama,1,False,False,Released
445571,Game Night,2018-02-15,2018,37000000,117501013,100,8.8344,6.845,6250,en,"Mystery, Comedy, Crime",3,False,False,Released
445629,Fighting with My Family,2019-02-14,2019,11000000,39055536,108,4.0141,6.8,1868,en,Comedy,1,False,False,Released
445651,The Darkest Minds,2018-07-25,2018,34000000,41142379,105,4.4458,7.021,2922,en,"Action, Adventure, Drama",3,False,False,Released
445840,Selfie,2017-06-23,2017,11203,230258,85,0.1672,5.31,21,es,Comedy,1,False,False,Released
445954,Acts of Vengeance,2017-10-27,2017,10000000,320705,87,3.1161,5.953,606,en,"Thriller, Action, Drama",3,False,False,Released
446021,Bad Times at the El Royale,2018-10-04,2018,32000000,31882724,141,3.4858,6.846,3842,en,"Thriller, Mystery, Crime",3,False,False,Released
446039,Some Like It Veiled,2017-06-28,2017,3987716,1738143,88,0.3811,6.1,216,fr,"Comedy, Romance",2,False,False,Released
446101,Assassination Nation,2018-09-21,2018,7000000,2900000,108,3.6421,6.2,889,en,"Thriller, Horror, Comedy",3,False,False,Released
446159,Bacurau,2019-08-29,2019,1430000,3554178,131,1.6383,7.647,1138,pt,"Mystery, Western, Thriller",3,False,False,Released
446354,The Post,2017-12-22,2017,50000000,179769467,116,6.4316,7.003,4887,en,"Drama, History",2,False,False,Released
446696,Life Itself,2018-09-21,2018,10000000,7997774,118,3.4551,7.195,619,en,"Drama, Romance",2,False,False,Released
446791,All the Money in the World,2017-12-21,2017,50000000,56996304,132,4.2579,6.5,2399,en,"Crime, History, Thriller, Drama",4,False,False,Released
446807,The Girl in the Spider's Web,2018-10-25,2018,43000000,35164920,115,3.8829,6.16,1500,en,"Action, Crime, Thriller",3,True,False,Released
446893,Trolls World Tour,2020-03-11,2020,90000000,49276818,91,6.8684,7.239,2258,en,"Family, Animation, Comedy, Fantasy, Adventure, Music",6,True,False,Released
446894,Smallfoot,2018-09-20,2018,80000000,214115531,96,4.1486,6.819,1612,en,"Family, Comedy, Adventure, Animation, Fantasy",5,False,False,Released
447076,Adrift,2017-05-18,2017,535220,199509,95,1.1584,4.105,57,pt,"Adventure, Drama, Thriller",3,False,False,Released
447200,Skyscraper,2018-07-11,2018,125000000,304870828,102,6.2813,6.307,5321,en,"Action, Thriller, Adventure",3,False,False,Released
447277,The Little Mermaid,2023-05-18,2023,297000000,569626289,135,12.2574,6.275,3285,en,"Adventure, Family, Fantasy, Romance",4,False,False,Released
447332,A Quiet Place,2018-04-03,2018,17000000,340955294,91,11.648,7.391,15253,en,"Horror, Drama, Science Fiction",3,True,False,Released
447365,Guardians of the Galaxy Vol. 3,2023-05-03,2023,250000000,845550000,150,16.278,7.922,8198,en,"Science Fiction, Adventure, Action",3,True,False,Released
447404,Pokémon Detective Pikachu,2019-05-03,2019,150000000,449762638,105,8.8957,6.906,7314,en,"Action, Adventure, Fantasy",3,False,False,Released
447665,Kickboxer: Retaliation,2018-01-26,2018,13000000,4537,110,1.8161,5.432,322,en,"Action, Drama",2,True,False,Released
447856,Pad Man,2018-02-09,2018,10000000,23000000,140,1.3038,7.439,238,hi,"Comedy, Drama",2,False,False,Released
448119,Dolittle,2020-01-02,2020,175000000,251410631,101,7.1524,6.6,3855,en,"Family, Comedy, Fantasy, Adventure",4,False,False,Released
448779,The Jungle Bunch,2017-07-26,2017,7300000,12400000,97,1.2661,6.3,158,fr,"Adventure, Comedy, Family, Animation",4,True,False,Released
449176,"Love, Simon",2018-02-16,2018,17000000,66316289,110,6.4557,7.975,6239,en,"Comedy, Drama, Romance",3,False,False,Released
449262,Çalgı Çengi: We Are Two,2017-01-06,2017,3912363,9072414,116,0.1671,5.9,49,tr,Comedy,1,True,False,Released
449443,Den of Thieves,2018-01-18,2018,30000000,80509622,140,8.7291,6.863,3367,en,"Crime, Thriller, Action",3,True,False,Released
449510,Machine,2017-03-17,2017,3851785,500732,148,0.5601,3.1,10,hi,"Action, Romance, Comedy",3,False,False,Released
449562,The Hustle,2019-05-09,2019,21000000,97400000,94,5.0736,6.19,2679,en,"Comedy, Crime",2,False,False,Released
449563,Isn't It Romantic,2019-02-13,2019,31000000,48800000,88,3.3421,6.2,3577,en,"Comedy, Fantasy, Romance",3,False,False,Released
449700,My Pet Dinosaur,2017-04-22,2017,550000,1483677,96,0.7135,5.4,58,en,"Adventure, Family, Fantasy, Action",4,False,False,Released
449924,Ip Man 4: The Finale,2019-12-19,2019,52000000,239000000,105,2.6387,7.268,2108,cn,"Action, History, Drama",3,True,False,Released
449927,Chasing the Dragon,2017-09-28,2017,30000000,87965942,128,4.0596,6.978,137,cn,"Action, Crime, Thriller",3,True,False,Released
449985,Triple Threat,2019-03-19,2019,10000000,94160344,96,4.3142,6.417,637,en,"Thriller, Action",2,False,False,Released
449998,The Invincible Dragon,2019-06-20,2019,2869666,12000000,98,2.6431,4.7,35,zh,"Action, Crime, Thriller, Comedy",4,False,False,Released
450045,Sakhavu,2017-04-14,2017,780000,2200000,163,0.3982,4.9,19,ml,Drama,1,False,False,Released
450047,Tiyaan,2017-07-07,2017,2400000,2000000,168,0.6986,5.5,17,ml,Drama,1,False,False,Released
450322,The Man Who Invented Christmas,2017-10-12,2017,17000000,8100000,105,3.043,6.846,865,en,"Drama, History, Comedy, Family",4,False,False,Released
450465,Glass,2019-01-16,2019,20000000,246999039,129,8.1386,6.664,9033,en,"Thriller, Drama, Science Fiction",3,False,False,Released
450720,Arif V 216,2018-01-05,2018,1705235,3501037,125,0.5586,6.189,219,tr,"Adventure, Comedy, Science Fiction",3,True,False,Released
450766,The Forgiven,2018-03-09,2018,15000000,42213,115,1.559,6.1,96,en,"Thriller, Drama",2,False,False,Released
451048,Jungle Cruise,2021-07-28,2021,200000000,220889446,127,8.5173,7.295,6126,en,"Fantasy, Adventure, Action",3,False,False,Released
451184,Wasp Network,2020-01-29,2020,10530000,1400000,128,3.1642,6.047,404,en,"Drama, History, Thriller",3,False,False,Released
451915,Beautiful Boy,2018-10-12,2018,25000000,31749905,121,4.4598,7.5,2837,en,Drama,1,False,False,Released
451945,BPM (Beats per Minute),2017-08-23,2017,6600000,7632420,143,2.2162,7.7,1381,fr,Drama,1,False,False,Released
451955,Double Lover,2017-05-26,2017,7110000,4248574,108,2.4378,6.077,571,fr,"Romance, Thriller, Drama",3,False,False,Released
452416,Puthan Panam,2017-04-12,2017,930000,1400000,147,0.378,5.6,11,ml,"Action, Crime, Thriller",3,False,False,Released
452507,1922,2017-10-20,2017,5000000,2943477,102,4.7318,5.945,2901,en,"Horror, Crime, Drama",3,False,False,Released
452557,Wolf Warrior 2,2017-07-27,2017,30100000,870325439,124,4.2616,6.514,329,zh,"War, Action",2,True,False,Released
452773,"Tad, the Lost Explorer, and the Secret of King Midas",2017-03-25,2017,10778400,34156960,85,2.2766,6.721,435,es,"Animation, Adventure, Comedy, Family",4,True,False,Released
452832,Serenity,2019-01-24,2019,25000000,14500000,102,2.8257,5.453,1618,en,"Thriller, Mystery, Drama",3,False,False,Released
453191,The Big Bad Fox and Other Tales,2017-06-21,2017,3000000,19030780,83,2.0923,7.705,313,fr,"Family, Animation, Comedy",3,False,False,Released
453201,The 15:17 to Paris,2018-02-07,2018,30000000,57076286,94,3.0859,5.42,1680,en,"Drama, Thriller",2,False,False,Released
453354,Ava,2017-06-21,2017,3000000,500000,106,1.5359,6.265,272,fr,Drama,1,False,False,Released
453395,Doctor Strange in the Multiverse of Madness,2022-05-04,2022,290000000,955775804,126,14.3254,7.224,10226,en,"Fantasy, Action, Adventure",3,True,False,Released
453405,Gemini Man,2019-10-02,2019,140000000,173469516,117,10.2515,6.3,5424,en,"Science Fiction, Action, Adventure, Thriller, Drama",5,False,False,Released
453755,Arctic,2018-11-21,2018,2000000,4100000,98,3.0589,6.534,1373,en,"Drama, Adventure",2,False,False,Released
453979,Rakshadhikari Baiju (Oppu),2017-04-21,2017,550000,2000000,163,0.614,7.3,20,ml,"Comedy, Drama",2,False,False,Released
454283,Action Point,2018-06-01,2018,19000000,5059608,85,1.4568,5.442,360,en,Comedy,1,False,False,Released
454286,God's Not Dead: A Light in Darkness,2018-03-30,2018,5700000,7414178,105,3.0988,6.574,224,en,Drama,1,True,False,Released
454292,Saaho,2019-08-29,2019,51000000,55000000,171,2.1364,5.743,111,te,"Action, Adventure, Thriller",3,False,False,Released
454293,Night School,2018-09-27,2018,29000000,33157615,111,2.6797,6.128,1755,en,Comedy,1,False,False,Released
454294,The Kid Who Would Be King,2019-01-16,2019,59000000,32140970,120,4.0739,6.2,824,en,"Action, Adventure, Fantasy, Family",4,False,False,Released
454399,Today Match at 3,2017-04-21,2017,8616,702,96,0.1806,6.7,13,es,Drama,1,False,False,Released
454458,UglyDolls,2019-05-01,2019,45000000,32500000,88,3.6568,6.644,463,en,"Animation, Music, Family, Comedy",4,False,False,Released
454527,Benedetta,2021-07-09,2021,24350000,2652725,131,9.3856,6.6,1141,fr,"History, Drama, Romance",3,False,False,Released
454545,"Help, I Shrunk My Parents",2018-01-18,2018,7600000,8400000,90,0.7552,5.2,47,de,"Comedy, Adventure, Family",3,True,False,Released
454619,Overboard,2018-04-13,2018,12000000,91244913,112,6.2187,6.641,1473,en,"Romance, Comedy",2,False,False,Released
454626,Sonic the Hedgehog,2020-02-12,2020,85000000,319715683,99,14.6867,7.285,10346,en,"Action, Science Fiction, Comedy, Family",4,True,False,Released
454640,The Angry Birds Movie 2,2019-08-02,2019,65000000,137792047,97,8.6735,7.043,1863,en,"Animation, Adventure, Comedy, Family",4,True,False,Released
454776,Fukrey Returns,2017-12-07,2017,2800000,14000000,135,0.7337,6.397,58,hi,"Comedy, Drama",2,True,False,Released
454992,The Spy Who Dumped Me,2018-08-02,2018,40000000,33562069,117,4.2044,6.4,2346,en,"Comedy, Action, Adventure",3,False,False,Released
455207,Crazy Rich Asians,2018-08-15,2018,30000000,238539198,121,5.2488,7.051,3941,en,"Comedy, Romance",2,False,False,Released
455470,Meri Pyaari Bindu,2017-05-11,2017,3014770,2437852,119,0.458,6.193,44,hi,"Drama, Romance",2,False,False,Released
455476,Knights of the Zodiac,2023-04-27,2023,60000000,7000000,112,4.7373,6.29,1279,en,"Fantasy, Action, Science Fiction",3,False,False,Released
455551,The Recall,2017-06-02,2017,5000000,112357,91,1.7961,4.7,365,en,"Science Fiction, Horror",2,False,False,Released
455558,9/11,2017-09-07,2017,5500000,200229,88,1.5291,5.128,226,en,"Drama, Thriller",2,False,False,Released
455714,Bad Genius,2017-05-03,2017,1839169,42350000,130,3.6725,7.857,848,th,"Drama, Crime, Thriller, Comedy",4,False,False,Released
455957,Domino,2019-05-31,2019,7800000,439085,89,1.8423,4.625,297,en,"Crime, Thriller",2,False,False,Released
455980,Tag,2018-05-30,2018,28000000,75100000,101,4.6035,6.703,3410,en,"Comedy, Action",2,False,False,Released
456048,The Humanity Bureau,2017-07-11,2017,6000000,17544173,94,1.3598,4.8,388,en,"Science Fiction, Thriller",2,False,False,Released
456565,Judwaa 2,2017-09-29,2017,10000000,34500000,150,1.6531,5.4,114,hi,"Action, Comedy, Romance",3,True,False,Released
456570,Hindi Medium,2017-05-19,2017,3213790,52390000,132,1.3176,7.4,205,hi,"Comedy, Drama",2,False,False,Released
456705,All About Asado,2016-09-25,2016,32993,6892,85,0.374,6.404,26,es,Documentary,1,False,False,Released
456740,Hellboy,2019-04-10,2019,50000000,55065289,121,5.2498,5.6,3684,en,"Fantasy, Horror, Action, Adventure",4,False,False,Released
456929,Champions,2018-04-06,2018,4920975,20121318,124,1.493,7.51,771,es,"Comedy, Family, Drama",3,True,False,Released
457136,Mary Queen of Scots,2018-12-07,2018,25000000,46712809,124,7.4321,6.6,1937,en,"Drama, History",2,False,False,Released
457268,Ramante Edanthottam,2017-05-12,2017,550000,1100000,122,0.3573,5.5,11,ml,"Drama, Romance",2,False,False,Released
457335,Guns Akimbo,2020-02-27,2020,15000000,835102,98,2.8457,6.443,2538,en,"Action, Comedy, Crime, Thriller",4,False,False,Released
457435,Return of the Hero,2018-02-14,2018,10800000,7362730,90,1.2887,6.3,646,fr,"History, Comedy",2,False,False,Released
457712,The VelociPastor,2018-09-28,2018,36000,100000,75,3.3854,5.26,240,en,"Action, Horror, Comedy",3,True,False,Released
457851,Myths,2017-11-16,2017,665000,902684,89,1.181,3.5,10,ru,Comedy,1,False,False,Released
457859,About Love. Adults Only,2017-09-01,2017,1350000,2157136,108,2.8023,5.5,47,ru,"Romance, Comedy, Drama",3,True,False,Released
457915,Superlopez,2018-11-23,2018,5200000,12496155,102,1.3538,5.589,281,es,Comedy,1,False,False,Released
458027,The Last Warrior,2018-01-18,2018,2500000,1053002,105,1.7393,5.818,129,ru,"Action, Drama, Fantasy, History, Adventure",5,False,False,Released
458156,John Wick: Chapter 3 - Parabellum,2019-05-15,2019,55000000,328349908,131,13.1991,7.437,11648,en,"Action, Thriller, Crime",3,True,False,Released
458253,Missing Link,2019-04-04,2019,100000000,26565710,94,3.2517,6.913,916,en,"Family, Animation, Comedy, Adventure, Action",5,False,False,Released
458305,Vivarium,2019-09-07,2019,4000000,488000,99,5.5943,6.049,2473,en,"Science Fiction, Mystery, Horror",3,False,False,Released
458423,Mamma Mia! Here We Go Again,2018-07-18,2018,75000000,395607854,114,5.9895,7.077,3555,en,"Comedy, Romance",2,True,False,Released
458576,Monster Hunter,2020-12-03,2020,60000000,42145959,103,7.0997,6.518,3540,en,"Action, Fantasy, Adventure",3,False,False,Released
458594,Peppermint,2018-09-06,2018,25000000,53918723,102,4.7387,6.73,2221,en,"Action, Thriller",2,False,False,Released
458723,Us,2019-03-14,2019,20000000,256071218,116,11.4789,6.95,8009,en,"Horror, Mystery",2,False,False,Released
458737,First Reformed,2018-05-18,2018,3500000,3988612,113,2.6801,6.976,1448,en,Drama,1,False,False,Released
458897,Charlie's Angels,2019-11-14,2019,48000000,73279888,118,6.8493,6.382,3129,en,"Action, Adventure, Comedy",3,False,False,Released
459003,Mavka: The Forest Song,2023-03-02,2023,5000000,17974964,99,3.8123,7.148,838,uk,"Animation, Adventure, Family, Fantasy",4,False,False,Released
459008,Kaala,2018-06-07,2018,20000000,19256857,166,0.8491,6.514,70,ta,"Action, Crime, Drama",3,False,False,Released
459116,No Safe Spaces,2019-10-25,2019,686599,1291514,95,0.2481,6.8,31,en,Documentary,1,False,False,Released
459151,The Boss Baby: Family Business,2021-07-01,2021,82000000,146745280,107,8.0461,7.332,2676,en,"Animation, Comedy, Adventure, Family",4,True,False,Released
459202,Boo 2! A Madea Halloween,2017-10-20,2017,25000000,48333932,100,1.1921,5.8,494,en,Comedy,1,True,False,Released
459616,The Brand New Adventures of Aladdin,2018-10-03,2018,18900000,19000000,98,1.64,4.816,402,fr,"Comedy, Fantasy, Adventure",3,True,False,Released
459670,Monica and Friends: Bonds,2019-06-27,2019,1803570,1357142,97,0.4906,7.668,297,pt,"Family, Adventure, Comedy",3,True,False,Released
459713,Mahanati,2018-05-09,2018,4346100,11589600,176,1.0851,7.6,57,te,"Drama, History",2,False,False,Released
459910,Braven,2018-02-01,2018,5000000,854319,94,3.4687,6.18,1108,en,"Drama, Action, Thriller",3,False,False,Released
459952,Captain,2018-02-16,2018,2340000,577500,144,0.3081,6.786,14,ml,Drama,1,False,False,Released
460019,Truth or Dare,2018-04-12,2018,3500000,95330493,101,4.7724,5.938,4199,en,"Thriller, Horror",2,False,False,Released
460035,Thawed Carp,2017-11-07,2017,1000000,173187,97,0.7566,6.1,20,ru,"Drama, Comedy",2,False,False,Released
460036,Buy Me,2017-06-23,2017,2000000,409913,107,4.0648,5.205,39,ru,Drama,1,False,False,Released
460458,Resident Evil: Welcome to Raccoon City,2021-11-24,2021,25000000,41914915,107,9.8576,5.936,2668,en,"Action, Horror, Science Fiction",3,False,False,Released
460465,Mortal Kombat,2021-04-07,2021,20000000,84426031,110,16.1024,6.982,6275,en,"Action, Fantasy, Adventure",3,True,False,Released
460486,Our President,2017-05-25,2017,550000,13392049,109,1.2701,7.9,12,ko,Documentary,1,True,False,Released
460555,Operation Red Sea,2018-02-16,2018,70000000,579330426,138,3.5294,7.4,432,zh,"Action, Thriller, War, Adventure",4,True,False,Released
460668,I Feel Pretty,2018-04-19,2018,32000000,94539426,110,4.6234,6.382,2113,en,"Comedy, Romance",2,False,False,Released
460885,Mandy,2018-09-13,2018,6000000,1653784,122,4.5379,6.206,2125,en,"Fantasy, Action, Horror",3,False,False,Released
461130,Code 8,2019-12-06,2019,15000000,157209,99,5.1432,6.267,2151,en,"Science Fiction, Action, Crime",3,True,False,Released
461649,Pari,2018-03-02,2018,2600000,6000000,135,0.805,6.482,55,hi,"Horror, Mystery",2,False,False,Released
461707,Haseena Parkar,2017-09-22,2017,2400000,1240000,124,0.477,5.3,11,hi,"Crime, Drama",2,False,False,Released
461714,China Salesman,2017-06-16,2017,15119234,1637776,110,1.6862,5.402,112,en,"Action, Thriller",2,False,False,Released
461809,Babumoshai Bandookbaaz,2017-08-25,2017,1400000,2500000,122,0.6966,6.442,26,hi,"Action, Crime, Thriller",3,False,False,Released
461992,Hostile,2018-03-08,2018,1000000,385428,82,2.4726,5.8,401,en,"Drama, Horror, Romance, Science Fiction",4,False,False,Released
462115,Dead Trigger,2017-07-19,2017,10000000,151493,92,1.3766,3.7,50,en,"Action, Horror",2,False,False,Released
462677,Doraemon: Nobita's Great Adventure in the Antarctic Kachi Kochi,2017-03-04,2017,8000000,61153455,101,3.336,6.5,103,ja,"Animation, Adventure, Fantasy, Family, Science Fiction, Comedy",6,True,False,Released
462883,Woody Woodpecker,2017-10-05,2017,10000000,15316635,91,2.9633,6.581,766,en,"Comedy, Family, Animation",3,True,False,Released
462949,When the Trees Fall,2018-09-20,2018,887000,14318,89,0.4338,6.125,20,uk,"Fantasy, Crime, Romance",3,False,False,Released
463257,The Peanut Butter Falcon,2019-08-09,2019,6200000,23712097,97,3.2158,7.396,1589,en,"Adventure, Comedy, Drama",3,False,False,Released
463272,Johnny English Strikes Again,2018-09-13,2018,25000000,158972570,88,6.6802,6.276,2744,en,"Action, Adventure, Comedy",3,True,False,Released
463319,Shadow,2018-09-30,2018,44005000,91708374,116,4.3527,6.743,442,zh,"Action, War",2,False,False,Released
463821,The House with a Clock in Its Walls,2018-09-15,2018,42000000,131523093,105,4.3291,6.245,2292,en,"Comedy, Fantasy, Family, Horror, Mystery",5,False,False,Released
464003,Jailbait,2017-04-28,2017,528,7436000,96,1.0682,6.6,12,vi,"Drama, Comedy",2,False,False,Released
464052,Wonder Woman 1984,2020-12-16,2020,200000000,169601036,151,8.9802,6.367,8999,en,"Action, Adventure, Fantasy",3,True,False,Released
464458,Ittefaq,2017-11-03,2017,4400000,7900000,107,1.7332,6.825,115,hi,"Crime, Thriller",2,False,False,Released
464502,Acrimony,2018-03-30,2018,20000000,34800000,120,2.9574,6.752,407,en,"Drama, Thriller",2,False,False,Released
464504,A Madea Family Funeral,2019-03-01,2019,20000000,74747725,109,2.8385,5.96,492,en,Comedy,1,True,False,Released
465024,Queen,2018-01-12,2018,562000,1334800,160,0.4887,6.194,18,ml,Drama,1,False,False,Released
465086,The Grudge,2019-12-31,2019,10000000,49511319,94,4.0216,5.4,1305,en,"Horror, Mystery",2,False,False,Released
465136,Every Day,2018-02-22,2018,4900000,10400000,97,3.6954,7.24,2293,en,"Romance, Fantasy",2,False,False,Released
465914,If Beale Street Could Talk,2018-12-14,2018,12000000,20572691,120,2.6462,6.894,1213,en,"Romance, Drama",2,False,False,Released
466081,The Informer,2019-08-30,2019,60000000,2927708,109,4.7851,6.534,938,en,"Drama, Crime, Thriller",3,False,False,Released
466272,Once Upon a Time... in Hollywood,2019-07-24,2019,95000000,392105159,162,13.3821,7.4,14748,en,"Comedy, Drama, Thriller",3,True,False,Released
466287,"How Viktor ""The Garlic"" Took Alexey ""The Stud"" to the Nursing Home",2017-10-12,2017,441755,95589,90,0.9589,6.9,114,ru,"Drama, Comedy",2,False,False,Released
466411,Speed Kills,2018-11-16,2018,15000000,5812,102,2.003,5.4,145,en,"Crime, Drama, Thriller",3,False,False,Released
466420,Killers of the Flower Moon,2023-10-18,2023,200000000,158722599,206,10.0084,7.398,4075,en,"Crime, History, Drama",3,False,False,Released
466501,Sunday Holiday,2017-07-14,2017,625000,2200000,135,0.4246,6.1,21,ml,"Comedy, Romance",2,False,False,Released
466622,The Rhythm Section,2020-01-31,2020,50000000,5989583,109,2.1596,5.517,659,en,"Action, Thriller",2,False,False,Released
467012,Satan's Slaves,2017-09-28,2017,120000,9033726,106,3.8723,6.649,295,id,"Horror, Mystery",2,True,False,Released
467106,Bareilly Ki Barfi,2017-08-17,2017,2740700,8050806,123,1.0084,6.9,188,hi,"Comedy, Romance",2,False,False,Released
467244,The Zone of Interest,2023-12-15,2023,15000000,52631884,105,5.7323,7.015,2560,en,"Drama, History, War",3,False,False,Released
467632,Bad Samaritan,2018-04-19,2018,13000000,4781638,111,2.7915,6.748,772,en,"Thriller, Crime, Horror, Drama",4,False,False,Released
467634,Football or Me,2017-08-10,2017,1900000,6543075,100,0.6534,5.398,44,es,"Comedy, Family, Romance",3,False,False,Released
467649,Fidaa,2017-07-20,2017,2100000,7000000,145,0.6584,7.4,35,te,"Drama, Romance, Comedy",3,False,False,Released
467660,Unsane,2018-03-22,2018,1500000,14293601,98,4.715,6.25,1652,en,"Horror, Thriller",2,False,False,Released
467909,In the Heights,2021-06-10,2021,55000000,45175167,143,2.9607,7.115,786,en,"Drama, Romance",2,False,False,Released
467938,Revenge,2017-11-18,2017,2900000,938055,108,4.766,6.505,2069,fr,"Action, Horror, Thriller, Drama",4,False,False,Released
467952,The Catcher Was a Spy,2018-06-22,2018,14000000,953953,94,3.7962,6.199,319,en,"Drama, War, Thriller, History",4,False,False,Released
467988,Camp Cool Kids,2017-07-11,2017,1000000,5199,104,0.7714,5.3,38,en,Family,1,False,False,Released
468224,Tolkien,2019-05-03,2019,20000000,8654322,112,3.8255,6.915,1533,en,"War, Drama, Romance",3,False,False,Released
468284,The Insult,2017-09-14,2017,3000000,1001305,112,2.1424,7.5,473,fr,"Drama, Crime",2,False,False,Released
468816,The Rising Hawk,2019-10-10,2019,2900000,1560697,110,2.1589,5.862,149,en,"Action, History, Drama",3,False,False,Released
468987,Naughty Grandma,2017-08-17,2017,686410,6143216,81,0.4515,4.9,45,ru,Comedy,1,True,False,Released
469114,Crimea,2017-09-28,2017,6900000,5987319,99,0.4869,2.0,40,ru,"Action, Drama",2,False,False,Released
469123,5 PM,2017-07-21,2017,15000,50000,90,0.3758,4.2,13,fa,"Drama, Comedy",2,False,False,Released
470044,The Hate U Give,2018-10-19,2018,23000000,34934009,133,4.6262,8.1,2212,en,"Crime, Drama",2,False,False,Released
470229,Summer of 84,2018-08-10,2018,1500000,42027,106,3.6999,6.912,1455,en,"Drama, Horror, Mystery",3,False,False,Released
470333,Hearts Beat Loud,2018-06-08,2018,2000000,2115765,97,1.7548,6.845,278,en,"Music, Drama, Comedy, Family",4,False,False,Released
470878,I Can Only Imagine,2018-02-14,2018,7000000,86086881,110,3.8151,7.522,495,en,"Music, Drama",2,True,False,Released
471474,Batman: Gotham by Gaslight,2018-01-12,2018,1000000,3469151,78,2.3047,6.697,757,en,"Thriller, Action, Animation, Science Fiction",4,False,False,Released
471507,Destroyer,2018-12-25,2018,9000000,5580940,121,3.1315,5.902,789,en,"Thriller, Crime, Drama, Action",4,False,False,Released
471707,Corpus Christi,2019-09-10,2019,1300000,9943901,116,1.7081,7.631,602,pl,Drama,1,False,False,Released
471892,Shubh Mangal Saavdhan,2017-08-31,2017,3425875,8838757,105,0.6785,6.482,83,hi,"Romance, Comedy",2,True,False,Released
471894,Poster Boys,2017-09-08,2017,2360586,3540879,128,0.493,5.095,21,hi,Comedy,1,False,False,Released
471968,The Last Warrior,2017-10-19,2017,8250000,30060061,120,2.5766,6.9,209,ru,"Fantasy, Family, Adventure, Action, Comedy",5,True,False,Released
472123,Golmaal Again,2017-10-20,2017,8400000,37000000,151,1.2411,5.414,111,hi,"Comedy, Horror, Action, Fantasy",4,True,False,Released
472138,Thugs of Hindostan,2018-11-07,2018,31000000,3136000,164,1.1452,5.508,123,hi,"Adventure, Action",2,False,False,Released
472221,The Goat Life,2024-03-28,2024,9800000,19000000,173,1.5776,7.3,59,ml,"Drama, Adventure",2,False,False,Released
472451,Boy Erased,2018-09-24,2018,15000000,7900000,115,3.7498,7.001,1481,en,Drama,1,False,False,Released
472454,Ayla: The Daughter of War,2017-10-27,2017,4200000,21107423,124,2.142,8.004,394,tr,"Drama, War, History",3,False,False,Released
472553,Zoo,2018-06-08,2018,4000000,231719,96,1.5195,6.7,107,en,"Family, War, History",3,False,False,Released
473033,Uncut Gems,2019-08-30,2019,19000000,50023780,136,6.0087,7.161,5329,en,"Drama, Thriller, Crime",3,False,False,Released
473149,Traffik,2018-04-20,2018,4000000,5132274,96,3.3482,6.097,478,en,"Thriller, Action",2,False,False,Released
473234,Arjun Reddy,2017-08-25,2017,780000,8000000,187,0.9771,6.983,118,te,"Drama, Romance",2,False,False,Released
473309,Apostasy,2017-09-29,2017,500000,434336,94,1.1489,6.8,68,en,Drama,1,False,False,Released
474335,Uncle Drew,2018-06-27,2018,19000000,17700000,103,2.6302,6.649,594,en,Comedy,1,False,False,Released
474350,It Chapter Two,2019-09-04,2019,79000000,473123154,169,10.0249,6.837,9553,en,"Horror, Thriller, Drama",3,True,False,Released
474392,Samson,2018-02-16,2018,3500000,4900000,110,2.5733,5.737,251,en,"Action, Drama, Adventure",3,False,False,Released
474395,Teen Titans Go! To the Movies,2018-07-27,2018,10000000,52390236,84,4.3447,7.166,1170,en,"Animation, Action, Comedy, Science Fiction",4,True,False,Released
475303,A Rainy Day in New York,2019-07-26,2019,25000000,23805899,92,0.27,6.5,2361,en,"Comedy, Romance",2,False,False,Released
475557,Joker,2019-10-01,2019,55000000,1078958629,122,17.8144,8.126,27571,en,"Crime, Thriller, Drama",3,True,False,Released
476335,Shock and Awe,2017-12-09,2017,15500000,182415,90,2.7152,6.331,195,en,"History, Drama, Thriller",3,False,False,Released
476669,The King's Man,2021-12-22,2021,100000000,125897478,131,7.9675,6.713,5019,en,"Action, Adventure, Thriller",3,True,False,Released
476764,The Front Runner,2018-11-06,2018,25000000,3300000,113,2.6708,5.9,377,en,"Drama, History",2,False,False,Released
476968,"Paul, Apostle of Christ",2018-03-23,2018,5000000,25915966,108,3.3,7.583,401,en,Drama,1,False,False,Released
477044,Bergman Island,2021-07-14,2021,6500000,1005843,113,1.769,6.256,240,en,"Drama, Romance",2,False,False,Released
477278,The Broken Key,2017-11-16,2017,2000000,113772,125,0.7613,3.2,23,en,"Science Fiction, Thriller, History",3,False,False,Released
477428,The Painted Bird,2019-09-12,2019,7800000,659535,169,2.0268,7.114,180,cs,"War, Drama, Thriller",3,False,False,Released
477462,The Twin,2022-04-06,2022,2620000,492000,109,3.8797,5.819,243,en,"Horror, Mystery",2,False,False,Released
477489,Just a Breath Away,2018-04-04,2018,13749400,2842040,90,1.9877,6.325,853,fr,"Drama, Science Fiction, Thriller",3,False,False,Released
477510,Dog Days,2018-08-10,2018,10000000,6842356,112,2.2873,6.7,284,en,"Comedy, Family, Romance",3,False,False,Released
477848,In Perfect Health,2017-09-15,2017,830000,4297,109,0.428,4.5,11,ro,Drama,1,False,False,Released
479226,The Purity of Vengeance,2018-10-04,2018,6000000,470000,118,2.3377,7.2,545,da,"Crime, Thriller, Mystery, Drama",4,True,False,Released
479455,Men in Black: International,2019-06-12,2019,110000000,253890701,115,7.4312,5.895,5309,en,"Comedy, Science Fiction, Action, Adventure",4,False,False,Released
479718,The Outlaws,2017-10-03,2017,5900000,52946454,121,5.4609,7.664,532,ko,"Action, Crime, Thriller",3,True,False,Released
480001,The Art of Self-Defense,2019-07-12,2019,1800000,2400000,104,3.2482,6.56,823,en,"Comedy, Thriller, Drama, Mystery",4,False,False,Released
480042,Escape Plan: The Extractors,2019-06-20,2019,3600000,1766092,97,3.3495,5.428,934,en,"Action, Thriller, Crime",3,True,False,Released
480105,47 Meters Down: Uncaged,2019-08-15,2019,12000000,47582563,90,4.2843,5.711,1511,en,"Horror, Thriller",2,True,False,Released
480414,The Curse of La Llorona,2019-04-17,2019,9000000,123233739,93,6.8988,5.651,2640,en,Horror,1,True,False,Released
480530,Creed II,2018-11-21,2018,50000000,214200000,130,12.2095,7.027,5757,en,"Drama, Action",2,True,False,Released
480536,A Horrible Woman,2017-12-25,2017,4500000,1008,86,0.6057,6.295,39,da,Drama,1,False,False,Released
480881,Let There Be Light,2017-10-27,2017,3000000,7240000,100,1.1252,5.6,66,en,Drama,1,False,False,Released
481084,The Addams Family,2019-10-10,2019,40000000,204394183,87,6.667,6.601,2475,en,"Family, Animation, Comedy, Fantasy",4,True,False,Released
481848,The Call of the Wild,2020-02-19,2020,109000000,111200000,100,6.9167,7.521,3925,en,"Adventure, Family, Drama",3,False,False,Released
481879,Die in a Gunfight,2021-07-01,2021,4000000,31395,92,1.7528,5.2,144,en,"Action, Comedy, Romance",3,False,False,Released
482373,Don't Breathe 2,2021-08-12,2021,15000000,53785551,98,6.3446,7.003,2795,en,"Thriller, Horror",2,True,False,Released
482712,The Apparition,2018-02-14,2018,9661157,3562793,139,0.7676,6.0,154,fr,Drama,1,False,False,Released
483165,The Fixies: Top Secret,2017-10-28,2017,6000000,8220990,80,1.0918,6.9,61,ru,"Comedy, Family, Animation, Adventure",4,True,False,Released
483189,Veere Di Wedding,2018-06-01,2018,6800000,19700000,135,1.2769,4.7,41,hi,"Drama, Comedy",2,False,False,Released
483347,Little Women,2018-09-28,2018,4000000,12165890,112,1.2875,6.438,48,en,Drama,1,False,False,Released
484238,The Stolen,2017-10-29,2017,4000000,27741,98,0.8136,5.5,76,en,"Western, Action, Adventure, Drama",4,False,False,Released
484247,A Simple Favor,2018-09-13,2018,20000000,97644617,117,4.3776,6.641,4556,en,"Thriller, Comedy, Mystery",3,True,False,Released
484468,The Wolf's Call,2019-02-20,2019,22400000,12652790,116,3.7708,7.53,2152,fr,"Thriller, Action, Adventure",3,False,False,Released
484641,Anna,2019-06-19,2019,34000000,31626978,119,11.3282,6.712,2964,en,"Action, Adventure, Thriller",3,False,False,Released
485296,Redbad,2018-06-28,2018,8155000,482806,160,1.714,6.278,218,nl,"Adventure, History, War, Drama",4,False,False,Released
486072,Leo Da Vinci: Mission Mona Lisa,2018-01-11,2018,10000000,2635349,85,0.8784,5.8,71,it,"Animation, Adventure, Family",3,False,False,Released
486078,Il vegetale,2018-01-18,2018,8166084,8475827,84,0.6555,5.7,269,it,Comedy,1,False,False,Released
486131,Shaft,2019-06-14,2019,30000000,21360215,111,4.9238,6.531,1845,en,"Action, Crime, Comedy, Mystery",4,True,False,Released
486589,Red Shoes and the Seven Dwarfs,2019-07-25,2019,20000000,10054356,92,3.9298,7.692,1131,ko,"Animation, Fantasy, Family, Comedy, Romance, Adventure",6,False,False,Released
486898,Long Day's Journey Into Night,2018-12-31,2018,13000000,42140000,138,2.3431,6.991,280,zh,"Drama, Mystery",2,False,False,Released
487297,What Men Want,2019-02-08,2019,20000000,69766483,117,5.6733,6.215,1578,en,"Comedy, Romance",2,False,False,Released
487558,BlacKkKlansman,2018-08-09,2018,15000000,93411426,136,10.3734,7.49,8060,en,"Crime, Comedy, Drama, History",4,False,False,Released
487680,The Kitchen,2019-08-08,2019,38000000,16000000,103,3.1044,6.1,726,en,"Action, Crime, Drama",3,False,False,Released
489064,3 from Hell,2019-09-16,2019,3000000,2295825,115,2.2882,5.779,540,en,"Horror, Thriller",2,True,False,Released
489925,Eighth Grade,2018-01-19,2018,2000000,13539709,94,3.4258,7.156,1652,en,"Comedy, Drama",2,False,False,Released
489928,Blaze,2018-08-17,2018,1200000,467306,129,2.2249,6.263,57,en,"Drama, Music, History",3,False,False,Released
489929,Destination Wedding,2018-08-02,2018,7000000,2183025,90,1.7337,5.782,825,en,"Romance, Comedy, Drama",3,False,False,Released
489931,American Animals,2018-06-01,2018,3000000,2847319,117,3.2334,6.74,1198,en,"Drama, Crime, Documentary",3,False,False,Released
489999,Searching,2018-08-24,2018,880000,75636047,102,5.344,7.6,4197,en,"Drama, Mystery, Thriller",3,True,False,Released
490132,Green Book,2018-11-16,2018,23000000,321752656,130,13.8891,8.223,12776,en,"Drama, Comedy, History",3,False,False,Released
491283,Judy,2019-09-27,2019,10000000,38981322,118,4.0724,6.679,1257,en,"Drama, History, Music",3,False,False,Released
491418,Instant Family,2018-11-13,2018,48000000,121000000,118,7.4085,7.493,3212,en,"Comedy, Drama",2,False,False,Released
491584,Burning,2018-05-17,2018,7280000,6591038,148,5.647,7.377,1803,ko,"Mystery, Drama, Thriller",3,False,False,Released
491625,Gully Boy,2019-02-14,2019,5782853,28299498,156,1.425,7.361,209,hi,"Drama, Music",2,False,False,Released
491629,Raazi,2018-05-10,2018,4500000,23800000,138,1.2296,7.201,189,hi,"Thriller, Drama, History",3,False,False,Released
491854,Foxtrot Six,2019-02-21,2019,4300000,1369324,114,2.0299,6.224,49,en,"Action, Drama, Science Fiction",3,False,False,Released
492188,Marriage Story,2019-09-28,2019,18000000,333686,137,5.2083,7.733,7375,en,Drama,1,False,False,Released
492402,Cops and Robbers,2017-12-12,2017,5500000,5500000,88,2.0066,5.12,25,en,"Action, Crime",2,False,False,Released
492452,Ben Is Back,2018-12-05,2018,13000000,12616995,103,3.2256,6.6,961,en,Drama,1,False,False,Released
492459,Dilan 1990,2018-01-25,2018,675000,13564570,109,1.1689,7.686,35,id,"Drama, Romance",2,True,False,Released
492565,The Kid,2019-03-08,2019,8000000,1561698,100,2.85,5.997,323,en,"Western, Drama, Action",3,False,False,Released
492611,The Turning,2020-01-23,2020,14000000,19428166,94,2.6192,5.716,1018,en,"Horror, Thriller",2,False,False,Released
493141,Beats,2019-05-17,2019,25000,310827,100,1.3771,6.693,84,en,"Drama, Comedy, Music",3,False,False,Released
493355,F.C. De Kampioenen 3: Kampioenen Forever,2017-12-20,2017,4099830,4837799,105,0.1119,5.7,20,nl,Comedy,1,True,False,Released
493529,Dungeons & Dragons: Honor Among Thieves,2023-03-23,2023,151000000,208200000,134,13.022,7.328,4521,en,"Adventure, Fantasy, Comedy",3,False,False,Released
493551,Operation Finale,2018-08-29,2018,24000000,17506878,124,5.0759,6.68,1087,en,"Drama, History, Thriller",3,False,False,Released
493620,Aiyaary,2018-02-16,2018,9150000,41000000,157,1.016,5.741,56,hi,"Crime, Drama, Thriller",3,False,False,Released
493623,Hichki,2018-03-23,2018,2000000,25629954,116,1.6945,7.577,156,hi,"Drama, Comedy",2,False,False,Released
493922,Hereditary,2018-06-07,2018,10000000,87796204,128,11.5986,7.292,8498,en,"Horror, Mystery, Thriller",3,False,False,Released
495193,Benji,2018-03-16,2018,6000000,585333,87,2.8136,6.931,321,en,"Drama, Family, Adventure, Crime",4,True,False,Released
495278,Limonov: The Ballad,2024-09-05,2024,10500000,377523000,133,1.3908,6.3,81,fr,"History, Drama",2,False,False,Released
495764,Birds of Prey (and the Fantabulous Emancipation of One Harley Quinn),2020-02-05,2020,75000000,205537933,109,7.2632,6.879,10764,en,"Action, Crime",2,False,False,Released
496230,Heartthrob,2017-10-10,2017,4000000,90000000,86,0.7064,5.2,78,en,"Drama, Romance, Thriller",3,False,False,Released
496243,Parasite,2019-05-30,2019,11363000,257591776,133,37.3162,8.494,20471,ko,"Comedy, Thriller, Drama",3,False,False,Released
496283,BuyBust,2018-08-01,2018,1600000,178471,127,0.627,6.033,61,tl,"Action, Drama, Thriller, Crime",4,False,False,Released
496328,Sanju,2018-06-29,2018,21918618,67414985,161,1.8209,7.2,215,hi,Drama,1,False,False,Released
496334,Batti Gul Meter Chalu,2018-09-21,2018,7100000,9600000,161,0.7972,5.983,30,hi,"Comedy, Drama",2,False,False,Released
496450,"Miraculous: Ladybug & Cat Noir, The Movie",2023-07-05,2023,86000000,40208268,100,6.281,7.594,944,fr,"Animation, Fantasy, Action, Romance, Family",5,True,False,Released
496681,Amazon Obhijaan,2017-12-22,2017,3082000,7082000,140,0.3761,4.9,10,bn,"Adventure, Action, Thriller",3,True,False,Released
497333,Code Blue: The Movie,2018-07-27,2018,1250000,78778562,127,2.0039,6.7,10,ja,"Action, Adventure, Drama",3,False,False,Released
497698,Black Widow,2021-07-07,2021,200000000,379751131,134,14.1087,7.17,11157,en,"Action, Adventure, Science Fiction",3,False,False,Released
497814,Breaking In,2018-05-05,2018,6000000,49078000,88,2.4124,5.95,689,en,"Action, Crime, Thriller",3,False,False,Released
497828,Triangle of Sadness,2022-09-18,2022,15600000,24733572,147,4.3903,7.018,2831,en,"Comedy, Drama",2,False,False,Released
497835,Sin,2019-11-14,2019,15000000,243043,134,0.6503,5.8,84,it,"History, Drama",2,False,False,Released
498248,Mia and the White Lion,2018-08-02,2018,9600000,35487190,98,2.8276,7.26,912,fr,"Adventure, Family, Drama",3,False,False,Released
498402,Aline,2021-11-10,2021,25900000,11131254,125,1.238,6.6,390,fr,"Music, Comedy, Drama, Family",4,False,False,Released
498743,Never Grow Old,2019-03-15,2019,12000000,106796,101,2.0404,6.0,234,en,Western,1,False,False,Released
499159,Oxidan,2018-01-17,2018,10000,200000,90,0.304,3.9,12,en,Comedy,1,False,False,Released
499701,Dora and the Lost City of Gold,2019-08-08,2019,49000000,120600000,102,4.6135,6.629,1814,en,"Family, Comedy, Adventure",3,True,False,Released
500006,Utøya: July 22,2018-03-09,2018,22000000,3738618,92,1.5839,7.164,441,no,"History, Drama",2,False,False,Released
500475,SuperFly,2018-06-13,2018,16000000,20545116,107,3.9018,6.707,401,en,"Action, Crime",2,False,False,Released
500664,Upgrade,2018-05-31,2018,3000000,16976561,100,9.179,7.503,4955,en,"Action, Thriller, Science Fiction",3,False,False,Released
500852,Miss Bala,2019-01-25,2019,15000000,15200000,104,2.6734,6.4,586,en,Action,1,False,False,Released
500916,Primal,2019-12-27,2019,9000000,146863,97,3.0643,5.621,424,en,"Action, Adventure, Thriller",3,False,False,Released
501170,Doctor Sleep,2019-10-30,2019,45000000,72385286,152,7.383,7.144,4844,en,"Horror, Fantasy",2,True,False,Released
501192,Hate Story IV,2018-03-09,2018,2900000,3200000,131,0.5392,5.176,17,hi,"Thriller, Crime, Drama",3,True,False,Released
501590,Synonyms,2019-02-28,2019,2500000,242483,123,0.93,5.7,141,fr,"Comedy, Drama",2,False,False,Released
501841,A Journal for Jordan,2021-12-22,2021,25000000,6700000,131,2.4422,6.988,125,en,"Drama, Romance",2,False,False,Released
501907,A Beautiful Day in the Neighborhood,2019-09-07,2019,25000000,67900000,109,3.8418,7.0,1739,en,"History, Family, Drama",3,False,False,Released
501979,Bill & Ted Face the Music,2020-08-27,2020,25000000,6274027,92,3.3827,5.899,1069,en,"Comedy, Science Fiction, Adventure, Music",4,True,False,Released
501987,Bharat Ane Nenu,2018-04-20,2018,11000000,33907059,173,1.5319,6.457,70,te,"Drama, Action",2,False,False,Released
502356,The Super Mario Bros. Movie,2023-04-05,2023,100000000,1360879735,93,99.9876,7.588,10522,en,"Family, Comedy, Adventure, Fantasy, Animation",5,True,False,Released
502416,Ma,2019-05-29,2019,5000000,61220856,99,5.9936,5.826,2416,en,"Horror, Thriller",2,True,False,Released
502422,Thunder Road,2018-09-12,2018,200000,448184,90,1.0895,6.805,446,en,"Comedy, Drama",2,False,False,Released
502682,Book Club,2018-05-18,2018,10000000,78720293,104,2.5917,6.217,826,en,"Romance, Comedy, Drama",3,True,False,Released
502913,Swingers,2018-01-01,2018,100000,850000,97,0.6935,4.6,17,uk,"Comedy, Romance",2,True,False,Released
503314,Dragon Ball Super: Broly,2018-12-14,2018,1000000,125002821,101,2.0556,7.902,3096,ja,"Action, Science Fiction, Animation",3,True,False,Released
503346,Occupation,2018-07-12,2018,6000000,21704,119,1.6449,4.766,256,en,"Action, Science Fiction, Drama",3,True,False,Released
503616,Second Act,2018-11-22,2018,16000000,72282227,103,2.948,6.323,1243,en,"Romance, Comedy",2,False,False,Released
503736,Army of the Dead,2021-05-14,2021,90000000,190700000,148,5.2155,6.21,4368,en,"Crime, Action, Horror",3,True,False,Released
503838,Raid,2018-03-16,2018,4700000,18000000,120,2.0115,7.145,128,hi,"Crime, Drama, Thriller",3,True,False,Released
503919,The Lighthouse,2019-10-18,2019,11000000,18262464,109,6.3366,7.5,5499,en,"Drama, Fantasy, Thriller",3,False,False,Released
504080,Dhadak,2018-07-20,2018,4800000,13000000,138,1.0611,6.9,59,hi,"Romance, Drama, Comedy",3,True,False,Released
504112,Confiscation,2018-02-20,2018,10000,10000,108,0.4363,5.2,13,fa,"Comedy, Drama",2,False,False,Released
504172,The Mule,2018-12-14,2018,50000000,174800000,116,5.936,6.865,5332,en,"Crime, Drama",2,False,False,Released
504196,Lottery,2018-03-14,2018,10000,10000,114,0.426,3.9,17,fa,"Drama, Romance, Thriller",3,False,False,Released
504562,Motherless Brooklyn,2019-10-31,2019,26000000,18377736,145,3.454,6.694,1582,en,"Drama, Thriller",2,False,False,Released
504608,Rocketman,2019-05-17,2019,40000000,167300000,121,6.3606,7.307,4959,en,"Music, Drama",2,False,False,Released
504827,The Bob's Burgers Movie,2022-05-26,2022,38000000,34148750,102,2.6356,6.975,359,en,"Animation, Music, Comedy, Crime, Mystery",5,False,False,Released
505015,Empowered,2018-03-02,2018,3900000,4200000,87,0.6352,5.888,134,es,Comedy,1,False,False,Released
505026,Death on the Nile,2022-02-09,2022,90000000,137307235,127,10.3788,6.414,4152,en,"Mystery, Crime, Thriller",3,True,False,Released
505058,Unfriended: Dark Web,2018-07-19,2018,1000000,16434588,92,3.8732,6.3,1654,en,"Horror, Mystery",2,True,False,Released
505262,My Hero Academia: Two Heroes,2018-08-03,2018,12000000,27507549,96,4.5225,7.879,1095,ja,"Animation, Action, Adventure, Fantasy",4,True,False,Released
505436,Serial (Bad) Weddings 2,2019-01-30,2019,18500000,87761988,99,3.6347,5.892,1320,fr,Comedy,1,True,False,Released
505513,Detective Chinatown 2,2018-02-16,2018,63000000,544185156,121,2.9909,6.23,148,zh,"Comedy, Mystery",2,True,False,Released
505600,Booksmart,2019-05-24,2019,6000000,24849029,102,4.5032,7.01,2826,en,Comedy,1,False,False,Released
505642,Black Panther: Wakanda Forever,2022-11-09,2022,250000000,859102154,162,14.0765,7.004,7404,en,"Action, Adventure, Science Fiction",3,True,False,Released
505940,Happy Birthday,2019-09-04,2019,5350000,2536386,95,0.4979,5.6,129,fr,"Drama, Comedy",2,False,False,Released
505954,T-34,2018-12-27,2018,8000000,36220872,139,2.2555,7.146,929,ru,"Action, Drama, History, War",4,False,False,Released
506072,Prospect,2018-10-02,2018,4000000,22777,98,2.3701,6.226,960,en,Science Fiction,1,False,False,Released
506464,The Awakener,2018-11-01,2018,3500000,2000000,108,1.3341,6.583,157,pt,"Thriller, Action, Crime, Drama",4,False,False,Released
506680,Unbroken: Path to Redemption,2018-09-14,2018,6000000,6200000,98,2.2709,6.652,155,en,Drama,1,True,False,Released
506750,Tanks for Stalin,2018-04-26,2018,2179800,36837802,95,1.034,4.9,43,ru,"War, Action, Adventure",3,False,False,Released
506863,Hurricane,2018-09-07,2018,10000000,2137751,107,2.8305,5.88,184,en,"War, Drama, Action",3,False,False,Released
506971,Teefa in Trouble,2018-07-20,2018,1500000,3062477,155,0.5601,7.259,27,ur,"Drama, Comedy, Action, Crime",4,False,False,Released
507076,Climax,2018-09-19,2018,2900000,1696075,97,4.9259,7.045,2309,fr,"Thriller, Drama, Horror",3,False,False,Released
507086,Jurassic World Dominion,2022-06-01,2022,465000000,1004004592,147,13.1211,6.6,6991,en,"Adventure, Action, Science Fiction",3,True,False,Released
507089,Five Nights at Freddy's,2023-10-25,2023,20000000,297242145,110,10.6505,7.329,4973,en,"Horror, Thriller",2,True,False,Released
507241,The Killer's Game,2024-09-12,2024,30000000,5928351,106,7.5701,6.407,536,en,"Action, Comedy, Thriller",3,False,False,Released
507505,El Angel,2018-08-09,2018,3000000,10452324,115,1.4687,7.4,572,es,"Drama, Crime",2,False,False,Released
508439,Onward,2020-02-29,2020,200000000,141888276,102,6.8939,7.641,6537,en,"Animation, Family, Fantasy, Adventure, Comedy",5,False,False,Released
508442,Soul,2020-12-25,2020,150000000,121977511,101,12.0054,8.093,11335,en,"Animation, Family, Drama, Music, Fantasy",5,False,False,Released
508466,Sad Hill Unearthed,2018-10-19,2018,170000,22834,83,0.8661,6.9,113,es,"Documentary, History",2,False,False,Released
508664,Danger Close: The Battle of Long Tan,2019-08-08,2019,23934823,2078370,119,2.8564,6.806,350,en,"War, Action, Drama, History",4,False,False,Released
508763,A Dog's Way Home,2019-01-10,2019,18000000,17643857,96,4.0036,7.4,1177,en,"Drama, Adventure, Family",3,False,False,Released
508791,The Sun Is Also a Star,2019-05-16,2019,9000000,6800000,100,2.0579,6.97,619,en,"Romance, Drama",2,False,False,Released
508883,The Boy and the Heron,2023-07-14,2023,50000000,294200000,124,12.8795,7.404,2599,ja,"Animation, Fantasy, Drama",3,False,False,Released
508935,The Eight Hundred,2020-08-14,2020,80000000,461421559,147,3.5073,6.974,326,zh,"War, History, Drama, Action",4,False,False,Released
508943,Luca,2021-06-17,2021,200000000,51074773,95,9.3712,7.782,8908,en,"Animation, Family, Fantasy, Comedy, Drama",5,False,False,Released
509733,Spy Cat,2019-04-11,2019,9000000,3882729,84,1.0105,6.7,84,de,"Animation, Adventure, Comedy, Family",4,False,False,Released
509853,The Fanatic,2019-08-30,2019,18000000,3153,89,1.6114,4.4,331,en,"Crime, Thriller",2,False,False,Released
510298,Seberg,2019-12-13,2019,8000000,592565,103,2.5671,5.894,283,en,"Thriller, Drama",2,False,False,Released
511322,The Good Liar,2019-11-08,2019,10000000,33856058,109,3.2466,6.688,1260,en,Crime,1,False,False,Released
511424,"My Sailor, My Love",2022-09-30,2022,4600000,159180,102,0.7469,6.2,17,en,"Drama, Romance",2,False,False,Released
511809,West Side Story,2021-12-08,2021,100000000,76016171,156,4.5354,6.926,1761,en,"Drama, Romance, Crime",3,False,False,Released
511987,Crawl,2019-07-10,2019,13500000,91542097,87,6.5781,6.323,3356,en,"Horror, Thriller",2,True,False,Released
512096,Cake,2018-03-30,2018,350000,850000,125,0.3454,7.0,12,ur,"Drama, Romance, Mystery, Comedy",4,False,False,Released
512195,Red Notice,2021-11-04,2021,160000000,178143,118,7.5455,6.734,6380,en,"Action, Comedy, Crime",3,False,False,Released
512196,Happy Death Day 2U,2019-02-13,2019,9000000,64600152,100,4.1004,6.323,3633,en,"Comedy, Horror, Science Fiction",3,True,False,Released
512200,Jumanji: The Next Level,2019-12-04,2019,125000000,801693929,123,10.0134,6.875,9299,en,"Adventure, Comedy, Fantasy",3,True,False,Released
512263,Honey Boy,2019-09-28,2019,3500000,3400977,94,2.8816,7.042,730,en,Drama,1,False,False,Released
512895,Lady and the Tramp,2019-11-12,2019,60000000,51000000,101,5.3475,7.162,1631,en,"Family, Romance, Comedy",3,False,False,Released
512954,Leaving Afghanistan,2019-05-10,2019,4302540,731827,112,1.12,6.6,92,ru,"Drama, Action, War",3,False,False,Released
513045,Stuber,2019-07-11,2019,16000000,32400000,93,3.5943,6.612,1401,en,"Action, Comedy",2,False,False,Released
513285,Trouble Is My Business,2018-04-03,2018,250000,679000,116,0.3674,4.667,21,en,"Adventure, Mystery, Romance, Thriller",4,False,False,Released
513310,Boss Level,2021-02-19,2021,45000000,2000000,101,8.9842,6.868,1892,en,"Action, Science Fiction, Thriller",3,False,False,Released
513434,One Cut of the Dead,2017-11-04,2017,52406,27590180,96,6.9282,7.6,965,ja,"Comedy, Horror, Drama",3,True,False,Released
513691,The Debt Collector,2018-06-05,2018,3000000,28645,96,2.9144,5.794,245,en,"Action, Comedy",2,True,False,Released
514207,Invasion,2020-02-27,2020,8819200,32104054,129,5.0548,6.857,879,ru,"Science Fiction, Drama, Action",3,True,False,Released
514277,Mara,2018-08-22,2018,5000000,661769,100,2.6294,5.7,417,en,"Crime, Horror, Thriller",3,False,False,Released
514439,Breakthrough,2019-04-10,2019,14000000,49200000,116,4.4294,7.6,1140,en,Drama,1,False,False,Released
514619,Nobody's Fool,2018-10-31,2018,19000000,29200000,110,2.3193,6.063,292,en,"Comedy, Romance",2,False,False,Released
514847,The Hunt,2020-03-11,2020,14000000,12400979,90,8.1609,6.636,3596,en,"Action, Thriller, Horror",3,False,False,Released
514921,The Aeronauts,2019-11-04,2019,40000000,3485251,100,3.6088,6.804,1194,en,"Adventure, Drama, Romance",3,False,False,Released
515001,Jojo Rabbit,2019-10-18,2019,14000000,82468705,108,7.791,7.987,10341,en,"Comedy, War, Drama",3,False,False,Released
515195,Yesterday,2019-06-26,2019,26000000,154608856,116,5.592,6.683,4241,en,"Comedy, Fantasy, Music, Romance",4,False,False,Released
515789,StarDog and TurboCat,2019-12-06,2019,2100000,585443,88,2.3894,7.1,98,en,"Animation, Comedy, Family",3,False,False,Released
515820,Dany,2018-05-30,2018,6861490,2080679,89,0.27,5.4,171,fr,Comedy,1,False,False,Released
515883,Rahul Subramanian: Kal Main Udega,2018-03-16,2018,1000,10000,63,0.1855,7.2,11,en,Comedy,1,False,False,Released
516329,Antlers,2021-10-28,2021,17000000,18867659,99,4.2266,6.221,1227,en,"Drama, Horror, Mystery",3,False,False,Released
516516,Without Me,2018-10-18,2018,1504710,1671700,97,0.895,6.1,32,ru,"Thriller, Drama, Romance",3,False,False,Released
516632,The Empty Man,2020-10-22,2020,16000000,4796993,137,3.6732,6.174,989,en,"Horror, Mystery",2,False,False,Released
516700,Gundala,2019-08-29,2019,1863258,4223384,123,0.8246,6.208,336,id,"Action, Adventure, Science Fiction",3,True,False,Released
516729,Paddington in Peru,2024-11-08,2024,90000000,171458837,106,8.7169,6.817,671,en,"Family, Comedy, Adventure",3,True,False,Released
517093,Balkan Line,2019-03-21,2019,3500000,4944386,130,5.1744,7.4,571,ru,"Drama, Action, War",3,False,False,Released
517116,Haunt,2019-09-13,2019,5000000,2243353,93,3.4679,6.7,1352,en,"Horror, Thriller",2,True,False,Released
517302,Hatching,2022-03-04,2022,3896000,508000,87,1.6976,6.257,483,fi,"Horror, Fantasy, Drama",3,False,False,Released
517331,The Realm,2018-09-28,2018,4552700,1932261,132,1.4032,7.08,469,es,"Thriller, Mystery, Drama",3,False,False,Released
517412,Tesla,2020-08-14,2020,5000000,459051,102,1.9873,5.788,371,en,"History, Drama",2,False,False,Released
517508,Hello Guru Prema Kosame,2018-10-18,2018,2123894,5479646,145,0.4695,6.3,19,te,"Romance, Family",2,False,False,Released
517517,Lancaster Skies,2019-02-27,2019,80000,67522,98,0.4397,5.7,56,en,"Drama, War, Action",3,False,False,Released
517543,How I Became Russian,2019-01-25,2019,5000000,1668824,94,0.8482,6.5,28,ru,Comedy,1,False,False,Released
517814,Capernaum,2018-09-20,2018,4000000,64978931,126,3.9793,8.1,1958,ar,Drama,1,False,False,Released
517991,The Spy Gone North,2018-08-08,2018,17000000,3175,138,3.7611,7.367,218,ko,"Drama, History, Thriller",3,False,False,Released
518068,Along with the Gods: The Last 49 Days,2018-08-01,2018,18300000,112790210,141,5.8813,8.038,743,ko,"Action, Adventure, Fantasy, Thriller",4,True,False,Released
518590,Three Heroes: The Heiress to the Throne,2018-12-27,2018,2500000,9343827,90,0.6982,6.8,32,ru,"Animation, Family",2,True,False,Released
518764,Animal World,2018-06-29,2018,125000,69885700,125,1.8575,6.961,256,zh,"Drama, Action, Adventure, Thriller",4,False,False,Released
518975,A Russian Youth,2019-02-10,2019,700000,13939,72,0.6609,5.2,27,ru,"War, Drama",2,False,False,Released
519010,Pain and Glory,2019-03-22,2019,10769016,37359689,114,2.6769,7.372,1898,es,Drama,1,False,False,Released
519182,Despicable Me 4,2024-06-20,2024,100000000,972021410,94,24.506,7.0,3156,en,"Action, Animation, Comedy, Family, Science Fiction",5,True,False,Released
520023,Bodies Bodies Bodies,2022-08-05,2022,3000000,13929670,94,4.9643,6.149,1438,en,"Horror, Comedy, Mystery, Thriller",4,False,False,Released
520736,Loro 2,2018-05-10,2018,21000000,2984733,100,1.0221,7.156,391,it,Drama,1,True,False,Released
520763,A Quiet Place Part II,2021-05-21,2021,55000000,297372261,96,9.5587,7.434,7315,en,"Science Fiction, Thriller, Horror",3,True,False,Released
520900,The Personal History of David Copperfield,2019-11-07,2019,15600000,11620337,119,2.3312,6.411,533,en,Comedy,1,False,False,Released
521029,Annabelle Comes Home,2019-06-26,2019,27000000,231252591,106,5.9964,6.405,3818,en,Horror,1,True,False,Released
521753,Coffee for All,2017-05-07,2017,125000,78000,69,0.0903,5.0,12,it,Documentary,1,False,False,Released
521777,Good Boys,2019-08-14,2019,20000000,111037232,90,3.908,6.835,1998,en,Comedy,1,False,False,Released
522016,The 355,2022-01-05,2022,75000000,55700000,122,5.7235,6.024,1126,en,"Action, Adventure, Thriller",3,False,False,Released
522162,Midway,2019-11-06,2019,100000000,127400000,138,8.092,7.094,2689,en,"Action, War, History",3,False,False,Released
522212,Just Mercy,2019-12-25,2019,25000000,50401502,137,4.6902,7.855,2472,en,"Drama, Crime, History",3,False,False,Released
522478,Peter Rabbit 2: The Runaway,2021-03-25,2021,45000000,153000000,93,4.8844,7.039,881,en,"Animation, Comedy, Family, Adventure",4,True,False,Released
522518,A Dog's Journey,2019-05-03,2019,16000000,78871079,109,4.7791,8.054,1610,en,"Family, Adventure, Drama",3,True,False,Released
522627,The Gentlemen,2020-01-01,2020,22000000,115171795,113,8.6676,7.662,6538,en,"Comedy, Crime, Action",3,False,False,Released
522681,Escape Room,2019-01-03,2019,9000000,155712077,99,5.5041,6.542,5025,en,"Horror, Thriller, Mystery",3,True,False,Released
522924,The Art of Racing in the Rain,2019-08-08,2019,18000000,33800000,109,4.1137,8.168,1662,en,"Drama, Romance",2,False,False,Released
522931,Hitman's Wife's Bodyguard,2021-06-14,2021,70000000,70060492,117,6.7733,6.649,2562,en,"Action, Comedy, Crime, Thriller",4,True,False,Released
522938,Rambo: Last Blood,2019-09-18,2019,50000000,91500000,89,8.841,6.5,4184,en,"Action, Thriller, Drama",3,True,False,Released
523172,Late Night,2019-01-25,2019,4000000,22384741,102,2.3531,6.382,867,en,"Comedy, Drama",2,False,False,Released
523366,Dragon Rider,2020-10-13,2020,17800000,7000000,100,2.9249,7.0,171,en,"Animation, Family, Adventure, Fantasy",4,False,False,Released
523371,Inmate Zero,2020-02-28,2020,141129,695501,106,1.6539,6.327,127,en,Horror,1,False,False,Released
523527,All I Want for Christmas,2018-11-08,2018,3000000,703734,92,0.493,6.2,13,da,"Family, Adventure",2,True,False,Released
523607,Maestro,2023-11-22,2023,80000000,300000,129,5.2408,6.263,826,en,"Drama, Romance, Music",3,False,False,Released
523781,Words on Bathroom Walls,2020-08-21,2020,8000000,3151849,111,3.4252,7.758,656,en,"Drama, Romance",2,False,False,Released
523931,Megalodon,2018-08-10,2018,130178,5303,90,2.2325,5.47,296,en,"Action, Science Fiction, Horror, TV Movie",4,True,False,Released
524047,Greenland,2020-07-29,2020,34000000,52300000,120,25.8975,7.126,5224,en,"Thriller, Adventure, Action, Science Fiction",4,True,False,Released
524247,The Intruder,2019-05-03,2019,8000000,40600000,102,3.1769,6.07,617,en,Thriller,1,False,False,Released
524348,The Report,2019-09-12,2019,8000000,275000,119,2.7401,7.041,1148,en,Drama,1,False,False,Released
524369,The Many Saints of Newark,2021-09-22,2021,50000000,13037403,120,2.9729,6.306,745,en,"Crime, Drama",2,False,False,Released
524434,Eternals,2021-11-03,2021,200000000,402064899,156,10.9018,6.773,9071,en,"Science Fiction, Action, Adventure",3,False,False,Released
524659,Crown Vic,2019-11-01,2019,3600000,3868,110,2.0046,6.2,221,en,"Crime, Drama, Action",3,False,False,Released
525660,Dynasty Warriors,2021-04-27,2021,38504400,3310000,118,3.7332,5.872,141,zh,"Action, Adventure, Fantasy",3,False,False,Released
525661,Bombshell,2019-12-13,2019,32000000,61404394,109,4.7228,6.778,3184,en,Drama,1,False,False,Released
526019,Like a Boss,2020-01-09,2020,29000000,26900000,83,2.4747,6.211,665,en,Comedy,1,False,False,Released
526050,Little,2019-04-04,2019,20000000,17399000,108,2.8509,6.9,744,en,"Comedy, Fantasy, Romance",3,False,False,Released
526090,Mulk,2018-08-03,2018,2721526,4080000,140,0.7586,6.744,41,hi,Drama,1,False,False,Released
526896,Morbius,2022-03-30,2022,75000000,167635712,105,7.089,5.913,4785,en,"Action, Science Fiction, Fantasy",3,False,False,Released
527641,Five Feet Apart,2019-03-14,2019,7000000,92600000,116,7.1411,8.2,5893,en,"Romance, Drama",2,False,False,Released
527729,Asterix: The Secret of the Magic Potion,2018-05-12,2018,36000000,74488686,85,2.3622,6.848,1315,fr,"Family, Animation, Comedy, Adventure",4,True,False,Released
527774,Raya and the Last Dragon,2021-03-03,2021,100000000,130423032,107,9.0329,7.8,7238,en,"Animation, Family, Fantasy, Adventure, Action",5,False,False,Released
527776,Overcomer,2019-08-22,2019,5000000,38026103,119,2.7072,7.7,302,en,Drama,1,False,False,Released
528372,Muslum,2018-10-26,2018,4400000,14701918,136,0.6426,7.135,133,tr,"Drama, Music",2,False,False,Released
528769,Dogman's Rabies: Underdog,2018-06-07,2018,1800000,31086,120,0.5296,5.8,29,it,"Horror, Thriller, Crime",3,False,False,Released
528848,"Me, You, He, She",2018-12-27,2018,1200000,2693044,96,0.5856,6.2,32,uk,Comedy,1,False,False,Released
529106,Major Grom: Plague Doctor,2021-04-01,2021,10000000,4493306,136,2.7099,6.649,645,ru,"Action, Adventure",2,True,False,Released
529203,The Croods: A New Age,2020-11-25,2020,65000000,215905815,95,8.1182,7.443,4115,en,"Animation, Family, Adventure, Fantasy, Comedy",5,True,False,Released
529209,The Japon,2019-06-28,2019,8250378,3262957,96,0.458,4.47,66,es,Comedy,1,False,False,Released
529485,The Way Back,2020-03-05,2020,23000000,14590514,108,2.6609,6.631,1316,en,Drama,1,False,False,Released
530254,The Witch: Part 1. The Subversion,2018-06-27,2018,5500000,24340302,126,8.1651,7.898,723,ko,"Action, Mystery, Science Fiction",3,True,False,Released
530385,Midsommar,2019-07-03,2019,9000000,48498408,147,12.5518,7.151,7995,en,"Horror, Drama, Mystery",3,False,False,Released
530915,1917,2019-12-25,2019,100000000,446064352,119,9.969,8.0,13450,en,"War, History, Drama",3,False,False,Released
531309,Brightburn,2019-05-09,2019,6000000,33224654,91,8.3547,6.143,3435,en,"Horror, Science Fiction",2,False,False,Released
531428,Portrait of a Lady on Fire,2019-09-06,2019,5740000,9923127,121,7.2492,8.095,2900,fr,"Drama, Romance",2,False,False,Released
531499,The Tax Collector,2020-08-07,2020,30000000,942666,95,2.3072,5.631,521,en,"Action, Crime, Drama",3,False,False,Released
531876,The Outpost,2020-06-24,2020,18000000,2133452,123,5.7815,6.899,1153,en,"War, Drama, History, Action",4,False,False,Released
531900,Block Z,2020-01-29,2020,646955,709452,101,0.6777,6.8,13,tl,"Action, Horror, Thriller",3,False,False,Released
532408,The Boogeyman,2023-05-31,2023,35000000,82344833,99,5.7449,6.385,1074,en,Horror,1,False,False,Released
532671,The Prodigy,2019-02-06,2019,6000000,21200000,92,3.8921,6.164,1061,en,"Horror, Thriller",2,False,False,Released
532710,Firestarter,2022-05-12,2022,12000000,15039250,94,3.8858,5.479,804,en,"Horror, Science Fiction, Thriller",3,False,False,Released
532868,Death of a Nation,2018-08-03,2018,6000000,5885881,108,0.3927,4.1,53,en,"Documentary, History",2,False,False,Released
532938,The Shiny Shrimps,2019-05-08,2019,3500000,4645750,103,0.8803,6.578,463,fr,Comedy,1,True,False,Released
533237,Karwaan,2018-08-03,2018,3038109,3489863,125,0.5243,7.08,113,hi,"Adventure, Comedy",2,False,False,Released
533444,Waves,2019-11-15,2019,6000000,2576990,136,4.537,7.4,799,en,"Romance, Drama",2,False,False,Released
533535,Deadpool & Wolverine,2024-07-24,2024,200000000,1338073645,128,39.5441,7.558,8507,en,"Action, Comedy, Science Fiction",3,True,False,Released
533642,Child's Play,2019-06-19,2019,10000000,44902237,90,5.0805,5.964,2041,en,"Horror, Thriller, Science Fiction",3,False,False,Released
533991,Stree,2018-08-31,2018,2800000,21000000,128,1.5386,6.913,189,hi,"Horror, Comedy",2,True,False,Released
534259,Blinded by the Light,2019-08-09,2019,8300000,18144644,117,2.3284,6.918,607,en,"Drama, Comedy",2,False,False,Released
534313,Racetime,2018-12-07,2018,3000000,12000000,90,0.701,5.5,35,fr,"Animation, Family, Comedy, Adventure",4,True,False,Released
534490,Avengement,2019-05-24,2019,2400000,89900000,88,4.8289,6.794,589,en,"Crime, Action, Thriller",3,False,False,Released
534780,Andhadhun,2018-10-05,2018,4500000,40000000,139,2.9588,7.602,615,hi,"Crime, Mystery, Thriller, Comedy",4,False,False,Released
535292,21 Bridges,2019-10-24,2019,33000000,49900000,100,5.4219,6.767,2137,en,"Crime, Action, Drama",3,False,False,Released
535389,The Great Battle,2018-09-19,2018,13305000,41509280,135,3.4275,6.755,188,ko,"War, History, Action",3,False,False,Released
535544,Downton Abbey,2019-09-12,2019,20000000,194694725,122,5.2765,7.131,1253,en,"Drama, Romance, History",3,True,False,Released
535581,The Dead Don't Die,2019-05-15,2019,11000000,15325468,104,3.3576,5.43,2834,en,"Comedy, Horror",2,False,False,Released
535845,Brian Banks,2019-08-09,2019,10000000,4300000,99,2.3185,7.202,267,en,Drama,1,False,False,Released
536437,Hypnotic,2023-05-11,2023,70000000,16014123,93,5.2206,6.201,1454,en,"Mystery, Science Fiction, Thriller",3,False,False,Released
536554,M3GAN,2022-12-28,2022,12000000,181796517,102,9.8173,7.026,4763,en,"Science Fiction, Horror",2,True,False,Released
536743,Queen & Slim,2019-11-27,2019,20000000,47803176,132,2.7525,7.135,749,en,"Crime, Drama, Romance",3,False,False,Released
536869,Cats,2019-12-19,2019,95000000,77276321,110,4.1606,4.097,1041,en,"Fantasy, Comedy, Drama",3,False,False,Released
537751,Gosnell: The Trial of America's Biggest Serial Killer,2018-10-12,2018,4000000,3679893,93,0.6174,5.7,52,en,"Drama, Crime, Documentary",3,False,False,Released
537915,After,2019-04-11,2019,14000000,69497587,106,12.8108,7.109,8504,en,"Drama, Romance",2,True,False,Released
538207,We Die Young,2019-05-09,2019,4000000,143837,93,2.3305,6.76,348,en,"Drama, Action, Crime, Thriller",4,False,False,Released
538800,Deportees 3,2011-07-29,2011,10000,100000,113,0.18,3.7,14,fa,Comedy,1,True,False,Released
539181,Relic,2020-07-03,2020,1229578,3238539,89,2.7528,6.104,820,en,"Horror, Mystery",2,False,False,Released
539228,L'Amour flou,2018-10-10,2018,495343,1399479,97,0.4865,6.036,110,fr,Comedy,1,False,False,Released
539537,Fantasy Island,2020-02-12,2020,7000000,49447308,109,4.0727,5.759,2620,en,"Adventure, Fantasy, Horror, Mystery",4,False,False,Released
539565,Zola,2021-06-30,2021,5000000,3500000,86,2.6743,6.2,275,en,"Comedy, Crime, Drama",3,False,False,Released
539651,Don't Let Go,2019-08-30,2019,5000000,5300000,107,2.3135,6.895,444,en,"Horror, Mystery, Science Fiction, Thriller",4,False,False,Released
539681,DC League of Super-Pets,2022-07-27,2022,90000000,203000000,105,5.1162,7.2,1711,en,"Family, Comedy, Adventure, Animation, Science Fiction",5,False,False,Released
539892,Freaks,2019-09-12,2019,2000,368410,105,4.4881,6.744,1262,en,"Science Fiction, Thriller",2,True,False,Released
539972,Kraven the Hunter,2024-12-11,2024,130000000,62076533,127,17.2916,6.428,2298,en,"Action, Adventure, Thriller",3,False,False,Released
540549,Monica,2023-03-06,2023,1700000,182000,113,1.0413,5.583,48,en,Drama,1,False,False,Released
540901,Hustlers,2019-09-12,2019,20000000,157563598,110,4.9946,6.47,3076,en,"Drama, Comedy, Crime",3,False,False,Released
541011,My Beloved Enemy,2018-10-04,2018,3725000,381668,97,0.3399,5.4,71,it,"Comedy, Crime",2,False,False,Released
541487,Maharshi,2019-05-09,2019,12000000,31562422,176,1.4725,6.757,35,te,"Drama, Action",2,False,False,Released
541577,This Changes Everything,2019-07-22,2019,64988,125348,97,1.8398,6.2,42,en,Documentary,1,False,False,Released
541611,The Conductor,2018-10-25,2018,6000000,1211394,137,1.1611,7.627,162,nl,"Drama, History",2,False,False,Released
541660,Loro,2018-09-13,2018,21000000,1681525,157,1.8918,6.731,344,it,Drama,1,False,False,Released
542178,"The French Dispatch of the Liberty, Kansas Evening Sun",2021-10-21,2021,25000000,46333545,108,4.106,7.01,2948,en,"Drama, Comedy",2,False,False,Released
542224,Gretel & Hansel,2020-01-30,2020,5000000,22304357,87,3.3804,6.021,1553,en,"Horror, Fantasy, Mystery",3,False,False,Released
542921,While at War,2019-09-27,2019,4735684,12277353,108,1.3149,7.056,305,es,"Drama, History, War",3,False,False,Released
543294,Song Lang,2018-08-17,2018,759344,189836,97,0.7298,6.85,20,vi,"Drama, Music",2,False,False,Released
543915,The Boat,2019-02-22,2019,5000000,98559,89,1.2029,5.5,142,en,"Thriller, Mystery, Horror",3,False,False,Released
544627,Dark Figure of Crime,2018-10-03,2018,7120949,29433930,111,2.4965,6.6,90,ko,"Crime, Drama",2,False,False,Released
545611,Everything Everywhere All at Once,2022-03-24,2022,25000000,139200000,140,14.9002,7.718,7854,en,"Action, Adventure, Science Fiction",3,False,False,Released
546230,Paskal,2018-09-27,2018,2200000,6748935,115,0.8837,7.688,80,ms,"Action, War, Drama, History, Adventure, Crime",6,False,False,Released
546554,Knives Out,2019-11-27,2019,40000000,312897920,131,14.5228,7.839,13911,en,"Comedy, Crime, Mystery",3,True,False,Released
547654,Badhaai Ho,2018-10-19,2018,4000000,39000000,125,0.7412,7.2,170,hi,"Comedy, Romance, Drama",3,False,False,Released
548473,Color Out of Space,2020-01-24,2020,6000000,1023510,110,3.2218,6.069,1656,en,"Horror, Science Fiction, Mystery, Thriller",4,True,False,Released
548786,American Dresser,2018-09-21,2018,2000000,2231,97,0.9963,4.9,14,en,"Adventure, Drama",2,False,False,Released
549053,Last Christmas,2019-11-07,2019,30000000,121600000,103,4.9419,7.191,2626,en,"Comedy, Drama, Romance",3,False,False,Released
549509,The Brutalist,2024-12-20,2024,9600000,50145227,215,8.6042,6.955,1615,en,Drama,1,False,False,Released
550231,The Secret: Dare to Dream,2020-04-16,2020,21000000,3215636,107,3.5348,7.3,654,en,"Drama, Romance",2,False,False,Released
550988,Free Guy,2021-08-11,2021,110000000,331526598,115,12.9649,7.451,9721,en,"Comedy, Adventure, Science Fiction",3,False,False,Released
551271,Medieval,2022-09-08,2022,23000000,4311284,126,3.7473,6.868,535,en,"Action, Drama, History",3,False,False,Released
551804,Freaky,2020-11-12,2020,6000000,18073433,102,4.9166,6.564,1826,en,"Horror, Comedy",2,False,False,Released
551808,Black Christmas,2019-12-11,2019,5000000,18529730,92,2.7272,4.6,600,en,"Horror, Mystery",2,False,False,Released
552178,Dark Waters,2019-11-22,2019,20000000,13601384,127,5.8056,7.532,2507,en,"Drama, Thriller",2,False,False,Released
552269,Joe Bell,2020-09-14,2020,3500000,1700000,93,2.7496,6.496,261,en,Drama,1,False,False,Released
552441,Crazy Wedding,2018-10-04,2018,400000,1966105,90,0.5102,6.0,31,uk,Comedy,1,True,False,Released
553141,The Head Hunter,2019-04-05,2019,30000,44652,72,1.0922,5.479,332,en,"Horror, Fantasy",2,False,False,Released
553147,Fool's Paradise,2023-05-12,2023,3000000,885712,98,1.5102,4.635,104,en,Comedy,1,False,False,Released
554230,The Lost Daughter,2021-12-15,2021,5000000,703281,122,3.0742,6.461,1099,en,Drama,1,False,False,Released
554241,Playing with Fire,2019-11-08,2019,29900000,69412425,96,5.3988,6.582,752,en,"Family, Comedy",2,False,False,Released
554386,Evanescence: Synthesis Live,2018-10-12,2018,100000,1000000,88,0.2865,8.5,69,en,Music,1,False,False,Released
554577,The Mongolian Conspiracy,2019-04-18,2019,1100000,976,100,0.4007,6.4,27,es,"Crime, Thriller",2,False,False,Released
554596,"No manches, Frida 2: paraíso destruido",2019-03-15,2019,5000000,26500000,102,4.4893,7.88,940,es,Comedy,1,True,False,Released
554753,Mirreyes vs Godínez,2019-01-25,2019,1500000,11900000,109,0.8816,6.8,114,es,Comedy,1,True,False,Released
555285,"Are You There God? It's Me, Margaret.",2023-03-29,2023,30000000,21800000,106,5.4799,7.142,496,en,"Comedy, Drama",2,False,False,Released
555974,Brahms: The Boy II,2020-02-20,2020,10000000,20311536,87,3.1817,5.876,1292,en,"Horror, Mystery, Thriller",3,True,False,Released
556485,Crimean Bridge. Made With Love!,2018-11-01,2018,2495650,1066431,102,1.0342,2.25,14,ru,"Comedy, Romance",2,False,False,Released
556678,Emma.,2020-02-13,2020,10000000,25200000,125,5.8607,7.015,1934,en,"Comedy, Romance",2,False,False,Released
556694,Three Thousand Years of Longing,2022-08-24,2022,60000000,20300000,108,3.7073,6.881,1639,en,"Drama, Fantasy, Romance",3,False,False,Released
556984,The Trial of the Chicago 7,2020-09-25,2020,35000000,107423,130,3.5713,7.664,3327,en,"Drama, History",2,False,False,Released
557950,Mainstream,2021-05-07,2021,5000000,49638,95,3.7213,6.3,371,en,"Comedy, Drama",2,False,False,Released
558449,Gladiator II,2024-11-13,2024,310000000,462180717,148,15.2914,6.615,4335,en,"Action, Adventure, Drama",3,True,False,Released
558582,First Cow,2020-03-06,2020,2000000,101068,122,3.6071,7.1,527,en,"Drama, Western",2,False,False,Released
558915,The Color Purple,2023-12-25,2023,90000000,68919191,141,3.9146,7.007,352,en,Drama,1,False,False,Released
559907,The Green Knight,2021-07-29,2021,15000000,18887953,130,5.2182,6.601,2175,en,"Adventure, Drama, Fantasy",3,False,False,Released
559957,Shanghai Fortress,2019-08-09,2019,30000000,16900000,107,2.2609,5.509,165,zh,"Science Fiction, War",2,False,False,Released
559974,Shock Wave 2,2020-12-24,2020,40000000,226400000,120,3.9267,7.087,173,cn,"Action, Crime, Thriller",3,True,False,Released
560016,Monkey Man,2024-04-03,2024,10000000,35271631,122,18.712,6.878,1379,en,"Action, Thriller",2,False,False,Released
560144,Skylines,2020-10-25,2020,70000000,170581,113,3.0945,5.539,595,en,"Science Fiction, Action, Thriller",3,True,False,Released
561557,The Ash Lad: In Search of the Golden Castle,2019-08-23,2019,7300000,2996763,99,1.0006,6.508,124,no,"Fantasy, Adventure",2,True,False,Released
564145,The Snow Queen: Mirror Lands,2018-12-21,2018,5125000,10063938,87,1.7337,7.6,96,ru,"Family, Animation, Adventure, Comedy, Fantasy",5,True,False,Released
565028,Candyman,2021-08-25,2021,25000000,77411570,91,4.8194,6.011,1744,en,"Horror, Thriller",2,True,False,Released
565179,The First King,2019-01-31,2019,8000000,2440478,123,1.3746,7.1,1123,la,"History, Drama",2,False,False,Released
565310,The Farewell,2019-07-12,2019,250300,23076657,100,3.3724,7.415,1530,en,"Comedy, Drama",2,False,False,Released
565470,Roe v. Wade,2021-04-02,2021,6750000,23561,112,0.7837,5.6,44,en,"Drama, History",2,False,False,Released
565770,Blue Beetle,2023-08-16,2023,104000000,130788072,128,7.5178,6.634,3066,en,"Action, Science Fiction, Adventure",3,False,False,Released
566525,Shang-Chi and the Legend of the Ten Rings,2021-09-01,2021,150000000,432243292,132,11.4979,7.495,10301,en,"Action, Adventure, Fantasy",3,False,False,Released
566927,Impractical Jokers: The Movie,2020-02-21,2020,3000000,10700000,92,1.7596,6.591,159,en,Comedy,1,False,False,Released
567224,Kölcsönlakás,2019-02-14,2019,1645266,757123,95,0.1039,5.6,11,hu,"Romance, Comedy",2,False,False,Released
567598,Greed,2019-09-07,2019,5500000,1460431,100,2.5401,5.613,168,en,"Comedy, Drama",2,False,False,Released
567604,Once Upon a Deadpool,2018-12-11,2018,110000000,51349833,118,5.1094,7.1,837,en,"Comedy, Action, Adventure, Science Fiction",4,False,False,Released
567609,Ready or Not,2019-08-21,2019,6000000,57615777,95,24.1567,7.053,5306,en,"Horror, Comedy",2,True,False,Released
567646,Extreme Job,2019-01-23,2019,8120000,124652206,111,3.6978,7.179,346,ko,"Action, Comedy, Crime",3,False,False,Released
567690,Dear Evan Hansen,2021-09-24,2021,27500000,19133454,137,3.0818,6.282,365,en,Drama,1,False,False,Released
567973,Furie,2019-02-22,2019,1000000,4822485,98,1.414,6.624,217,vi,"Action, Drama, Thriller",3,True,False,Released
567976,Swingers 2,2019-03-01,2019,350000,580000,90,0.8818,4.0,13,uk,Comedy,1,True,False,Released
568124,Encanto,2021-10-13,2021,150000000,261292688,102,11.7208,7.57,10149,en,"Animation, Comedy, Family, Fantasy",4,True,False,Released
568160,Weathering with You,2019-07-19,2019,11100000,192729404,112,10.2936,7.98,2605,ja,"Animation, Drama, Fantasy, Romance",4,False,False,Released
568620,Snake Eyes: G.I. Joe Origins,2021-07-22,2021,88000000,36964325,121,5.1516,6.454,1701,en,"Action, Adventure",2,False,False,Released
569094,Spider-Man: Across the Spider-Verse,2023-05-31,2023,100000000,690897910,140,28.1424,8.332,8479,en,"Animation, Action, Adventure, Science Fiction",4,True,False,Released
569106,Mamangam,2019-12-12,2019,5831703,11663406,157,0.4522,6.2,22,ml,"Action, War, Thriller, History, Adventure",5,False,False,Released
570670,The Invisible Man,2020-02-26,2020,7000000,144492724,124,9.2928,7.092,6212,en,"Thriller, Science Fiction, Horror",3,False,False,Released
571384,Come Play,2020-10-28,2020,9000000,13182254,97,2.7056,6.396,733,en,"Horror, Mystery",2,False,False,Released
571468,Freaks Out,2021-10-28,2021,12000000,3279079,141,1.5936,7.257,951,it,"Adventure, Fantasy, Drama",3,False,False,Released
571655,Valhalla,2019-10-10,2019,5256817,70821,105,1.9116,5.2,137,da,"Adventure, Fantasy",2,False,False,Released
571783,Race to Freedom: Um Bok-dong,2019-02-27,2019,12547000,1091477,116,2.0604,6.7,16,ko,Drama,1,False,False,Released
572164,EXIT,2019-07-31,2019,10892000,69501772,103,4.1151,7.606,293,ko,"Action, Comedy",2,False,False,Released
572802,Aquaman and the Lost Kingdom,2023-12-20,2023,205000000,440181226,124,13.6727,6.526,3449,en,"Action, Adventure, Fantasy",3,True,False,Released
573150,The Goya Murders,2019-10-18,2019,2700000,443038,96,0.7851,5.052,77,es,"Drama, Thriller",2,False,False,Released
573164,An Egg Rescue,2021-08-12,2021,6400000,4093345,89,2.045,7.869,416,es,"Animation, Comedy, Adventure, Family",4,True,False,Released
573435,Bad Boys: Ride or Die,2024-06-05,2024,100000000,404547819,116,17.5657,7.326,3296,en,"Action, Comedy, Crime",3,True,False,Released
573438,Strike,2019-02-06,2019,16800000,24743,95,0.8317,5.9,21,en,"Family, Comedy, Adventure, Animation",4,False,False,Released
573699,White Snake,2019-01-11,2019,11936735,62098770,99,3.2082,7.7,548,zh,"Romance, Animation, Fantasy",3,True,False,Released
574060,Gunpowder Milkshake,2021-07-14,2021,30000000,1015760,114,3.3344,6.27,1136,en,"Action, Crime, Thriller",3,True,False,Released
574321,Only the Animals,2019-12-04,2019,5000000,878668,116,1.7254,6.701,319,fr,"Drama, Crime",2,False,False,Released
574370,I Can Quit Whenever I Want,2019-04-12,2019,4833490,11788968,98,0.6593,6.235,183,es,Comedy,1,False,False,Released
574376,Eye for an Eye,2019-08-30,2019,3328289,2407571,107,1.0671,6.657,332,es,"Drama, Thriller, Crime",3,False,False,Released
575075,The Hero,2019-09-26,2019,4065470,2889720,120,1.8964,5.936,78,ru,"Action, Crime, Drama",3,False,False,Released
575089,One Second,2020-11-27,2020,1250000,10791301,104,1.85,7.3,122,zh,Drama,1,False,False,Released
575094,Abigail,2019-08-22,2019,7000000,1940234,110,3.4464,6.193,254,en,"Adventure, Fantasy, Mystery",3,False,False,Released
575138,The New King of Comedy,2019-02-05,2019,8000000,106618508,90,1.6866,5.6,45,cn,Comedy,1,False,False,Released
575184,The Watchman,2019-10-24,2019,860000,53565,106,0.9427,6.2,70,ru,"Drama, Thriller",2,False,False,Released
575219,Pegasus,2019-02-05,2019,40000000,255863112,98,2.5045,6.7,114,zh,"Comedy, Action",2,True,False,Released
575264,Mission: Impossible - Dead Reckoning Part One,2023-07-08,2023,220000000,571125435,164,14.9096,7.499,5056,en,"Action, Thriller, Adventure",3,True,False,Released
575322,Project Gemini,2022-01-06,2022,6000000,211674,98,3.0392,5.696,492,en,"Science Fiction, Thriller",2,False,False,Released
575359,Odessa,2019-09-05,2019,5000000,4000000,130,1.1705,5.6,19,ru,"Comedy, Romance, Drama",3,False,False,Released
575463,Mama Weed,2020-09-09,2020,5080800,5460628,104,1.2157,5.849,282,fr,"Crime, Drama, Comedy",3,False,False,Released
575718,Secret Zoo,2020-01-15,2020,8100000,8300000,117,2.9174,6.2,81,ko,"Comedy, Drama",2,False,False,Released
575769,4x4,2019-04-04,2019,3000000,1292773,87,1.1999,6.261,153,es,Thriller,1,False,False,Released
575828,Son of a Rich,2019-11-24,2019,2600000,50803834,109,1.9267,6.9,189,ru,Comedy,1,True,False,Released
576071,Unplanned,2019-03-21,2019,6000000,21600000,109,1.8744,6.8,221,en,Drama,1,False,False,Released
576845,Last Night in Soho,2021-10-21,2021,43000000,22957625,117,4.6042,7.276,3828,en,"Horror, Mystery",2,False,False,Released
576987,(UN)Ideal Man,2020-01-16,2020,1839363,8613317,89,1.0059,5.2,25,ru,"Comedy, Science Fiction, Romance",3,False,False,Released
577028,The Ninth,2019-11-07,2019,7000000,958558,99,1.3589,6.3,130,ru,"Mystery, Thriller, Crime, Horror",4,False,False,Released
577242,Kaamelott: The First Chapter,2021-07-21,2021,17516235,19002036,120,1.7659,6.613,746,fr,"Adventure, Fantasy, Comedy",3,True,False,Released
577328,Kabir Singh,2019-06-20,2019,8751000,55478164,172,0.9734,6.314,177,hi,"Drama, Romance",2,False,False,Released
577922,Tenet,2020-08-22,2020,205000000,365304105,150,15.6992,7.173,11022,en,"Action, Thriller, Science Fiction",3,False,False,Released
577970,Dilan 1991,2019-02-28,2019,675000,11283099,118,0.5592,7.0,26,id,"Drama, Romance",2,True,False,Released
578189,Black and Blue,2019-10-25,2019,12000000,22741061,109,3.5205,6.785,962,en,"Action, Thriller, Crime",3,False,False,Released
578701,Those Who Wish Me Dead,2021-05-05,2021,20000000,23384502,100,5.3661,6.608,1814,en,"Thriller, Action",2,False,False,Released
579023,U Get What U Kiss,2018-10-26,2018,11000,100000,93,0.047,7.0,24,ro,Comedy,1,False,False,Released
579047,Reminiscence,2021-08-18,2021,68000000,18717947,116,4.0993,6.52,1936,en,"Mystery, Science Fiction, Thriller",3,False,False,Released
579230,Bala,2019-11-07,2019,3571000,24571428,133,0.9559,6.559,94,hi,"Comedy, Romance",2,False,False,Released
579400,Stardust,2020-11-25,2020,5500000,62251,109,0.9905,3.9,41,en,"Music, Drama",2,False,False,Released
579583,The King of Staten Island,2020-07-22,2020,35000000,2200000,137,2.4716,6.994,1114,en,"Comedy, Drama",2,False,False,Released
579974,RRR,2022-03-24,2022,69000000,160000000,187,7.2495,7.713,1572,te,"Action, Adventure, Drama",3,False,False,Released
580175,Another Round,2020-09-24,2020,5150000,21700000,117,4.4469,7.627,3740,da,"Comedy, Drama",2,False,False,Released
580489,Venom: Let There Be Carnage,2021-09-30,2021,110000000,506863592,97,12.6625,6.745,11117,en,"Science Fiction, Action, Adventure",3,True,False,Released
580600,Astro Kid,2019-04-03,2019,5100000,3123088,90,1.5464,7.2,214,fr,"Animation, Comedy, Adventure, Family",4,False,False,Released
580854,Hutsul Girl Ksenia,2019-03-07,2019,1780456,140195,90,0.4077,7.5,15,uk,"Music, Comedy, Romance",3,False,False,Released
581032,News of the World,2020-12-25,2020,38000000,12700000,118,3.7921,6.929,1927,en,"Drama, Western, Adventure",3,False,False,Released
581387,Ashfall,2019-12-19,2019,17700000,61321941,128,6.2317,6.836,622,ko,"Action, Adventure, Thriller",3,False,False,Released
581389,Space Sweepers,2021-02-05,2021,21000000,24571,136,5.1022,7.054,1138,ko,"Drama, Fantasy, Science Fiction",3,False,False,Released
581392,Peninsula,2020-07-15,2020,17000000,42698327,115,6.9242,6.719,2558,ko,"Horror, Action, Thriller, Adventure",4,True,False,Released
581526,Deliver Us from Evil,2020-08-05,2020,12000000,34662454,108,3.3554,6.9,229,ko,"Crime, Action, Drama",3,False,False,Released
581528,"The Gangster, the Cop, the Devil",2019-05-15,2019,6500000,25775371,110,8.2429,7.842,1437,ko,"Action, Crime, Thriller",3,False,False,Released
581734,Nomadland,2021-01-29,2021,5000000,39458207,108,4.4399,7.175,3331,en,Drama,1,False,False,Released
582014,Promising Young Woman,2020-12-13,2020,10000000,20379604,114,5.8613,7.391,3668,en,"Thriller, Crime, Drama",3,False,False,Released
582186,"Oh, Ramona!",2019-02-14,2019,2800000,1200582,109,2.0016,5.752,422,en,"Comedy, Romance",2,False,False,Released
582206,The Best Is Yet to Come,2019-12-04,2019,13000000,7201952,117,1.0305,6.8,312,fr,"Comedy, Drama",2,False,False,Released
582873,Martin Eden,2019-09-04,2019,3800000,1681545,129,1.6314,7.006,686,it,"Romance, Drama",2,False,False,Released
583406,Judas and the Black Messiah,2021-02-12,2021,26000000,6416063,125,3.4617,7.296,1685,en,"Drama, History",2,False,False,Released
584850,Tanhaji: The Unsung Warrior,2020-01-10,2020,16440000,48375000,135,1.9037,6.4,84,hi,"Action, Drama, History",3,False,False,Released
585083,Hotel Transylvania: Transformania,2022-01-31,2022,75000000,18500000,92,8.2233,7.035,3000,en,"Animation, Comedy, Family, Adventure, Fantasy",5,True,False,Released
585216,Escape Room: Tournament of Champions,2021-07-01,2021,15000000,65774490,88,4.738,6.514,2259,en,"Horror, Thriller, Mystery",3,True,False,Released
585244,I Still Believe,2020-03-12,2020,12000000,16069730,115,3.7267,7.57,1226,en,"Music, Drama, Romance",3,False,False,Released
585245,Clifford the Big Red Dog,2021-11-10,2021,64000000,116586376,96,4.7048,7.153,1809,en,"Family, Adventure, Comedy, Fantasy",4,False,False,Released
585257,Fire,2020-12-24,2020,7000000,12916151,0,1.9866,7.901,182,ru,"Action, Drama",2,False,False,Released
585268,War,2019-10-02,2019,24140000,67540000,152,2.319,6.7,375,hi,"Action, Thriller, Adventure",3,True,False,Released
586101,Music,2021-01-14,2021,16000000,645949,107,1.2931,5.2,158,en,"Music, Drama",2,False,False,Released
586353,The Master and Margarita,2024-01-25,2024,15000000,28013812,157,2.8405,6.748,149,ru,"Fantasy, Drama",2,False,False,Released
586810,Mars Express,2023-11-22,2023,7900000,1455713,89,1.6455,7.462,521,fr,"Animation, Science Fiction, Thriller",3,False,False,Released
586863,Les Misérables,2019-11-14,2019,2500000,54606372,104,2.8144,7.567,1598,fr,"Crime, Drama, Thriller",3,False,False,Released
587272,Father There Is Only One,2019-08-02,2019,3400000,15894372,96,1.3689,7.66,767,es,"Comedy, Family",2,True,False,Released
587412,K.G.F: Chapter 2,2022-04-14,2022,13000000,90410749,168,3.3774,7.408,201,kn,"Action, Thriller, Adventure, Crime",4,True,False,Released
587496,The Rental,2020-07-23,2020,3500000,4311042,88,4.3329,5.55,981,en,"Horror, Thriller",2,False,False,Released
587563,Kensuke's Kingdom,2024-02-07,2024,11000000,2919215,84,1.8145,7.2,49,en,"Animation, Adventure, Drama, Family",4,False,False,Released
587668,The Gravedigger's Wife,2021-11-12,2021,1300000,36006,83,0.7854,6.7,30,fi,Drama,1,False,False,Released
587792,Palm Springs,2020-07-10,2020,5000000,1818417,90,5.722,7.337,3644,en,"Comedy, Romance, Science Fiction",3,False,False,Released
587807,Tom & Jerry,2021-02-10,2021,50000000,136536687,101,7.0196,6.731,2567,en,"Comedy, Family, Animation",3,False,False,Released
588228,The Tomorrow War,2021-09-03,2021,200000000,14400000,138,14.1319,7.468,4057,en,"Action, Science Fiction, Adventure",3,False,False,Released
588459,Turkish Ice Cream,2019-03-15,2019,3000000,1289283,120,0.3174,5.9,42,tr,"History, Drama, War",3,False,False,Released
588648,Dragonkeeper,2024-04-11,2024,25600000,6206231,99,4.3739,7.637,215,es,"Animation, Family, Action, Adventure, Fantasy",5,False,False,Released
588921,Ainbo: Spirit of the Amazon,2021-02-09,2021,10000000,10237061,84,2.8464,7.0,465,en,"Adventure, Animation, Family, Fantasy",4,False,False,Released
589018,Savages,2024-10-16,2024,12300000,814204,87,1.2817,6.9,37,fr,"Animation, Adventure, Family, Drama",4,False,False,Released
589049,The Photograph,2020-02-14,2020,16000000,20690779,106,1.9294,6.3,215,en,"Drama, Romance",2,False,False,Released
589754,The Last Warrior: Root of Evil,2020-12-24,2020,8400000,27658331,120,2.8311,6.7,205,ru,"Fantasy, Adventure, Comedy",3,True,False,Released
589759,The Nutcracker and the Magic Flute,2022-11-03,2022,3800000,3562423,88,1.0453,6.2,47,ru,"Animation, Family, Fantasy",3,False,False,Released
589761,Chernobyl: Abyss,2021-04-15,2021,9100000,6459306,136,7.7352,6.24,562,ru,"Drama, History, Action",3,False,False,Released
590223,Love and Monsters,2020-10-16,2020,30000000,1122066,109,5.5214,7.268,4418,en,"Adventure, Comedy, Fantasy, Science Fiction",4,False,False,Released
590706,Jiu Jitsu,2020-11-20,2020,23000000,99924,102,2.0518,4.8,651,en,"Action, Science Fiction, Fantasy",3,False,False,Released
590995,The Craft: Legacy,2020-10-28,2020,18000000,2300000,94,5.2259,6.094,892,en,"Horror, Drama, Fantasy",3,True,False,Released
591101,Mardaani 2,2019-12-12,2019,2800000,8700000,103,0.8118,7.0,75,hi,"Action, Crime, Thriller",3,True,False,Released
591120,The Pirates: The Last Royal Treasure,2022-01-26,2022,19597380,10247262,126,3.4707,6.5,225,ko,"Action, Adventure, Comedy, Fantasy",4,True,False,Released
592279,Kalashnikov AK-47,2020-02-20,2020,3500000,1593464,105,3.3027,7.4,356,ru,"War, History, Drama",3,False,False,Released
592336,Don't Stop Me Now,2019-04-18,2019,8000000,5000000,102,0.5856,6.3,389,it,Comedy,1,False,False,Released
592508,Sooryavanshi,2021-11-05,2021,13000000,35000000,145,1.7655,5.773,174,hi,"Action, Crime, Thriller",3,False,False,Released
592695,Pleasure,2021-10-08,2021,1800000,393824,108,5.9792,6.276,781,sv,Drama,1,False,False,Released
592739,"Cetto c'è, senzadubbiamente",2019-11-21,2019,5000000,5556301,93,0.4722,5.3,257,it,Comedy,1,True,False,Released
592831,Megalopolis,2024-09-25,2024,120000000,14387154,138,4.5516,5.189,983,en,"Science Fiction, Drama, Fantasy",3,False,False,Released
592834,My Spy,2020-01-09,2020,18000000,10200000,99,4.3302,6.865,1373,en,"Family, Action, Comedy",3,True,False,Released
592863,Respect,2021-08-12,2021,55000000,31217372,145,2.9264,6.785,458,en,"Drama, Music, History",3,False,False,Released
593395,Diabolik,2021-12-16,2021,11000000,3189418,133,2.0427,6.084,622,it,"Crime, Mystery",2,True,False,Released
593402,Tolo Tolo,2020-01-01,2020,20000000,52186426,94,0.9968,6.106,1306,it,"Comedy, Drama, Family",3,False,False,Released
593643,The Menu,2022-11-17,2022,35000000,79628200,107,9.7276,7.2,6092,en,"Comedy, Horror",2,False,False,Released
593680,Step Up: Year of the Dance,2019-06-26,2019,17000000,388518,100,1.6004,6.1,80,zh,"Music, Drama",2,False,False,Released
593693,Palau the Movie,2019-04-04,2019,2000000,134696,120,0.3806,7.7,20,es,Drama,1,False,False,Released
594669,Baaghi 3,2020-03-06,2020,7952450,18473570,144,1.1637,6.3,125,hi,"Action, Adventure, Thriller",3,True,False,Released
594718,Sputnik,2020-07-24,2020,2600000,354023,113,2.9755,6.534,969,ru,"Science Fiction, Drama, Horror",3,False,False,Released
594767,Shazam! Fury of the Gods,2023-03-15,2023,110000000,134221819,130,8.3847,6.422,3610,en,"Comedy, Action, Fantasy",3,True,False,Released
595975,La Belle Époque,2019-11-06,2019,11000000,13935410,115,2.7178,7.366,1065,fr,"Comedy, Drama",2,False,False,Released
596161,Let Him Go,2020-11-05,2020,21000000,7997460,114,4.2631,6.832,791,en,"Thriller, Crime, Western",3,False,False,Released
596650,Chhichhore,2019-09-05,2019,6825000,29353057,146,1.073,7.682,170,hi,"Romance, Comedy, Drama",3,False,False,Released
597208,Nightmare Alley,2021-12-02,2021,60000000,39629195,151,5.8836,6.954,3331,en,"Crime, Drama, Thriller",3,False,False,Released
597840,Pinocchio: A True Story,2021-12-23,2021,6100000,822000,94,0.7611,2.9,30,ru,"Animation, Fantasy, Family",3,False,False,Released
597890,Voyagers,2021-04-08,2021,20000000,4298184,108,5.0285,5.972,963,en,"Science Fiction, Thriller",2,False,False,Released
598014,The Last Warrior: Emissary of Darkness,2021-12-23,2021,7000000,29694624,108,2.2917,6.9,64,ru,"Fantasy, Adventure, Comedy",3,True,False,Released
599975,Countdown,2019-10-24,2019,6500000,48021766,90,5.964,6.209,2290,en,"Horror, Thriller",2,False,False,Released
600354,The Father,2020-12-23,2020,6000000,21029340,97,6.627,8.096,3599,en,Drama,1,False,False,Released
601165,Legacy of Lies,2020-07-28,2020,4500000,94583,101,1.4814,5.518,254,en,"Thriller, Action",2,False,False,Released
601297,My Cousin,2020-09-30,2020,10854516,2982559,107,1.2733,5.463,107,fr,Comedy,1,False,False,Released
601337,83,2021-12-23,2021,36786988,25452983,160,1.8044,7.195,64,hi,"Drama, History",2,False,False,Released
601635,Laal Singh Chaddha,2022-08-11,2022,23000000,16000000,164,1.6473,6.333,91,hi,"Drama, Romance, Comedy",3,False,False,Released
601796,Alienoid,2022-07-20,2022,24500000,12109608,142,6.2605,6.775,515,ko,"Science Fiction, Action, Fantasy, Adventure",4,True,False,Released
601844,Becky,2020-07-23,2020,5000000,1045873,93,2.9716,6.318,696,en,"Thriller, Horror, Action",3,True,False,Released
602211,Fatman,2020-10-19,2020,20000000,1651413,100,2.0275,5.593,956,en,"Action, Fantasy, Comedy",3,False,False,Released
602223,The Forever Purge,2021-06-30,2021,18000000,76994245,103,6.302,6.881,2659,en,"Action, Horror, Thriller",3,True,False,Released
602269,The Little Things,2021-01-28,2021,30000000,29942746,128,5.5564,6.344,2799,en,"Drama, Crime, Thriller",3,False,False,Released
602463,Hostage: Missing Celebrity,2021-08-18,2021,6144000,13000000,94,2.3535,6.8,40,ko,Action,1,False,False,Released
602468,Il grande salto,2019-06-13,2019,450000,343500,94,0.2809,5.1,84,it,Comedy,1,False,False,Released
602545,Into the Labyrinth,2019-10-30,2019,4000000,2514679,130,0.9392,6.4,526,it,"Thriller, Mystery",2,False,False,Released
602666,Detective Chinatown 3,2021-02-12,2021,117000000,686257563,136,3.5924,5.6,113,zh,"Action, Comedy, Mystery",3,True,False,Released
602734,Spiral: From the Book of Saw,2021-05-12,2021,20000000,40618920,93,7.2694,5.902,2260,en,"Horror, Mystery",2,True,False,Released
603206,Dream Horse,2021-05-21,2021,20000000,6435260,113,2.1275,7.0,136,en,"Comedy, Drama",2,False,False,Released
603692,John Wick: Chapter 4,2023-03-21,2023,100000000,447316405,170,17.6732,7.706,7842,en,"Action, Thriller, Crime",3,True,False,Released
604563,OSS 117: From Africa with Love,2021-08-04,2021,20400000,13457801,117,1.4539,5.649,858,fr,"Comedy, Adventure, Action",3,True,False,Released
605278,Golden Men,2019-11-07,2019,929868,929868,100,0.5953,6.3,223,it,"Crime, Drama",2,False,False,Released
605804,The Wretched,2019-12-15,2019,66000,4369493,95,3.6099,6.056,678,en,"Horror, Mystery, Thriller",3,False,False,Released
606149,Captain Sabertooth and the Magical Diamond,2020-02-13,2020,4500000,3404229,81,1.4292,7.2,48,no,"Animation, Family",2,True,False,Released
606943,Ittymaani: Made In China,2019-09-06,2019,1300000,4400000,158,0.7562,4.2,16,ml,"Comedy, Drama",2,False,False,Released
606952,The Goddess of Fortune,2019-12-19,2019,4000000,8277796,114,3.2854,7.1,521,it,Drama,1,False,False,Released
607145,Rocketry: The Nambi Effect,2022-07-01,2022,7900000,3900000,154,0.7449,7.603,58,ta,"Drama, History",2,False,False,Released
607313,Sarileru Neekevvaru,2020-01-10,2020,11000000,46892742,169,1.0952,5.984,63,te,Action,1,False,False,Released
607346,Sono solo fantasmi,2019-11-14,2019,1143043,1554631,94,0.4602,5.2,124,it,"Comedy, Horror",2,False,False,Released
607430,Nine Days,2021-07-15,2021,10000000,969204,124,2.3477,6.812,282,en,"Drama, Fantasy",2,False,False,Released
608980,Three Floors,2021-09-23,2021,8232858,3680596,119,0.9587,6.3,319,it,Drama,1,False,False,Released
609031,My Thoughts Are Silent,2020-01-02,2020,344000,351500,104,0.3606,7.6,73,uk,"Comedy, Drama",2,True,False,Released
609108,iSmart Shankar,2019-07-18,2019,2100000,9600000,141,0.8519,5.1,19,te,"Action, Science Fiction, Thriller",3,True,False,Released
609681,The Marvels,2023-11-08,2023,274800000,206136825,105,9.3789,5.939,3319,en,"Science Fiction, Adventure, Action",3,True,False,Released
609844,The Earth of Mankind,2019-08-15,2019,1843114,3237737,181,0.5942,7.1,13,id,"Drama, History",2,False,False,Released
610219,The Fire Inside,2024-12-25,2024,12000000,8104331,109,1.8675,7.3,68,en,"Drama, History",2,False,False,Released
610253,Halloween Kills,2021-10-14,2021,20000000,133423964,105,6.3035,6.416,2885,en,"Horror, Thriller",2,True,False,Released
611408,Do You Do You Saint-Tropez,2021-07-14,2021,16438275,1453459,89,1.162,5.0,203,fr,"Comedy, Crime",2,False,False,Released
611594,Mission Mangal,2019-08-15,2019,4571000,41512000,133,1.1704,6.692,78,hi,"Drama, History",2,False,False,Released
611748,Housefull 4,2019-10-25,2019,18000000,35000000,142,0.975,5.6,101,hi,"Comedy, Drama, Romance",3,True,False,Released
611763,Promise of Pisa,2019-10-10,2019,220000,297388,105,0.4272,5.1,15,nl,Drama,1,False,False,Released
611854,Below the Surface,2022-10-14,2022,3100000,196401,104,0.3752,4.0,13,pl,"War, Drama, History",3,False,False,Released
612571,Every Time I Die,2020-10-21,2020,1000000,27913,98,0.7313,5.2,27,en,Thriller,1,False,False,Released
613090,"Live Twice, Love Once",2019-09-06,2019,1450000,368430,101,1.2009,7.443,353,es,"Comedy, Drama",2,False,False,Released
613349,A Good Doctor,2019-12-11,2019,6837995,6294941,90,1.0603,6.542,332,fr,Comedy,1,False,False,Released
613377,30 Days Max,2020-10-14,2020,13000000,11020901,87,2.9858,5.53,404,fr,"Comedy, Action",2,True,False,Released
613504,After We Collided,2020-09-02,2020,14000000,47990414,105,6.3823,7.156,5452,en,"Drama, Romance",2,True,False,Released
613538,Beshoot,2019-08-29,2019,1100000,162640,120,0.6025,7.2,13,uk,"War, Action, Drama",3,False,False,Released
613674,F.C. De Kampioenen 4: Viva Boma!,2019-12-18,2019,3748416,4591809,107,0.2911,7.4,12,nl,Comedy,1,True,False,Released
613853,Venky Mama,2019-12-13,2019,3500000,10000000,149,0.866,4.2,13,te,"Family, Comedy, Drama, Action",4,False,False,Released
614479,Insidious: The Red Door,2023-07-05,2023,16000000,189086877,107,7.2687,6.511,1939,en,"Horror, Thriller",2,True,False,Released
614560,Mank,2020-11-13,2020,25000000,122252,132,4.0469,6.672,1772,en,"Drama, History",2,False,False,Released
614696,#Alive,2020-06-24,2020,6300000,13416285,98,5.7275,7.21,2022,ko,"Action, Horror, Science Fiction",3,False,False,Released
614917,King Richard,2021-11-18,2021,50000000,39400000,144,5.4983,7.6,2827,en,"Drama, History",2,False,False,Released
614930,Teenage Mutant Ninja Turtles: Mutant Mayhem,2023-07-31,2023,75000000,180513586,100,7.3109,7.216,1568,en,"Animation, Comedy, Action, Science Fiction",4,True,False,Released
614934,Elvis,2022-06-22,2022,85000000,288670284,159,8.6757,7.46,3848,en,"Music, History, Drama",3,False,False,Released
614939,Bros,2022-09-30,2022,22000000,14781779,115,3.6126,6.67,563,en,"Comedy, Romance",2,False,False,Released
615115,The Secrets We Keep,2020-09-16,2020,7200000,615233,97,2.0901,5.952,273,en,"Thriller, History, Drama",3,False,False,Released
615137,The 9th Precinct,2019-08-29,2019,1413543,1862261,94,1.7238,5.587,23,zh,"Fantasy, Thriller, Crime",3,False,False,Released
615453,Ne Zha,2019-07-26,2019,22000000,742718496,110,11.3633,7.892,841,zh,"Animation, Fantasy, Adventure",3,True,False,Released
615457,Nobody,2021-03-18,2021,16000000,57512470,91,14.5772,7.88,8240,en,"Action, Thriller",2,True,False,Released
615643,Minari,2021-02-12,2021,2000000,12900000,115,4.2906,7.329,1834,en,Drama,1,False,False,Released
615656,Meg 2: The Trench,2023-08-02,2023,129000000,398500317,116,12.4802,6.378,3925,en,"Action, Science Fiction, Horror",3,True,False,Released
615777,Babylon,2022-12-22,2022,78000000,65267446,189,12.1999,7.36,3734,en,"Drama, Comedy",2,False,False,Released
615904,Marry Me,2022-02-09,2022,23000000,44000000,112,3.3863,6.624,1091,en,"Romance, Comedy, Music",3,False,False,Released
615952,Armageddon Time,2022-10-28,2022,15000000,6524886,114,1.882,6.4,491,en,Drama,1,False,False,Released
616037,Thor: Love and Thunder,2022-07-06,2022,250000000,760928081,119,12.9804,6.371,8497,en,"Fantasy, Action, Comedy",3,True,False,Released
616180,Jim Button and the Wild 13,2020-10-01,2020,20000000,6700000,110,1.1925,5.845,58,de,"Adventure, Family, Fantasy",3,True,False,Released
616584,K-12,2019-09-05,2019,6000000,359377,92,1.7935,7.748,286,en,"Fantasy, Horror",2,False,False,Released
616651,Stillwater,2021-07-29,2021,20000000,19754272,139,3.8918,6.634,1403,en,"Drama, Crime, Thriller",3,False,False,Released
616747,Haunted Mansion,2023-07-26,2023,157800000,117449790,123,5.0414,6.429,1222,en,"Comedy, Drama, Fantasy",3,False,False,Released
616820,Halloween Ends,2022-10-12,2022,33000000,105400796,111,5.7065,6.03,1997,en,"Horror, Thriller",2,True,False,Released
617653,The Last Duel,2021-10-13,2021,100000000,30552111,153,5.7174,7.41,3817,en,"History, Drama, Action, Thriller",4,False,False,Released
618326,Sisters in Arms,2019-10-09,2019,5600000,540482,112,1.2486,7.1,148,fr,"Action, War, Adventure",3,False,False,Released
618588,Arthur the King,2024-02-22,2024,19000000,40829138,107,6.0486,7.548,921,en,"Adventure, Drama",2,False,False,Released
619264,The Platform,2019-11-08,2019,1203235,1090116,95,5.5129,6.969,7762,es,"Drama, Science Fiction, Thriller",3,True,False,Released
619592,Force of Nature,2020-07-02,2020,15000000,638221,91,2.1442,5.165,555,en,"Action, Adventure, Crime, Thriller",4,False,False,Released
619730,Don't Worry Darling,2022-09-21,2022,35000000,86700000,123,5.5014,6.771,2912,en,"Science Fiction, Mystery, Thriller",3,False,False,Released
619778,Malignant,2021-09-01,2021,40000000,34891791,111,6.6235,6.749,2590,en,"Horror, Mystery",2,False,False,Released
619803,The Roundup 2,2022-05-18,2022,7600000,101166707,106,6.4734,7.334,418,ko,"Action, Crime, Thriller, Adventure",4,True,False,Released
619918,Ella Bella Bingo,2020-01-24,2020,6000000,1339784,75,0.8057,6.6,63,no,"Animation, Family",2,False,False,Released
620683,My Mom Is a Character 3,2019-12-26,2019,2000000,39273021,111,1.0474,8.2,493,pt,Comedy,1,True,False,Released
620725,Jexi,2019-10-10,2019,5000000,9341824,84,2.9722,6.756,1275,en,Comedy,1,False,False,Released
621191,Blue Story,2019-11-22,2019,1600000,5750000,91,3.3992,7.275,238,en,"Crime, Drama, Romance",3,False,False,Released
621587,Next Goal Wins,2023-11-16,2023,14000000,18062279,104,2.528,6.417,569,en,"Comedy, Drama",2,False,False,Released
622792,Kanguva,2024-11-14,2024,37647000,11882000,154,0.8351,3.621,29,ta,"Action, Thriller, Fantasy",3,False,False,Released
623135,Sinkhole,2021-08-11,2021,11400000,17970000,113,4.3958,6.885,161,ko,"Comedy, Drama",2,False,False,Released
623511,The Burning Sea,2021-10-29,2021,8300000,2836382,104,4.3534,6.556,293,no,"Action, Thriller, Drama",3,False,False,Released
624091,Sri Asih,2022-11-17,2022,1242172,4577403,134,1.3115,6.494,156,id,"Action, Adventure, Science Fiction",3,False,False,Released
624385,Ascendant,2021-04-08,2021,20000000,318989,101,0.7523,4.559,17,en,"Mystery, Science Fiction, Thriller",3,False,False,Released
624484,The Predators,2020-10-22,2020,1800000,230051,109,0.4572,6.7,209,it,"Drama, Comedy",2,False,False,Released
624779,VFW,2019-09-21,2019,1000000,23101,92,2.299,5.9,263,en,"Action, Crime, Horror, Thriller",4,False,False,Released
624860,The Matrix Resurrections,2021-12-16,2021,190000000,156497322,148,13.3675,6.333,6411,en,"Science Fiction, Action, Adventure",3,True,False,Released
625568,Unhinged,2020-07-16,2020,33000000,39238300,90,6.643,6.433,2499,en,"Action, Thriller, Horror",3,False,False,Released
626735,Dog,2022-02-17,2022,20000000,84774243,101,4.6239,7.291,1749,en,"Drama, Comedy",2,False,False,Released
626872,Emergency Declaration,2022-08-03,2022,18052672,19200000,140,4.8793,7.463,427,ko,"Action, Drama, Thriller",3,False,False,Released
627290,Antebellum,2020-09-02,2020,15000000,7060384,106,1.8674,6.257,985,en,Horror,1,False,False,Released
628012,Thi Baan x BNK48,2020-01-23,2020,225413,640744,130,0.5459,6.115,13,th,"Comedy, Drama",2,True,False,Released
628241,Ala Vaikunthapurramuloo,2020-01-12,2020,11450000,34000000,165,2.0453,6.588,108,te,"Action, Comedy, Drama, Family",4,False,False,Released
629017,Run Hide Fight,2021-06-17,2021,2000000,34561,109,3.513,6.6,351,en,"Action, Crime, Thriller",3,False,False,Released
629078,The Glassworker,2024-07-26,2024,116000,108000,98,1.2901,6.962,39,ur,"Animation, Family, Romance, War",4,False,False,Released
629176,Samaritan,2022-08-25,2022,100000000,75000000,102,6.1633,6.65,2176,en,"Science Fiction, Crime, Action",3,True,False,Released
629542,The Bad Guys,2022-03-17,2022,80000000,250162278,100,10.2125,7.5,2521,en,"Action, Animation, Comedy, Crime, Family",5,True,False,Released
630004,The Vault,2021-03-04,2021,15000000,8804000,114,4.1181,6.804,1060,en,"Drama, Action, Thriller",3,False,False,Released
630220,18 Presents,2020-01-02,2020,2500000,3486375,110,1.1481,7.398,710,it,"Drama, Family",2,False,False,Released
630240,Titane,2021-07-14,2021,6600000,4982335,108,3.2975,6.338,1659,fr,"Drama, Thriller, Horror",3,False,False,Released
631842,Knock at the Cabin,2023-02-01,2023,20000000,54700000,100,6.2913,6.247,3057,en,"Horror, Mystery, Thriller",3,False,False,Released
631843,Old,2021-07-21,2021,18000000,90146510,108,7.15,6.323,4839,en,"Thriller, Mystery, Horror",3,False,False,Released
632322,All My Life,2020-10-23,2020,25000000,2000000,93,2.5056,7.8,513,en,"Romance, Drama",2,False,False,Released
632357,The Unholy,2021-03-31,2021,10000000,30832137,99,3.866,6.555,2245,en,"Horror, Mystery",2,False,False,Released
632617,C'mon C'mon,2021-11-19,2021,8300000,4300000,109,2.3538,7.2,759,en,Drama,1,False,False,Released
633821,Fight Like Angels,2019-09-30,2019,509000,566764,107,0.2186,6.0,29,it,"Drama, History",2,False,False,Released
634429,Shin Ultraman,2022-05-13,2022,5500000,34441594,112,5.4053,7.4,232,ja,"Action, Science Fiction",2,False,False,Released
634492,Madame Web,2024-02-14,2024,80000000,100498764,117,8.3551,5.298,2539,en,"Action, Fantasy",2,False,False,Released
634528,The Marksman,2021-01-15,2021,23000000,23076711,108,6.2321,6.788,1727,en,"Action, Drama, Thriller",3,False,False,Released
634649,Spider-Man: No Way Home,2021-12-15,2021,200000000,1921847111,148,66.5808,7.933,21834,en,"Action, Adventure, Science Fiction",3,True,False,Released
635302,Demon Slayer -Kimetsu no Yaiba- The Movie: Mugen Train,2020-10-16,2020,15700000,523542183,117,11.5442,8.199,4455,ja,"Animation, Action, Fantasy",3,True,False,Released
635731,Pig,2021-07-16,2021,3000000,4638959,92,3.5692,6.631,1705,en,"Drama, Thriller, Mystery",3,False,False,Released
635891,Clerks III,2022-09-04,2022,7000000,4737955,100,2.4852,6.042,310,en,"Comedy, Drama",2,True,False,Released
635910,The Last Voyage of the Demeter,2023-08-09,2023,45000000,21600000,119,4.7058,6.751,1909,en,"Horror, Fantasy",2,False,False,Released
636322,FOMO: Fear of Missing Out,2019-10-10,2019,208000,78254,0,0.1146,6.958,12,hu,Drama,1,False,False,Released
637053,Shithouse,2020-10-16,2020,80000,18370,102,1.8464,6.9,191,en,"Comedy, Drama, Romance",3,False,False,Released
637202,Fate/Grand Order the Movie: Divine Realm of the Round Table: Camelot 1 Wandering; Agateram,2020-12-05,2020,2000000,3607899,90,1.9941,7.103,73,ja,"Animation, Action, Adventure, History, Drama, Fantasy",6,True,False,Released
637649,Wrath of Man,2021-04-22,2021,40000000,103966489,119,17.3291,7.579,6031,en,"Thriller, Crime, Drama",3,False,False,Released
637693,Spirit Untamed,2021-05-20,2021,30000000,42717215,88,3.3308,7.279,553,en,"Animation, Adventure, Family, Western",4,True,False,Released
638965,Mandibles,2021-05-19,2021,4900000,2044087,77,1.3836,6.31,606,fr,"Comedy, Fantasy",2,False,False,Released
638985,KKN: Curse of the Dancing Village,2022-04-30,2022,1100000,21608747,130,0.7202,5.7,33,id,"Horror, Mystery, Thriller",3,True,False,Released
639720,IF,2024-05-08,2024,110000000,190309707,104,10.4914,6.965,1583,en,"Comedy, Fantasy, Family",3,False,False,Released
639933,The Northman,2022-04-07,2022,70000000,69633110,137,9.7092,7.031,4984,en,"Action, Adventure, Fantasy",3,False,False,Released
639999,Ejen Ali: The Movie,2019-11-28,2019,1570000,7324768,97,0.3779,8.3,24,ms,"Animation, Action, Adventure, Family, Science Fiction",5,True,False,Released
640146,Ant-Man and the Wasp: Quantumania,2023-02-15,2023,200000000,476071180,125,10.2429,6.229,5766,en,"Action, Adventure, Science Fiction",3,True,False,Released
640344,Me Against You: Mr. S's Vendetta,2020-01-17,2020,75000,9500000,64,0.7447,8.1,471,it,"Family, Fantasy",2,True,False,Released
640484,Valimai,2022-02-24,2022,19200000,20900000,179,0.6874,5.5,33,ta,"Action, Crime, Thriller",3,False,False,Released
642657,Milea,2020-02-13,2020,4000000,6782253,99,0.5791,6.2,29,id,"Drama, Romance",2,True,False,Released
642684,Operation Portugal,2021-06-23,2021,1400000,3795575,95,0.6241,4.958,106,fr,Comedy,1,True,False,Released
643215,Asterix & Obelix: The Middle Kingdom,2023-02-01,2023,72000000,46497678,111,5.4047,4.82,1162,fr,"Family, Comedy, Adventure, Fantasy",4,True,False,Released
643586,Willy's Wonderland,2021-02-12,2021,5000000,431020,89,5.1234,6.0,1123,en,"Horror, Thriller",2,False,False,Released
644083,Twist,2021-01-22,2021,2000000,510466,92,3.114,5.8,192,en,"Crime, Drama, Action",3,False,False,Released
644124,Dampyr,2022-10-28,2022,15000000,362113,109,1.5827,6.2,176,it,"Horror, Fantasy, Action",3,False,False,Released
644495,House of Gucci,2021-11-24,2021,75000000,153235995,158,4.1854,6.6,3414,en,"Drama, Crime, History",3,False,False,Released
644712,Street Dancer 3D,2020-01-24,2020,9204790,12589965,146,0.9871,6.6,45,hi,Drama,1,True,False,Released
646207,The Ice Road,2021-06-24,2021,40000000,7502846,108,5.8778,6.759,1898,en,"Action, Thriller",2,True,False,Released
646380,Don't Look Up,2021-12-08,2021,75000000,791863,138,15.144,7.064,9258,en,"Comedy, Science Fiction, Drama",3,False,False,Released
646385,Scream,2022-01-12,2022,24000000,138874789,114,14.2061,6.687,3831,en,"Horror, Mystery",2,True,False,Released
646389,Plane,2023-01-11,2023,25000000,74515586,107,8.5189,6.897,2633,en,"Action, Adventure, Thriller",3,False,False,Released
646683,The Exorcism,2024-05-30,2024,22000000,12610418,96,3.5959,5.045,419,en,"Horror, Thriller",2,False,False,Released
647245,Reagan,2024-08-29,2024,25000000,30107173,141,4.3296,6.277,110,en,"History, Drama",2,False,False,Released
647745,The Morning After,2020-08-19,2020,4327440,2513010,97,1.0801,5.6,92,fr,Comedy,1,False,False,Released
648579,The Unbearable Weight of Massive Talent,2022-04-20,2022,30000000,29116320,107,4.3418,6.781,2443,en,"Action, Comedy, Crime",3,False,False,Released
649609,Renfield,2023-04-07,2023,65000000,26874347,93,4.6113,6.449,2104,en,"Comedy, Fantasy, Horror",3,False,False,Released
650415,Black Raven,2019-12-05,2019,826500,146000,110,0.2019,7.0,15,uk,"Drama, History, War",3,False,False,Released
651881,Bye Bye Morons,2020-10-21,2020,9700000,16955173,87,1.4497,7.179,949,fr,"Comedy, Drama",2,False,False,Released
652004,The Wolf of Snow Hollow,2020-10-23,2020,2000000,239828,85,2.5111,6.061,497,en,"Horror, Thriller",2,False,False,Released
653346,Kingdom of the Planet of the Apes,2024-05-08,2024,160000000,397378150,145,11.3367,7.055,4204,en,"Science Fiction, Adventure, Action",3,True,False,Released
653851,Devotion,2022-11-23,2022,90000000,20000000,139,3.6963,7.066,814,en,"War, Drama, Action",3,False,False,Released
655082,Eiffel,2021-10-07,2021,26000000,13000000,108,1.9079,6.248,723,fr,"Romance, Drama",2,False,False,Released
656663,Jackass Forever,2022-02-01,2022,10000000,80563999,96,3.1197,6.789,901,en,"Action, Comedy, Documentary",3,True,False,Released
656858,Driving Licence,2019-12-20,2019,704334,3803406,135,0.6794,6.6,41,ml,"Drama, Thriller, Comedy",3,False,False,Released
658397,Apparition,2019-12-18,2019,1000000,175038,83,0.8191,4.9,30,en,Horror,1,False,False,Released
659153,5Gang: A Different Kind of Christmas,2019-12-27,2019,1500000,1489573,96,0.1549,7.9,111,ro,"Action, Comedy",2,False,False,Released
659731,Varane Avashyamund,2020-02-07,2020,587640,4139731,145,0.7956,6.7,37,ml,"Comedy, Family, Romance",3,False,False,Released
659764,Love Likes Coincidences 2,2020-01-31,2020,2100000,1200000,120,0.4971,6.9,10,tr,"Romance, Drama",2,True,False,Released
659940,The Marco Effect,2021-05-27,2021,8000000,39300,125,1.8968,5.8,126,da,"Thriller, Crime",2,True,False,Released
659959,Summer of 85,2020-07-14,2020,6900000,3600000,101,2.7448,7.401,898,fr,"Romance, Drama",2,False,False,Released
659988,Madeleine Collins,2021-07-21,2021,3800000,1549405,102,0.7766,6.0,164,fr,"Drama, Thriller",2,False,False,Released
659991,Made in Italy,2020-07-09,2020,101339,2915266,94,1.7448,5.985,294,en,"Comedy, Drama",2,False,False,Released
660000,Lost Illusions,2021-10-20,2021,20800000,8600000,149,1.7875,7.393,551,fr,"Drama, Romance, History",3,False,False,Released
660046,Ponniyin Selvan: Part I,2022-09-30,2022,29500000,59000000,167,1.9154,7.081,93,ta,"Action, Adventure, History",3,True,False,Released
660120,The Worst Person in the World,2021-10-13,2021,5000000,12687507,128,4.5727,7.442,1806,no,"Drama, Romance, Comedy",3,False,False,Released
660360,Noryang: Deadly Sea,2023-12-20,2023,40000000,34210966,153,3.5798,6.362,159,ko,"War, Action, History, Drama",4,True,False,Released
660942,The Innocents,2021-09-03,2021,3400000,322000,117,2.3697,6.891,709,no,"Horror, Drama, Fantasy",3,False,False,Released
661043,Malang,2020-02-06,2020,7907534,11136444,135,1.005,7.0,64,hi,"Romance, Action, Adventure, Crime, Thriller",5,False,False,Released
661374,Glass Onion: A Knives Out Mystery,2022-11-23,2022,40000000,15000000,140,8.1324,7.0,6736,en,"Comedy, Crime, Mystery",3,True,False,Released
661539,A Complete Unknown,2024-12-25,2024,65000000,138003641,141,6.9656,7.083,1410,en,"Drama, Music",2,False,False,Released
661791,The Grandmother,2022-01-28,2022,3749231,1817696,101,1.8452,5.889,482,es,"Drama, Horror",2,False,False,Released
662716,"Infernal Guidon, or Cossack Christmas",2020-01-01,2020,1340000,342857,102,0.4956,6.2,16,uk,"Adventure, Fantasy, Comedy, Family",4,False,False,Released
662745,Monica and Friends: Lessons,2021-12-30,2021,1900000,2100000,97,0.5453,8.2,96,pt,"Family, Comedy, Drama, Adventure",4,True,False,Released
663260,Black Box,2021-09-08,2021,10722240,9738741,130,3.4689,7.326,1428,fr,"Mystery, Thriller, Drama",3,False,False,Released
663712,Terrifier 2,2022-10-06,2022,250000,15741780,138,7.6585,6.671,2466,en,Horror,1,True,False,Released
663870,Riders of Justice,2020-11-19,2020,5300000,679505,116,2.6397,7.275,1056,da,"Action, Comedy, Drama, Thriller",4,False,False,Released
664300,Shiva Baby,2021-03-26,2021,250000,359247,78,2.7303,7.115,770,en,"Comedy, Drama",2,False,False,Released
664332,Gangubai Kathiawadi,2022-02-24,2022,12000000,25300000,157,1.7973,7.5,186,hi,"Crime, Drama, History",3,False,False,Released
664341,Eileen,2023-12-01,2023,16000000,1560142,98,3.9511,5.829,381,en,"Thriller, Crime",2,False,False,Released
664469,Amsterdam,2022-09-27,2022,80000000,31245810,134,3.4435,6.1,1810,en,"Mystery, Comedy, Drama",3,False,False,Released
664958,Lethal Kittens,2020-01-30,2020,1200000,307143,113,0.2015,7.4,17,uk,"Comedy, War",2,True,False,Released
665488,Divorce Club,2020-07-14,2020,9466480,5127426,108,1.82,5.732,248,fr,Comedy,1,False,False,Released
666277,Past Lives,2023-06-02,2023,12000000,28126646,106,9.045,7.711,2276,en,"Drama, Romance",2,False,False,Released
667062,Legend of Gatotkaca,2022-06-09,2022,1400000,455532,129,0.4003,6.4,11,id,"Action, Adventure, Drama, Fantasy, Science Fiction",5,False,False,Released
667216,Infinity Pool,2023-01-27,2023,4500000,5078400,118,3.7011,6.065,1012,en,"Horror, Science Fiction, Thriller",3,False,False,Released
667538,Transformers: Rise of the Beasts,2023-06-06,2023,195000000,441381193,127,11.8515,7.172,5235,en,"Science Fiction, Adventure, Action",3,False,False,Released
667717,Deep Sea,2023-01-22,2023,28700000,136090000,112,2.2366,6.983,148,zh,"Animation, Adventure, Drama, Fantasy, Mystery",5,False,False,Released
668435,Thappad,2020-02-27,2020,2859129,5306068,144,0.9459,6.971,70,hi,Drama,1,False,False,Released
668482,Roald Dahl's Matilda the Musical,2022-11-25,2022,25000000,37289659,117,3.5532,6.8,810,en,"Family, Comedy, Fantasy",3,False,False,Released
668640,Official Competition,2021-09-04,2021,4100000,4732705,114,1.2512,6.639,442,es,"Comedy, Drama",2,False,False,Released
668742,Father There Is Only One 2,2020-07-29,2020,4000000,14871307,96,1.3461,7.519,573,es,"Comedy, Family",2,True,False,Released
669665,Our Father,2020-09-24,2020,1500000,1173740,120,0.5614,6.61,214,it,Drama,1,False,False,Released
670292,The Creator,2023-09-27,2023,80000000,104272136,134,12.9011,7.005,3770,en,"Science Fiction, Action, Adventure",3,False,False,Released
670428,PG: Psycho Goreman,2020-10-29,2020,1700000,95384,95,4.1617,6.013,426,en,"Science Fiction, Comedy, Horror",3,False,False,Released
671047,Les Blagues de Toto,2020-08-05,2020,6438600,8859185,84,0.4131,4.879,62,fr,Comedy,1,True,False,Released
672125,Love Mocktail,2020-01-31,2020,266103,665258,153,0.7478,6.556,18,kn,"Romance, Drama",2,False,False,Released
673309,American Underdog,2021-12-25,2021,25000000,26514814,112,3.0933,7.092,414,en,"Drama, Family",2,False,False,Released
673593,Mean Girls,2024-01-10,2024,36000000,104970953,113,6.9065,5.9,712,en,Comedy,1,False,False,Released
674324,The Banshees of Inisherin,2022-10-20,2022,20000000,49300000,114,5.2014,7.463,3318,en,"Drama, Comedy",2,False,False,Released
675353,Sonic the Hedgehog 2,2022-03-30,2022,110000000,405421518,123,12.7681,7.433,5831,en,"Action, Adventure, Family, Comedy",4,True,False,Released
675445,PAW Patrol: The Movie,2021-08-09,2021,26000000,144327371,86,5.7198,7.327,1266,en,"Family, Comedy, Adventure, Animation",4,True,False,Released
676685,Panda Bear in Africa,2024-03-15,2024,10000000,5514627,94,1.7964,7.1,79,nl,"Animation, Adventure, Comedy, Family",4,False,False,Released
676701,Tad and The Emerald Tablet,2022-08-24,2022,11983950,32800000,89,2.7585,7.466,337,es,"Animation, Adventure, Family, Comedy, Fantasy",5,True,False,Released
676710,The Amazing Maurice,2022-12-16,2022,17000000,21110363,93,3.1959,6.675,180,en,"Animation, Adventure, Comedy, Family, Fantasy",5,False,False,Released
676727,The Inventor,2023-09-15,2023,10000000,2037563,92,1.2212,6.5,24,en,"Animation, Drama, Family, History",4,False,False,Released
677179,Creed III,2023-03-01,2023,75000000,275300000,116,8.7459,7.078,2845,en,"Drama, Action",2,True,False,Released
678391,HIT: The First Case,2020-02-27,2020,720000,1300000,126,1.2943,6.578,51,te,"Crime, Thriller, Action",3,True,False,Released
678512,Sound of Freedom,2023-07-03,2023,14500000,250600000,131,7.4735,7.955,2729,en,"Action, Drama",2,False,False,Released
680813,Flee,2021-06-17,2021,3400000,712229,89,1.7554,7.7,389,da,"Documentary, Animation",2,False,False,Released
681887,Cosmic Sin,2021-03-12,2021,20000000,349757,88,3.1251,3.988,579,en,"Science Fiction, Action, Adventure",3,False,False,Released
682507,Where the Crawdads Sing,2022-07-14,2022,24000000,144353965,126,5.2892,7.527,2274,en,"Drama, Mystery, Romance",3,False,False,Released
683311,Castle Falls,2021-12-03,2021,4000000,2643,90,1.7569,6.189,143,en,"Action, Crime, Thriller, Drama",4,False,False,Released
683722,Aalto,2020-09-04,2020,647000,73111,103,0.5624,6.1,24,fi,Documentary,1,False,False,Released
684684,Shortcut,2020-09-25,2020,1400000,769563,80,1.6613,5.286,126,en,"Horror, Adventure, Fantasy",3,False,False,Released
688258,Occupation: Rainfall,2020-10-30,2020,25000000,343414,128,3.4459,6.2,275,en,"Science Fiction, Action",2,True,False,Released
690957,Pushpa: The Rise,2021-12-16,2021,17200000,45800000,179,2.4348,6.785,181,te,"Action, Drama, Thriller",3,True,False,Released
693113,Midnight in the Switchgrass,2021-07-23,2021,15000000,229811,99,3.0254,5.819,477,en,"Crime, Mystery, Thriller, Action",4,False,False,Released
693134,Dune: Part Two,2024-02-27,2024,190000000,714844358,167,21.9411,8.126,7816,en,"Science Fiction, Adventure",2,True,False,Released
693827,Lansky,2021-06-24,2021,5000000,136579,119,2.0066,5.97,165,en,"Crime, Drama, Thriller",3,False,False,Released
694103,Roohi,2021-03-11,2021,4100000,3600000,134,0.9278,4.5,38,hi,"Horror, Comedy",2,False,False,Released
694919,Money Plane,2020-09-29,2020,568443,618,82,2.1053,5.611,292,en,"Action, Crime, Thriller",3,False,False,Released
695721,The Hunger Games: The Ballad of Songbirds & Snakes,2023-11-15,2023,100000000,337371917,157,9.3496,6.986,3464,en,"Science Fiction, Action",2,False,False,Released
695962,Bhool Bhulaiyaa 2,2022-05-20,2022,8400000,32000000,143,1.6536,6.157,89,hi,"Horror, Comedy",2,True,False,Released
696157,Whitney Houston: I Wanna Dance with Somebody,2022-12-20,2022,50000000,59800000,144,4.1993,7.0,516,en,"Music, History, Drama",3,False,False,Released
696826,Il regno,2020-06-26,2020,800000,2880,95,0.3635,5.6,69,it,Comedy,1,False,False,Released
698508,Redeeming Love,2022-01-21,2022,30000000,9464198,134,11.6122,7.84,732,en,"Romance, Drama, Western",3,False,False,Released
698687,Transformers One,2024-09-11,2024,75000000,129408392,104,11.1113,7.967,1588,en,"Animation, Science Fiction, Adventure, Family",4,False,False,Released
700391,65,2023-03-02,2023,45000000,60730568,92,7.6442,5.949,2814,en,"Action, Adventure, Science Fiction",3,False,False,Released
701062,"Sí, Mi Amor",2020-01-23,2020,5000,5000,107,0.1832,6.8,42,es,"Comedy, Family, Romance",3,True,False,Released
702525,Bigfoot Family,2020-07-23,2020,17520000,10855626,97,2.6597,7.081,227,en,"Animation, Adventure, Family",3,True,False,Released
709631,Cobweb,2023-07-19,2023,13000000,10091821,88,9.2773,6.434,1045,en,Horror,1,False,False,Released
712022,Party of Fools,2024-01-24,2024,6000000,703176,122,0.4609,5.7,32,fr,"Drama, History, Thriller",3,False,False,Released
712121,Sweat,2021-03-12,2021,1619835,11546,107,0.8592,6.282,110,pl,"Drama, Thriller",2,False,False,Released
712454,The Summit of the Gods,2021-09-22,2021,9850000,1756552,95,1.8334,7.758,409,fr,"Animation, Adventure, Mystery",3,False,False,Released
713704,Evil Dead Rise,2023-04-12,2023,15000000,147156372,96,14.2725,6.913,3609,en,"Horror, Thriller",2,False,False,Released
714676,Alice,2022-03-18,2022,19500000,373043,100,3.2353,5.613,84,en,"Thriller, Drama",2,False,False,Released
714869,Serial (Bad) Weddings 3,2021-12-21,2021,22000000,27832384,97,2.363,6.28,421,fr,"Romance, Comedy",2,True,False,Released
714888,Argentina 1985,2022-09-29,2022,20000000,58424000,141,1.8474,7.8,735,es,"Drama, History, Crime",3,False,False,Released
716612,Spencer,2021-11-04,2021,18000000,25246967,116,2.6865,6.731,1804,en,Drama,1,False,False,Released
717728,Jeepers Creepers: Reborn,2022-09-15,2022,5000000,6175213,88,3.9566,5.315,1065,en,Horror,1,False,False,Released
717930,Kandahar,2023-05-25,2023,30000000,9400000,119,7.5446,6.764,1219,en,"Action, Thriller, War",3,False,False,Released
718032,Licorice Pizza,2021-11-26,2021,40000000,33276075,133,5.4171,6.956,2620,en,"Drama, Comedy, Romance",3,False,False,Released
718789,Lightyear,2022-06-15,2022,200000000,226425420,105,6.6141,6.879,3758,en,"Animation, Science Fiction, Family, Adventure",4,False,False,Released
718821,Twisters,2024-07-10,2024,155000000,372262265,123,8.5409,6.775,2925,en,"Action, Thriller",2,True,False,Released
718840,A Nice Girl Like You,2020-07-18,2020,6100000,769234,94,2.5949,5.847,382,en,"Comedy, Romance",2,False,False,Released
718930,Bullet Train,2022-08-03,2022,90000000,239268602,126,12.428,7.412,7430,en,"Action, Comedy, Thriller",3,False,False,Released
719221,Tarot,2024-05-01,2024,8000000,49256239,92,5.078,6.36,1378,en,Horror,1,False,False,Released
719256,Jesus Revolution,2023-02-23,2023,15000000,52300000,120,2.3374,6.8,172,en,"Drama, History",2,False,False,Released
720557,Tiger 3,2023-11-12,2023,36320000,56490000,155,1.8483,5.8,60,hi,"Action, Adventure, Thriller",3,True,False,Released
721625,Songbird,2020-12-10,2020,2500000,1000000,85,3.364,6.169,778,en,"Science Fiction, Thriller",2,False,False,Released
722778,The Hand of God,2021-11-24,2021,13049974,167909,130,1.3784,7.533,1769,it,Drama,1,False,False,Released
723072,Host,2020-12-04,2020,100000,443807,56,4.8135,6.48,1087,en,Horror,1,False,False,Released
724495,The Woman King,2022-09-16,2022,50000000,97562514,135,7.1273,7.608,2343,en,"Action, Drama, History, War",4,False,False,Released
724665,"Confess, Fletch",2022-09-16,2022,20000000,500000,99,3.0218,6.227,391,en,"Comedy, Mystery, Crime",3,False,False,Released
725201,The Gray Man,2022-07-13,2022,200000000,454023,128,10.0545,6.903,4178,en,"Action, Thriller",2,False,False,Released
726139,Project Silence,2024-07-11,2024,14750000,6283415,96,4.0681,6.884,391,ko,"Thriller, Action, Horror, Science Fiction, Adventure",5,False,False,Released
726274,Irati,2023-02-24,2023,4300000,1036926,112,1.1235,6.591,110,eu,"Drama, Adventure, Fantasy",3,False,False,Released
726739,Cats & Dogs 3: Paws Unite,2020-09-15,2020,17000000,4200000,84,2.756,6.3,254,en,"Family, Comedy, Action",3,True,False,Released
727002,Preparations to Be Together for an Unknown Period of Time,2020-09-24,2020,1000000,117368,95,0.3949,5.913,52,hu,Drama,1,False,False,Released
727340,Hunt,2022-08-10,2022,17000000,25994,131,5.5306,6.8,212,ko,"Action, Mystery, Drama",3,False,False,Released
728118,"Quo Vadis, Aida?",2021-02-26,2021,4750000,813253,104,1.4282,7.659,472,sr,"War, Drama, History",3,True,False,Released
728949,Nightbitch,2024-12-06,2024,20000000,170737,98,3.1155,5.766,351,en,"Comedy, Horror",2,False,False,Released
730047,Cyrano,2021-12-17,2021,20000000,3000000,122,2.245,6.3,323,en,"Drama, Romance",2,False,False,Released
732698,Guest from the Future,2024-04-18,2024,9700000,17757554,144,1.4235,7.5,48,ru,"Science Fiction, Adventure, Family",3,False,False,Released
733982,It's me against you - The mystery of the spellbound school,2021-08-18,2021,4180000,5606810,63,0.4134,8.0,79,it,"Family, Fantasy",2,True,False,Released
734002,The Peasants,2023-10-13,2023,7475000,10064347,115,3.0577,7.5,161,pl,"Animation, History, Drama",3,False,False,Released
734185,Friend,2018-12-21,2018,1,1,37,0.084,6.7,17,de,"Drama, Mystery, Crime",3,False,False,Released
734253,Adipurush,2023-06-16,2023,63000000,54300000,179,1.9479,4.6,105,hi,"Action, Adventure, Fantasy",3,False,False,Released
735697,Incredible But True,2022-06-15,2022,4340000,2329813,74,0.6938,6.0,427,fr,"Comedy, Fantasy, Mystery",3,False,False,Released
736137,The Forgotten,2019-10-09,2019,625000,1420,105,0.4217,6.3,11,uk,Drama,1,False,False,Released
738652,Copshop,2021-09-09,2021,43500000,6807158,108,3.7634,6.296,899,en,"Thriller, Crime, Action",3,False,False,Released
739405,Operation Fortune: Ruse de Guerre,2023-01-04,2023,50000000,48983306,114,7.4932,6.46,1912,en,"Action, Comedy, Thriller, Adventure",4,False,False,Released
743203,The Flying Ship,2024-03-21,2024,7700000,12886684,100,1.374,5.0,11,ru,"Comedy, Music, Family, Fantasy",4,False,False,Released
743563,Vikram,2022-06-02,2022,15354648,54172014,174,2.8614,7.6,159,ta,"Action, Crime, Thriller",3,True,False,Released
744275,After We Fell,2021-09-01,2021,14000000,21753705,99,38.3316,7.005,2725,en,"Drama, Romance",2,True,False,Released
744276,After Ever Happy,2022-08-24,2022,14000000,19238073,95,5.9658,6.769,1363,en,"Romance, Drama",2,True,False,Released
744594,White Noise,2022-11-25,2022,100000000,71476,136,1.7704,5.583,795,en,"Comedy, Drama",2,False,False,Released
745611,Delicious,2021-09-08,2021,5000000,8356097,112,1.5789,6.9,289,fr,"History, Comedy, Drama",3,False,False,Released
746036,The Fall Guy,2024-04-24,2024,125000000,181073291,127,14.328,6.957,3661,en,"Action, Comedy, Romance",3,False,False,Released
747188,Asteroid City,2023-06-08,2023,25000000,53857743,105,5.7008,6.5,2453,en,"Comedy, Drama",2,False,False,Released
747803,One Way,2022-09-02,2022,5000000,30272,96,1.3657,5.763,139,en,"Action, Crime, Thriller",3,False,False,Released
748618,The Lady of Heaven,2021-12-10,2021,15000000,74441,141,0.9834,6.4,25,en,"History, Drama, Action",3,False,False,Released
748783,The Garfield Movie,2024-04-30,2024,60000000,254907482,101,8.8774,6.994,1423,en,"Family, Comedy, Adventure, Animation",4,True,False,Released
749004,Petite Maman,2021-06-02,2021,3100000,1024575,72,1.3255,7.087,456,fr,"Drama, Fantasy",2,False,False,Released
749026,Vysehrad: Fylm,2022-04-14,2022,1186380,4697273,0,0.1883,6.7,18,cs,Comedy,1,True,False,Released
749274,Cry Macho,2021-09-16,2021,33000000,16510734,104,3.8067,5.9,1117,en,"Drama, Western",2,False,False,Released
751171,Chebi: My Fluffy Friend,2023-01-01,2023,7700000,97000000,113,1.3017,6.6,90,ru,"Comedy, Family",2,True,False,Released
751237,Umma,2022-03-18,2022,3000000,2100000,83,2.3458,5.313,328,en,"Horror, Mystery",2,False,False,Released
751862,School Of Mafia,2021-06-24,2021,2700000,76626,95,0.5466,5.1,39,it,Comedy,1,False,False,Released
752564,Maigret,2022-02-23,2022,7000000,5934907,88,1.3655,5.78,279,fr,"Mystery, Drama",2,False,False,Released
752623,The Lost City,2022-03-23,2022,74000000,192907684,112,8.2779,6.461,3955,en,"Action, Adventure, Comedy",3,False,False,Released
753091,The Moon,2023-08-02,2023,20000000,92718,129,2.9166,6.515,205,ko,"Drama, Adventure, Science Fiction",3,False,False,Released
753336,Origin,2023-12-08,2023,38000000,4474931,141,3.1996,6.4,72,en,Drama,1,False,False,Released
753342,Napoleon,2023-11-22,2023,165000000,222435664,158,7.9272,6.304,3051,en,"History, War, Romance",3,False,False,Released
754067,Vicky and Her Mystery,2021-12-15,2021,6500000,4181043,84,1.2857,7.1,516,fr,"Adventure, Family, Drama",3,False,False,Released
756397,Hitpig!,2024-11-01,2024,45000000,2345398,85,4.4339,6.574,47,en,"Animation, Comedy, Adventure, Family",4,False,False,Released
756999,The Black Phone,2022-06-16,2022,16000000,161441914,103,10.0649,7.528,5775,en,"Horror, Thriller",2,True,False,Released
757341,The Butcher's Daughter,2022-01-19,2022,5000000,1085112,91,0.412,5.2,60,fr,"Romance, Comedy",2,False,False,Released
758323,The Pope's Exorcist,2023-04-05,2023,18000000,76987621,103,6.884,6.908,3115,en,"Horror, Thriller",2,True,False,Released
758336,Love Again,2023-05-04,2023,9000000,10000000,104,4.6987,6.732,472,en,"Romance, Drama, Comedy",3,False,False,Released
758866,Drive My Car,2021-08-18,2021,1300000,15356046,179,4.0217,7.439,1484,ja,Drama,1,False,False,Released
758891,"Hi, Mom",2021-02-12,2021,59000000,822049668,128,2.1004,7.033,168,zh,"Drama, Comedy, Fantasy",3,False,False,Released
760099,Living,2022-11-04,2022,10000000,6999027,102,3.9371,6.97,512,en,Drama,1,False,False,Released
760104,X,2022-03-17,2022,1000000,15113105,106,11.2006,6.719,3911,en,"Horror, Thriller",2,True,False,Released
760161,Orphan: First Kill,2022-07-27,2022,10000000,9572765,99,5.7155,6.603,2288,en,"Horror, Thriller",2,True,False,Released
760926,Gold,2022-01-13,2022,6500000,176048,97,3.651,6.2,650,en,"Action, Adventure, Thriller",3,False,False,Released
761851,His Only Son,2023-03-30,2023,250000,12100000,104,0.6086,7.735,81,en,"Drama, Fantasy",2,False,False,Released
762430,Retribution,2023-08-23,2023,20000000,18685751,91,5.9999,6.536,1348,en,"Thriller, Action, Adventure",3,False,False,Released
762441,A Quiet Place: Day One,2024-06-26,2024,67000000,261907653,100,9.268,6.652,3282,en,"Horror, Science Fiction, Thriller",3,False,False,Released
762504,Nope,2022-07-20,2022,68000000,171932082,130,7.8104,6.82,4822,en,"Horror, Science Fiction",2,False,False,Released
762509,Mufasa: The Lion King,2024-12-18,2024,200000000,722631756,118,16.5448,7.311,2621,en,"Adventure, Family, Animation",3,True,False,Released
763215,Damsel,2024-03-07,2024,60000000,5000,107,7.5369,6.983,2750,en,"Fantasy, Action, Adventure",3,False,False,Released
763285,Ambulance,2022-03-16,2022,40000000,52303589,136,7.1825,6.616,2417,en,"Thriller, Action, Crime, Drama",4,False,False,Released
763329,Red Rocket,2021-12-10,2021,1100000,2200000,130,2.8218,6.798,613,en,"Drama, Comedy",2,False,False,Released
764686,The Divide,2021-10-27,2021,5000000,2178083,98,1.0208,6.6,174,fr,Drama,1,False,False,Released
766475,See How They Run,2022-09-09,2022,40000000,21921551,99,3.9894,6.349,1280,en,"Mystery, Comedy, Crime",3,False,False,Released
766798,Parallel Mothers,2021-10-08,2021,11000000,23099858,123,1.9042,6.802,1033,es,Drama,1,False,False,Released
768362,Missing,2023-01-19,2023,7000000,48767848,111,5.5031,7.4,1258,en,"Drama, Mystery, Thriller",3,True,False,Released
770906,Salaar: Part 1 - Ceasefire,2023-12-21,2023,34000000,87229100,175,3.7088,6.653,111,te,"Action, Crime, Drama",3,True,False,Released
771077,Rise,2022-03-30,2022,7780000,11196824,117,1.4106,7.4,455,fr,"Comedy, Drama, Family",3,False,False,Released
772307,Mako,2021-09-01,2021,25000000,458000,91,0.5579,5.4,14,ar,"Drama, Thriller, Adventure, Horror",4,False,False,Released
772973,The Inhabitant,2022-10-07,2022,1600000,36972,97,2.2073,5.9,123,en,"Thriller, Horror, Mystery",3,False,False,Released
773303,Zombie Reddy,2021-02-05,2021,547127,1412957,125,0.4347,6.5,14,te,"Horror, Comedy",2,False,False,Released
774456,Garcia & Garcia,2021-08-27,2021,3404274,1163538,98,0.5401,5.4,69,es,Comedy,1,True,False,Released
774531,Young Woman and the Sea,2024-05-31,2024,40000000,581725,129,2.9874,7.86,421,en,"History, Drama",2,False,False,Released
776503,CODA,2021-08-13,2021,10000000,1905058,112,8.055,7.891,2560,en,"Drama, Music, Romance",3,False,False,Released
777245,Women Talking,2022-12-23,2022,20000000,7589419,104,3.467,6.8,718,en,Drama,1,False,False,Released
777270,Belfast,2021-11-12,2021,11000000,49158343,98,2.7682,7.041,1663,en,"Drama, History",2,False,False,Released
777831,9 Bullets,2022-04-14,2022,3000000,193908,96,2.2108,5.252,147,en,"Action, Thriller",2,False,False,Released
778855,Chickenhare and the Hamster of Darkness,2022-02-16,2022,20000000,10885116,91,3.1778,7.3,281,en,"Animation, Adventure, Comedy, Family, Fantasy",5,True,False,Released
779029,The Battle at Lake Changjin,2021-09-30,2021,200000000,902540935,178,4.1529,6.226,144,zh,"Drama, War",2,True,False,Released
779816,White Bird,2023-10-25,2023,20000000,8799528,121,2.9831,7.8,233,en,"Drama, War",2,False,False,Released
780382,The Wolf and the Lion,2021-10-13,2021,11900000,15300000,99,3.0828,7.477,498,en,"Family, Adventure, Drama",3,False,False,Released
780609,Men,2022-05-20,2022,6500000,11152071,100,6.9783,6.079,1330,en,"Horror, Thriller, Fantasy",3,False,False,Released
781732,Animal,2023-12-01,2023,13000000,108300000,201,3.8892,6.116,186,hi,"Action, Crime, Drama",3,True,False,Released
784651,Fighter,2024-01-24,2024,30069500,43160558,167,2.8583,6.166,157,hi,"Action, Drama",2,False,False,Released
785084,The Whale,2022-12-09,2022,3000000,57615635,117,7.0201,7.773,4626,en,Drama,1,False,False,Released
785663,Old Henry,2021-10-01,2021,1500000,77463,99,3.1471,7.3,684,en,"Western, Action, Drama",3,False,False,Released
786170,The Guardian,2021-04-30,2021,1000000,1694828,127,0.2894,7.3,12,vi,"Thriller, Drama, Horror",3,False,False,Released
786535,Ivanna,2022-07-14,2022,705,6338496,103,0.6937,5.3,25,id,"Horror, Thriller",2,True,False,Released
786892,Furiosa: A Mad Max Saga,2024-05-22,2024,168000000,174287546,149,16.0943,7.452,4796,en,"Action, Science Fiction, Adventure",3,True,False,Released
787699,Wonka,2023-12-06,2023,125000000,634502312,117,10.3692,7.039,4346,en,"Comedy, Family, Fantasy",3,True,False,Released
788929,Lamb,2021-08-12,2021,5000000,3200000,106,2.4924,6.423,1026,is,"Drama, Fantasy, Horror",3,False,False,Released
788977,Cairo Conspiracy,2022-10-26,2022,7047000,3646605,121,1.0114,6.7,284,fr,Thriller,1,False,False,Released
790462,I.S.S.,2024-01-19,2024,13800000,6605079,96,2.542,5.784,378,en,"Science Fiction, Thriller",2,False,False,Released
791177,Bones and All,2022-11-18,2022,16000000,15234907,131,5.5512,7.007,1613,en,"Horror, Romance, Drama",3,False,False,Released
792293,Dumb Money,2023-09-15,2023,30000000,20703794,105,4.2919,6.675,789,en,"History, Comedy, Drama",3,False,False,Released
792307,Poor Things,2023-12-07,2023,35000000,117607117,141,10.1888,7.648,5430,en,"Science Fiction, Romance, Comedy",3,False,False,Released
792614,Mr. Blake at Your Service!,2023-11-01,2023,6700000,2726128,100,1.8135,6.399,104,fr,"Comedy, Drama, Romance",3,False,False,Released
793285,God's Not Dead: We The People,2021-10-04,2021,5000000,1200000,91,1.2383,6.7,139,en,Drama,1,True,False,Released
793937,The School of the Magical Animals,2021-10-14,2021,11700000,22028248,93,1.3308,6.3,99,de,"Family, Adventure, Fantasy",3,True,False,Released
795087,Kubi,2023-11-23,2023,9600000,6129032,131,2.4593,6.9,39,ja,"History, Action, Drama, Comedy, Thriller",5,False,False,Released
796158,Yuni,2021-12-09,2021,584550,265268,95,0.5189,6.813,32,id,Drama,1,False,False,Released
796185,The Three Musketeers: D'Artagnan,2023-04-05,2023,27500000,31843086,121,7.7687,6.926,1384,fr,"Adventure, Action, Drama, History",4,True,False,Released
796499,Army of Thieves,2021-10-29,2021,30000000,46900000,128,6.209,6.801,2258,en,"Action, Crime, Comedy",3,True,False,Released
797682,"Mamma, Qui Comando Io",2023-09-14,2023,2000000,13026,90,0.4982,5.7,10,it,"Comedy, Family",2,False,False,Released
797759,Chapiteau Show: Respect and Cooperation - Part 2,2012-01-26,2012,1000000,196908,111,0.3023,6.5,11,ru,"Comedy, Music",2,True,False,Released
798286,Beau Is Afraid,2023-04-14,2023,35000000,12337378,179,5.1346,6.711,1299,en,"Comedy, Adventure, Fantasy",3,False,False,Released
799155,Attack,2022-04-01,2022,9600000,2600000,123,1.7171,6.8,216,hi,"Action, Science Fiction, Thriller",3,False,False,Released
799177,Bhediya,2022-11-25,2022,7100000,11000000,156,2.1173,6.9,66,hi,"Horror, Comedy",2,False,False,Released
799379,Project Wolf Hunting,2022-09-21,2022,9000000,20541,122,7.1077,6.425,434,ko,"Action, Thriller, Horror, Crime",4,False,False,Released
799583,The Ministry of Ungentlemanly Warfare,2024-04-18,2024,60000000,29768915,120,9.6743,7.015,1845,en,"Action, Comedy, War",3,False,False,Released
799766,Better Man,2024-12-06,2024,110000000,22549151,135,7.6185,7.6,827,en,"Music, Drama",2,False,False,Released
799876,The Outfit,2022-02-25,2022,5000000,4000000,105,4.326,7.085,1333,en,"Crime, Drama, Thriller, Mystery",4,False,False,Released
800158,The Killer,2023-10-25,2023,175000000,362113,118,8.6515,6.584,2772,en,"Crime, Thriller",2,False,False,Released
800497,Werewolves Within,2021-06-25,2021,6500000,937490,96,3.2195,6.0,623,en,"Horror, Comedy",2,False,False,Released
800823,The Kids Are Alright: Destination Asturias,2021-07-08,2021,5300000,9600000,89,0.8054,5.6,161,es,"Comedy, Family",2,True,False,Released
800939,Ticket to Paradise,2022-09-08,2022,20000000,168800000,104,4.4664,6.421,1376,en,"Drama, Comedy, Romance",3,False,False,Released
801112,Kidnapped,2023-05-25,2023,14100000,4123091,134,1.4142,7.3,359,it,"Drama, History",2,False,False,Released
801688,Kalki 2898-AD,2024-06-26,2024,75000000,141000000,176,3.8936,6.4,171,te,"Drama, Action, Fantasy, Science Fiction",4,True,False,Released
802065,F3: Fun and Frustration,2022-05-27,2022,7000000,16000000,148,1.0521,4.4,18,te,"Comedy, Romance, Family",3,True,False,Released
802219,Bob Marley: One Love,2024-02-14,2024,70000000,180828556,104,4.1914,6.605,952,en,"Music, History, Drama",3,False,False,Released
803114,The Requin,2022-01-28,2022,8500000,130493,89,8.5663,4.78,378,en,"Horror, Mystery, Thriller",3,False,False,Released
804095,The Fabelmans,2022-11-11,2022,40000000,45629909,151,5.6048,7.571,2739,en,Drama,1,False,False,Released
804150,Cocaine Bear,2023-02-22,2023,32500000,88314672,95,5.5339,5.996,2419,en,"Thriller, Comedy, Crime",3,True,False,Released
804251,Alcarràs,2022-04-29,2022,10250000,3324521,118,0.8079,6.8,228,ca,Drama,1,False,False,Released
805785,Fukrey 3,2023-09-28,2023,3000000,16000000,147,0.6236,5.3,16,hi,"Comedy, Drama",2,True,False,Released
807172,The Exorcist: Believer,2023-10-04,2023,30000000,136998069,111,5.7975,5.806,1252,en,Horror,1,True,False,Released
807356,Watcher,2022-06-03,2022,5000000,2543216,96,4.7426,6.484,1134,en,"Horror, Mystery, Thriller",3,False,False,Released
809140,Father Stu,2022-04-13,2022,4000000,21591034,124,3.7736,7.146,724,en,Drama,1,False,False,Released
809717,Moonbound,2021-06-24,2021,2000000,6666618,81,1.1896,6.5,93,de,"Animation, Family",2,False,False,Released
809787,Mafia Mamma,2023-04-13,2023,41000000,3900000,101,3.2297,6.07,307,en,"Comedy, Crime, Action",3,False,False,Released
810389,The Visitor from the Future,2022-09-07,2022,4500000,1946816,102,1.1291,6.3,229,fr,"Science Fiction, Comedy, Adventure",3,False,False,Released
811211,The Young Lovers,2022-02-02,2022,5800000,2440653,112,0.5381,6.4,99,fr,"Romance, Drama",2,False,False,Released
811631,Infinite Storm,2022-03-25,2022,4749917,1707067,97,2.4029,5.729,354,en,"Adventure, Drama, Mystery, Thriller",4,False,False,Released
811941,Devara: Part 1,2024-09-26,2024,31764000,54216867,175,4.1332,6.893,214,te,"Action, Drama",2,True,False,Released
811945,HIT: The 2nd Case,2022-12-01,2022,1800000,5000000,124,1.2154,6.86,43,te,"Crime, Thriller, Action",3,True,False,Released
811959,The United Way,2021-05-10,2021,200000,97111,90,0.4722,7.0,21,en,Documentary,1,False,False,Released
812635,Chevalier,2023-04-20,2023,35000000,4200000,104,2.1087,6.351,124,en,"Music, Drama, History",3,False,False,Released
814757,Empire of Light,2022-12-09,2022,13500000,11395604,115,2.6748,6.621,617,en,"Drama, Romance",2,False,False,Released
814776,Bottoms,2023-08-25,2023,11300000,12976079,91,4.6643,6.758,830,en,Comedy,1,False,False,Released
814889,Never Let Go,2024-09-18,2024,20000000,21760713,101,3.9382,6.099,580,en,Horror,1,False,False,Released
816904,Mummies,2023-01-05,2023,12000000,53400000,88,4.1503,6.913,501,es,"Animation, Adventure, Fantasy, Family",4,False,False,Released
817758,TÁR,2022-10-07,2022,35000000,29048571,158,4.1545,7.103,1507,en,"Music, Drama",2,False,False,Released
818110,The Magic Flute,2022-09-30,2022,6500000,492000,125,2.2606,6.402,128,en,"Adventure, Fantasy, Music, Family",4,False,False,Released
818397,Memory,2022-04-28,2022,30000000,13900000,114,5.5842,6.732,1652,en,"Action, Thriller, Crime",3,False,False,Released
819876,Crimes of the Future,2022-05-25,2022,27000000,4551565,107,3.0919,6.023,1261,en,"Science Fiction, Horror, Thriller",3,False,False,Released
820446,Downton Abbey: A New Era,2022-04-27,2022,40000000,92651384,124,6.1898,7.194,607,en,"Drama, Romance",2,True,False,Released
820525,After Everything,2023-09-13,2023,14000000,10644463,93,7.5079,6.881,990,en,"Romance, Drama",2,True,False,Released
820696,Along Came Love,2023-11-29,2023,9200000,1622705,123,0.8583,6.5,93,fr,"Drama, Romance",2,False,False,Released
820697,The Five Devils,2022-08-31,2022,3370000,46666,96,0.9595,6.71,221,fr,"Drama, Fantasy, Romance",3,False,False,Released
820707,Red Island,2023-05-31,2023,6570000,1101136,117,0.5295,5.5,52,fr,Drama,1,False,False,Released
823219,Flow,2024-08-29,2024,3700000,17660107,85,17.9213,8.084,2760,lv,"Animation, Adventure, Fantasy, Family",4,False,False,Released
823425,National Champions,2021-12-10,2021,8000000,475488,116,1.909,6.427,82,en,Drama,1,False,False,Released
823452,The Boys in the Boat,2023-12-25,2023,40000000,54401583,123,2.8507,7.2,347,en,"Drama, History",2,False,False,Released
823464,Godzilla x Kong: The New Empire,2024-03-27,2024,150000000,571750016,115,17.6891,7.045,4606,en,"Action, Adventure, Science Fiction",3,True,False,Released
823482,Dream Scenario,2023-11-10,2023,10000000,14114415,102,4.145,6.651,1292,en,"Comedy, Fantasy",2,False,False,Released
823491,Out of Darkness,2024-02-09,2024,1500000,1987281,87,0.7263,5.66,125,en,"Adventure, Horror, Thriller",3,False,False,Released
823598,The Goldfinger,2023-12-30,2023,45000000,6136329,126,3.1929,6.1,52,cn,"Crime, Drama",2,False,False,Released
823625,Blacklight,2022-02-10,2022,43000000,15902207,104,4.2937,6.148,1260,en,"Action, Thriller, Adventure",3,False,False,Released
823951,November,2022-10-05,2022,17700000,18114769,105,2.6692,7.044,878,fr,"Crime, Drama, Thriller",3,False,False,Released
824016,The Palace,2023-09-28,2023,18700000,420350,100,1.957,5.3,195,en,"Comedy, Drama",2,False,False,Released
824281,Easter Sunday,2022-08-04,2022,17000000,13071438,96,1.9544,5.798,47,en,Comedy,1,False,False,Released
826510,Harold and the Purple Crayon,2024-07-31,2024,40000000,32227855,90,5.5085,6.633,356,en,"Family, Comedy, Adventure, Fantasy",4,False,False,Released
826749,Fortress,2021-12-17,2021,20000000,52169,100,2.6842,5.659,368,en,"Action, Thriller, Crime",3,True,False,Released
829051,About My Father,2023-05-25,2023,29100000,18167819,90,3.3842,6.05,409,en,Comedy,1,False,False,Released
830784,"Lyle, Lyle, Crocodile",2022-10-07,2022,50000000,111080122,106,3.6986,6.967,650,en,"Comedy, Family, Music",3,False,False,Released
830788,The Invitation,2022-08-24,2022,10000000,33628000,105,4.0635,5.995,956,en,"Horror, Thriller",2,False,False,Released
832544,Stealing Raden Saleh,2022-08-25,2022,1240864,18612962,154,0.807,7.5,34,id,"Crime, Drama, Action",3,False,False,Released
833339,Speak No Evil,2022-03-17,2022,3200000,631249,98,3.5036,6.652,1092,da,"Horror, Thriller",2,False,False,Released
833417,Full Time,2022-03-16,2022,3000000,42566,88,1.28,7.035,313,fr,Drama,1,False,False,Released
833420,To Chiara,2021-10-07,2021,3400000,585750,121,0.6608,6.855,110,it,"Drama, Fantasy",2,False,False,Released
834562,Poolman,2024-05-09,2024,10000000,158933,100,1.7536,4.389,63,en,"Mystery, Comedy",2,False,False,Released
835551,Masquerade,2021-07-30,2021,2500000,8866,80,2.2632,5.534,103,en,Thriller,1,False,False,Released
836202,Brother and Sister,2022-05-20,2022,4800000,369419,108,1.0388,4.9,118,fr,Drama,1,False,False,Released
837881,She Said,2022-11-17,2022,32000000,13900000,129,3.5934,7.181,708,en,"Drama, History",2,False,False,Released
838240,Robot Dreams,2023-12-06,2023,5300000,4656348,102,4.0247,7.971,780,es,"Animation, Drama, Comedy, Science Fiction",4,False,False,Released
839033,The Lord of the Rings: The War of the Rohirrim,2024-12-05,2024,30000000,20658572,134,5.9597,6.54,838,en,"Animation, Fantasy, Adventure, Action",4,False,False,Released
839369,May December,2023-11-16,2023,20000000,4232370,117,6.2905,6.575,1016,en,Drama,1,False,False,Released
839738,"Me, Myself & I: Lost in Time",2022-01-01,2022,4455979,3839773,60,0.3815,7.7,48,it,"Family, Fantasy",2,True,False,Released
840111,Scarlet,2023-01-11,2023,6750000,279383,105,1.1423,6.8,80,fr,"Drama, History, Romance",3,False,False,Released
840326,Sisu,2022-09-09,2022,6600000,14281199,91,12.3947,7.41,2790,fi,"Action, War, Thriller",3,True,False,Released
840430,The Holdovers,2023-10-27,2023,13000000,42513270,133,6.3596,7.65,2462,en,"Drama, Comedy",2,False,False,Released
840705,Blink Twice,2024-08-21,2024,20000000,46393906,67,6.7689,6.678,1861,en,"Mystery, Thriller",2,False,False,Released
842675,The Wandering Earth II,2023-01-22,2023,73800000,665000000,174,6.8111,7.292,706,zh,"Science Fiction, Action, Adventure",3,True,False,Released
843394,Cat Person,2023-10-06,2023,12000000,282000,118,1.7725,5.731,108,en,"Thriller, Comedy",2,False,False,Released
843843,Suddenly,2023-12-06,2023,22800000,1418682,114,1.5968,6.425,173,fr,"Thriller, Drama, Adventure",3,False,False,Released
844417,Marlowe,2023-02-15,2023,20000000,6262663,109,3.9871,5.706,431,en,Crime,1,False,False,Released
845111,The Three Musketeers: Milady,2023-12-13,2023,39000000,21730766,115,4.878,6.417,811,fr,"Adventure, Action, Drama",3,True,False,Released
845781,Red One,2024-10-31,2024,250000000,185700759,124,11.1197,6.988,3012,en,"Action, Comedy, Fantasy",3,False,False,Released
846867,Mad God,2021-09-17,2021,250000,322619,84,4.2151,6.829,552,en,"Animation, Fantasy, Horror, Science Fiction",4,True,False,Released
848058,Piggy,2022-10-07,2022,2400000,543064,99,2.6288,6.571,693,es,"Drama, Horror",2,False,False,Released
848538,Argylle,2024-01-31,2024,200000000,96221061,139,8.5089,5.993,1715,en,"Action, Adventure, Comedy",3,False,False,Released
848685,The Beasts,2022-07-20,2022,3900000,10238603,138,2.1441,7.471,914,fr,"Thriller, Drama",2,False,False,Released
848958,Forever Young,2022-11-16,2022,4,1,126,1.2092,6.4,168,fr,"Drama, Comedy",2,False,False,Released
850028,"Alice, Darling",2022-12-30,2022,4000000,121067,90,3.0818,5.6,308,en,"Thriller, Drama, Romance",3,False,False,Released
850165,The Iron Claw,2023-12-21,2023,15900000,40130232,132,4.7141,7.503,1220,en,"History, Drama",2,False,False,Released
852247,Problemista,2024-03-01,2024,12000000,2503154,104,2.9127,6.79,145,en,Comedy,1,False,False,Released
852438,Final Cut,2022-05-18,2022,4300000,2046233,110,1.7715,6.72,463,fr,"Horror, Comedy",2,False,False,Released
854239,Till,2022-10-14,2022,33000000,11498884,131,3.1267,7.294,333,en,"Drama, History",2,False,False,Released
855117,King of Kotha,2023-08-24,2023,5900000,4500000,174,0.7604,5.8,30,ml,"Action, Drama, Crime",3,False,False,Released
856289,Creation of the Gods I: Kingdom of Storms,2023-07-15,2023,85000000,369081777,148,8.1811,7.083,474,zh,"Action, Fantasy, War",3,True,False,Released
857598,Pushpa 2 - The Rule,2024-12-04,2024,52900000,219000000,201,2.7968,6.292,137,te,"Action, Drama, Thriller, Crime",4,True,False,Released
858017,I Saw the TV Glow,2024-05-03,2024,10000000,5407916,100,5.1367,6.087,659,en,"Drama, Horror",2,False,False,Released
858082,Ponniyin Selvan: Part II,2023-04-28,2023,29500000,40000000,164,1.7792,6.2,60,ta,"Action, Adventure, History, Drama",4,True,False,Released
858485,Kantara,2022-09-30,2022,1960000,60447800,147,1.3123,7.161,137,kn,"Action, Drama, Thriller",3,True,False,Released
859235,Coup de Chance,2023-09-15,2023,10000000,7837847,96,1.6422,6.182,434,fr,Drama,1,False,False,Released
859981,Autobiography,2023-01-19,2023,362932,86564,115,0.3434,7.5,25,id,"Drama, Thriller, Crime",3,False,False,Released
861451,Martin,2024-10-11,2024,17647000,3247000,147,1.6245,4.7,32,kn,"Action, Drama, Thriller",3,False,False,Released
862965,Emily the Criminal,2022-08-12,2022,2000000,2157673,97,3.1303,6.675,995,en,"Crime, Drama, Thriller",3,False,False,Released
863530,Thallumaala,2022-08-12,2022,2450634,8824658,146,0.7957,6.78,41,ml,"Comedy, Drama, Action",3,False,False,Released
864168,Joy Ride,2023-06-22,2023,20000000,15800000,94,3.9625,6.5,473,en,Comedy,1,False,False,Released
864692,Pathaan,2023-01-25,2023,30270000,127180000,146,2.8053,6.4,249,hi,"Action, Adventure, Thriller",3,True,False,Released
864761,Nna Thaan Case Kodu,2022-08-11,2022,600000,6300000,139,0.2232,7.371,35,ml,"Drama, Crime, Comedy",3,False,False,Released
865498,The New Toy,2022-10-19,2022,13125000,7295051,111,1.0175,5.92,176,fr,"Comedy, Family, Drama",3,False,False,Released
866398,The Beekeeper,2024-01-08,2024,35000000,162619535,106,24.107,7.241,4134,en,"Action, Crime, Thriller",3,True,False,Released
866440,2018,2023-05-05,2023,3009565,24076520,150,1.0269,7.5,47,ml,"Thriller, Action, Adventure",3,False,False,Released
868660,Guntur Kaaram,2024-01-11,2024,24066000,20687449,156,1.4641,5.483,29,te,"Action, Drama",2,False,False,Released
869291,Cuckoo,2024-02-16,2024,7000000,6680396,103,3.101,5.731,486,en,"Horror, Mystery, Thriller",3,False,False,Released
869612,Master Gardener,2023-05-19,2023,4100000,1506008,111,2.7922,6.0,329,en,"Drama, Crime, Mystery, Thriller",4,False,False,Released
869626,Marcel the Shell with Shoes On,2022-06-24,2022,6000000,6909209,90,2.9733,7.645,688,en,"Animation, Comedy, Drama, Family",4,False,False,Released
870360,The Day the Earth Blew Up: A Looney Tunes Movie,2024-08-01,2024,15000000,15076954,91,4.9308,7.5,210,en,"Family, Comedy, Adventure, Animation, Science Fiction",5,False,False,Released
872508,Paradise Is Burning,2023-10-27,2023,2860000,51664,108,0.4676,5.6,26,sv,Drama,1,False,False,Released
872585,Oppenheimer,2023-07-19,2023,100000000,952000000,181,36.5625,8.031,11634,en,"Drama, History",2,False,False,Released
872906,Jawan,2023-09-07,2023,36150000,136698671,169,4.6501,7.078,320,hi,"Action, Thriller",2,False,False,Released
876127,Dog Days,2024-02-07,2024,6100000,2765705,120,1.7877,7.6,15,ko,"Drama, Comedy",2,False,False,Released
876671,The Cost of Deception,2021-10-21,2021,2500000,201000,125,0.1906,3.488,41,hu,"Crime, Drama",2,False,False,Released
877087,The Man in the White Van,2024-12-13,2024,500000,529879,105,1.9279,6.0,47,en,"Horror, Thriller",2,False,False,Released
877269,Strange World,2022-11-23,2022,180000000,73621640,102,4.9748,6.232,1411,en,"Animation, Family, Adventure, Fantasy, Science Fiction",5,False,False,Released
878361,Big George Foreman,2023-04-27,2023,32000000,3800000,129,6.0224,7.558,342,en,"History, Drama",2,False,False,Released
879337,Honsla Rakh,2021-10-15,2021,1065465,7100000,145,0.711,6.3,11,pa,"Comedy, Drama, Romance",3,False,False,Released
881502,Bad Ben,2016-10-05,2016,300,110000,86,0.3945,5.9,21,en,"Comedy, Horror, TV Movie, Thriller",4,True,False,Released
882052,Bad Ben: The Mandela Effect,2018-06-18,2018,300,110000,67,0.0656,4.7,11,en,"Comedy, Horror",2,True,False,Released
882059,Boy Kills World,2024-04-24,2024,18000000,3139717,111,7.7183,6.711,799,en,"Crime, Thriller, Action",3,False,False,Released
882569,Guy Ritchie's The Covenant,2023-04-19,2023,55000000,21948551,123,11.4253,7.718,3130,en,"War, Action, Thriller",3,False,False,Released
882598,Smile,2022-09-23,2022,17000000,217408513,115,8.2409,6.664,4003,en,"Horror, Mystery",2,True,False,Released
883502,Fortress: Sniper's Eye,2022-04-29,2022,22000000,69075,87,1.4316,5.22,175,en,"Action, Thriller, Crime",3,True,False,Released
884452,The Ambush,2021-11-25,2021,40000000,5218666,110,1.6038,6.057,61,ar,"War, Action, Drama",3,False,False,Released
884605,No Hard Feelings,2023-06-15,2023,45000000,83000000,103,8.3923,6.677,3769,en,"Comedy, Romance",2,False,False,Released
888234,Dhamaka,2022-12-23,2022,5000000,14000000,138,1.0076,4.4,18,te,"Action, Comedy",2,False,False,Released
888321,Corsage,2022-07-07,2022,7580600,3092534,114,1.4447,6.098,244,de,"Drama, History",2,False,False,Released
888710,OMG 2,2023-08-11,2023,7500000,28000000,155,1.1296,7.306,72,hi,"Comedy, Drama",2,True,False,Released
889737,Joker: Folie à Deux,2024-10-01,2024,190000000,207500287,138,8.5222,5.4,2878,en,"Drama, Crime, Thriller",3,True,False,Released
889818,Omen,2023-11-15,2023,1046000,29498,90,0.6678,6.069,29,fr,Drama,1,False,False,Released
892515,Masquerade,2022-11-01,2022,14000000,6667598,135,1.2049,6.8,456,fr,"Comedy, Crime, Drama, Romance",4,False,False,Released
893723,PAW Patrol: The Mighty Movie,2023-09-21,2023,30000000,202231360,88,8.1829,6.99,539,en,"Family, Comedy, Adventure, Animation",4,True,False,Released
894803,Sita Ramam,2022-08-05,2022,3400000,11800000,158,2.3914,7.7,103,te,"History, Romance, Drama",3,False,False,Released
895435,Be Somebody,2021-11-11,2021,40000000,132326332,123,1.6298,7.4,58,zh,"Comedy, Mystery, Drama",3,False,False,Released
895659,The Passengers of the Night,2022-05-04,2022,4300000,1512938,111,1.2751,6.9,180,fr,Drama,1,False,False,Released
895956,The Burning Cold,2023-01-20,2023,1200000,100772,117,0.5509,7.6,15,ca,"Drama, War",2,False,False,Released
897087,Freelance,2023-10-05,2023,40000000,9112817,108,7.7483,6.378,1140,en,"Action, Comedy",2,False,False,Released
899112,Violent Night,2022-11-30,2022,20000000,75734910,111,4.4114,7.2,2523,en,"Action, Comedy, Fantasy",3,True,False,Released
900409,On Fire,2023-09-29,2023,4000000,245325,80,2.2994,6.115,61,en,"Drama, Thriller, Action, Adventure",4,False,False,Released
901362,Trolls Band Together,2023-10-12,2023,95000000,210231405,91,7.5029,7.247,974,en,"Animation, Family, Music, Fantasy, Comedy, Adventure",6,True,False,Released
902533,Death Notice,2023-08-18,2023,16000000,615042,100,1.5093,5.9,17,cn,"Crime, Mystery, Thriller",3,False,False,Released
904557,Thunivu,2023-01-10,2023,12100000,24500000,146,0.8509,5.8,42,ta,"Action, Crime, Thriller, Comedy",4,False,False,Released
906126,Society of the Snow,2023-12-15,2023,65500000,1281,143,4.2114,7.975,3468,es,"Drama, History",2,False,False,Released
906221,Magic Mike's Last Dance,2023-02-09,2023,45000000,52000000,112,3.3599,6.4,584,en,"Comedy, Drama, Romance",3,True,False,Released
912649,Venom: The Last Dance,2024-10-22,2024,120000000,478937618,109,26.5193,6.66,4138,en,"Science Fiction, Action, Adventure",3,True,False,Released
912908,Strays,2023-08-17,2023,46000000,32000000,93,4.6046,7.2,994,en,"Comedy, Adventure",2,False,False,Released
913290,Barbarian,2022-09-08,2022,4500000,45400000,103,7.5145,6.8,3171,en,"Horror, Mystery",2,False,False,Released
913417,The Civil Dead,2023-02-01,2023,30000,32219,104,0.4176,5.0,13,en,"Comedy, Fantasy, Drama",3,False,False,Released
913673,Nefarious,2023-04-14,2023,3000000,5400000,98,5.3132,6.69,478,en,"Horror, Drama",2,True,False,Released
913814,Brian and Charles,2022-06-17,2022,1200000,216220,91,0.9554,6.3,171,en,"Comedy, Drama, Science Fiction",3,False,False,Released
914206,The Beast,2024-02-07,2024,7500000,760979,146,2.4066,6.315,254,fr,"Science Fiction, Drama, Romance",3,False,False,Released
915935,Anatomy of a Fall,2023-08-23,2023,6700000,35634133,151,5.3699,7.5,3242,fr,"Thriller, Mystery, Crime",3,False,False,Released
916224,Suzume,2022-11-11,2022,13000000,314992206,122,8.3593,7.886,1707,ja,"Animation, Drama, Adventure, Fantasy",4,False,False,Released
916405,The Quiet Girl,2022-05-12,2022,1,6,95,1.8157,7.511,557,ga,Drama,1,False,False,Released
917496,Beetlejuice Beetlejuice,2024-09-04,2024,99000000,452000435,105,13.7639,6.936,3077,en,"Comedy, Fantasy, Horror",3,True,False,Released
917594,Camp Hideout,2023-09-15,2023,3500000,1100000,100,0.9511,5.3,19,en,"Family, Comedy",2,False,False,Released
918287,I Used to Be Funny,2024-06-07,2024,2000000,160499,106,1.7558,6.7,60,en,"Drama, Comedy",2,False,False,Released
919573,The Innocent,2022-10-12,2022,4000000,5175806,99,1.1517,6.745,372,fr,"Comedy, Crime, Romance",3,False,False,Released
921452,Jeanne du Barry,2023-05-16,2023,22400000,13000000,117,2.706,6.879,676,fr,"Drama, History, Romance",3,False,False,Released
921785,Mixed by Erry,2023-03-02,2023,8538750,1120191,113,0.6921,7.444,486,it,"Comedy, History, Music",3,False,False,Released
922830,Disco Boy,2023-03-09,2023,3500000,2610,92,0.6982,6.641,78,fr,"Drama, War",2,False,False,Released
923667,Twilight of the Warriors: Walled In,2024-05-01,2024,38400000,95399186,126,5.6492,7.0,436,cn,"Action, Crime, Thriller",3,True,False,Released
924482,The Ledge,2022-02-18,2022,2500000,685303,86,4.5052,6.52,393,en,"Thriller, Adventure",2,False,False,Released
925263,A Brighter Tomorrow,2023-04-20,2023,13266839,6551542,96,0.8965,7.001,335,it,Comedy,1,False,False,Released
925786,Satan's Slaves 2: Communion,2022-07-30,2022,1000000,14342131,119,1.5634,6.957,70,id,"Horror, Mystery",2,True,False,Released
926393,The Equalizer 3,2023-08-30,2023,70000000,191067560,109,14.1045,7.288,3664,en,"Action, Thriller, Crime",3,True,False,Released
926889,Mother and Son,2022-11-25,2022,3900000,170419,116,0.4448,6.4,22,fr,Drama,1,False,False,Released
927107,The Bricklayer,2023-12-14,2023,23900000,899683,110,3.722,5.776,392,en,"Action, Thriller",2,False,False,Released
927342,Amaran,2024-10-31,2024,14700000,39200000,169,5.323,7.345,252,ta,"Action, Drama, Adventure, War",4,False,False,Released
928123,The Battle at Lake Changjin II: Water Gate Bridge,2022-02-01,2022,200000000,626203271,149,3.2381,6.321,92,zh,"War, History, Action",3,True,False,Released
928713,The Novelist's Film,2022-04-21,2022,71560,382227,92,1.619,6.543,46,ko,Drama,1,False,False,Released
929590,Civil War,2024-04-10,2024,50000000,126542249,109,10.9648,6.856,4263,en,"War, Action, Drama",3,False,False,Released
929831,The Empire,2024-02-21,2024,8789000,1293747,110,1.21,4.9,99,fr,"Science Fiction, Comedy, Drama",3,False,False,Released
930564,Saltburn,2023-11-16,2023,20000000,21013738,131,7.525,6.954,2885,en,"Drama, Comedy, Thriller",3,False,False,Released
932086,Horizon: An American Saga - Chapter 1,2024-06-26,2024,50000000,38735702,182,4.0071,6.817,644,en,"Western, Drama",2,True,False,Released
932801,The Universal Theory,2023-10-26,2023,425000,561322,118,1.4435,5.853,51,de,"Mystery, Thriller, Drama",3,False,False,Released
933260,The Substance,2024-09-07,2024,17500000,77316812,141,21.4595,7.1,5900,en,"Horror, Science Fiction, Drama",3,False,False,Released
933554,2000 Mules,2022-05-20,2022,5000000,1465513,86,0.9583,5.9,46,en,Documentary,1,False,False,Released
934433,Scream VI,2023-03-08,2023,33000000,169063850,123,12.521,6.948,3143,en,"Horror, Thriller, Crime",3,True,False,Released
934506,A Real Job,2023-09-13,2023,8200000,3452861,100,1.2782,6.293,271,fr,"Comedy, Drama",2,False,False,Released
935906,Scrapper,2023-08-25,2023,84,1234483,84,2.5056,6.7,175,en,"Comedy, Drama",2,False,False,Released
936002,Doctor Jekyll,2023-10-27,2023,625000,21524,89,0.6078,4.9,10,en,Horror,1,False,False,Released
936363,The Happiest Man in the World,2023-02-22,2023,1896010,76217,92,0.2102,6.8,20,bs,Drama,1,False,False,Released
936622,Bade Miyan Chote Miyan,2024-04-11,2024,41100000,12018000,164,1.4827,6.34,49,hi,Action,1,False,False,Released
937278,A Man Called Otto,2022-12-28,2022,50000000,113360085,126,8.7754,7.75,3544,en,"Comedy, Drama",2,False,False,Released
937287,Challengers,2024-04-18,2024,55000000,94182533,132,6.8432,6.914,2638,en,"Drama, Romance",2,False,False,Released
938614,Late Night with the Devil,2024-03-19,2024,2000000,15469415,93,5.0578,7.112,2061,en,Horror,1,False,False,Released
939243,Sonic the Hedgehog 3,2024-12-19,2024,122000000,492162604,110,22.6836,7.612,3228,en,"Action, Science Fiction, Comedy, Family",4,True,False,Released
939997,Dicks: The Musical,2023-10-06,2023,8000000,1472114,86,0.6594,4.3,54,en,"Music, Comedy",2,False,False,Released
940139,Here,2024-10-30,2024,40000000,15397270,104,3.8927,6.5,647,en,Drama,1,False,False,Released
940551,Migration,2023-12-06,2023,72000000,298776052,83,12.6613,7.349,2218,en,"Family, Comedy, Adventure, Animation",4,False,False,Released
940721,Godzilla Minus One,2023-11-03,2023,15000000,113676322,125,15.6651,7.6,3105,ja,"Science Fiction, Horror, Action",3,True,False,Released
942922,80 for Brady,2023-02-03,2023,28000000,29637811,98,2.7912,6.186,194,en,"Comedy, Drama",2,False,False,Released
943134,The Animal Kingdom,2023-10-04,2023,15200000,9138503,127,4.6632,6.959,917,fr,"Adventure, Drama, Science Fiction",3,False,False,Released
945664,Lighting Up the Stars,2022-06-24,2022,8800000,253816909,112,1.6136,7.462,53,zh,Drama,1,False,False,Released
945703,Post Truth,2023-03-10,2023,14506629,102500000,112,2.0097,7.3,46,zh,"Comedy, Action",2,False,False,Released
945729,A Haunting in Venice,2023-09-13,2023,60000000,121400000,104,5.2655,6.575,2798,en,"Mystery, Thriller, Crime",3,True,False,Released
945961,Alien: Romulus,2024-08-13,2024,80000000,350865342,119,14.9556,7.166,4468,en,"Horror, Science Fiction",2,True,False,Released
947507,Just Super,2022-09-30,2022,3800000,2013434,76,1.6003,5.7,23,no,"Animation, Family, Fantasy",3,False,False,Released
947891,My Old Ass,2024-09-13,2024,3000000,5705895,89,5.0867,6.8,463,en,"Comedy, Drama",2,False,False,Released
947938,Dolphin Boy,2022-04-07,2022,4000000,2613252,90,0.9597,6.3,81,ru,"Animation, Adventure, Fantasy, Comedy",4,True,False,Released
948549,Love Lies Bleeding,2024-03-07,2024,10000000,12778225,104,6.1833,6.554,941,en,"Crime, Romance, Thriller",3,False,False,Released
949229,Leo,2023-10-18,2023,42219285,71772785,163,2.6738,6.867,124,ta,"Action, Crime, Thriller",3,True,False,Released
949423,Pearl,2022-09-16,2022,1000000,10139416,102,7.6406,7.2,2528,en,"Horror, Thriller",2,True,False,Released
949484,Hounds of War,2024-08-29,2024,13000000,126540,94,3.3839,6.3,167,en,"Action, Thriller",2,False,False,Released
951491,Saw X,2023-09-27,2023,13000000,125319714,118,6.1824,7.17,2337,en,"Horror, Mystery",2,True,False,Released
951546,Reign of Chaos,2022-04-12,2022,10000,100,77,0.6092,5.4,43,en,"Action, Horror, Fantasy",3,False,False,Released
955569,Arthur: Malediction,2022-06-29,2022,2400000,1874343,87,0.655,3.364,133,fr,"Horror, Thriller",2,False,False,Released
955659,Me contro Te: Il film - Missione giungla,2023-01-19,2023,4535077,5280000,73,0.1802,7.8,10,it,"Family, Fantasy",2,True,False,Released
956842,Fly Me to the Moon,2024-07-10,2024,100000000,42260534,132,7.1863,6.799,1134,en,"Romance, Comedy",2,False,False,Released
956964,Consent,2023-10-11,2023,3700000,4710394,119,2.6093,6.828,229,fr,"History, Drama",2,False,False,Released
957304,Drive-Away Dolls,2024-02-22,2024,8000000,7935363,84,2.8343,5.5,562,en,"Comedy, Crime",2,False,False,Released
957452,The Crow,2024-08-21,2024,50000000,24109036,111,6.3817,5.804,1250,en,"Action, Fantasy, Horror",3,False,False,Released
958006,The Kill Room,2023-09-14,2023,50000000,476375,98,3.1777,5.872,286,en,"Comedy, Crime",2,False,False,Released
959092,Mayhem!,2023-06-28,2023,4920000,1500000,99,2.4662,6.7,216,fr,"Action, Crime, Thriller",3,False,False,Released
959604,Beating Hearts,2024-10-16,2024,37315205,36010728,160,4.079,7.192,1013,fr,"Romance, Crime, Drama",3,False,False,Released
960033,Marguerite's Theorem,2023-11-01,2023,2470000,1091821,114,1.2321,6.8,205,fr,"Drama, Mystery",2,False,False,Released
960206,Godland,2022-12-01,2022,5000000,1560518,143,0.9411,6.8,197,da,Drama,1,False,False,Released
960258,Shark Bait,2022-05-13,2022,5000000,1824152,87,1.5922,5.7,358,en,"Horror, Thriller, Action, Adventure",4,False,False,Released
960769,Buya Hamka Vol. 1,2023-04-19,2023,4200000,2787351,106,0.5013,6.2,12,id,"Drama, History",2,True,False,Released
960876,Dunki,2023-12-21,2023,14500000,15000000,159,2.2253,6.3,107,hi,"Adventure, Comedy, Drama",3,False,False,Released
962543,The Worst Ones,2022-12-07,2022,2600000,19833,100,1.1324,6.8,86,fr,"Drama, Comedy",2,False,False,Released
963765,Strange Way of Life,2023-05-26,2023,800000,1064830,31,1.4683,6.292,371,es,"Drama, Western, Romance",3,False,False,Released
964960,The Taste of Things,2023-11-08,2023,6500000,5970753,135,2.6316,7.111,379,fr,"Romance, Drama",2,False,False,Released
964980,Air,2023-04-05,2023,80000000,90100000,112,5.431,7.283,2301,en,"Drama, History",2,False,False,Released
965489,Kushi,2023-08-31,2023,6300000,6400000,163,1.0912,5.2,23,te,"Romance, Comedy, Drama",3,False,False,Released
965791,A Difficult Year,2023-10-18,2023,13000000,7004555,120,1.7381,5.902,316,fr,Comedy,1,False,False,Released
965890,Vincent Must Die,2023-11-15,2023,4340000,158787,109,0.5324,6.242,209,fr,"Drama, Fantasy, Thriller, Horror",4,False,False,Released
966220,Sniper: The White Raven,2022-05-03,2022,1000000,881,120,5.0524,7.659,885,uk,"War, Action, Drama",3,False,False,Released
967582,3 Days Max,2023-10-25,2023,20000000,15152854,87,4.0007,5.364,214,fr,Comedy,1,True,False,Released
967847,Ghostbusters: Frozen Empire,2024-03-20,2024,100000000,201967521,115,6.652,6.45,2135,en,"Fantasy, Adventure, Comedy",3,True,False,Released
968051,The Nun II,2023-09-06,2023,38500000,269670590,110,10.5185,6.644,2438,en,Horror,1,True,False,Released
969492,Land of Bad,2024-02-09,2024,18000000,7021101,113,7.4162,7.249,1452,en,"Action, War, Thriller",3,False,False,Released
970347,The Killer,2024-08-22,2024,30000000,318618,126,5.4145,6.245,533,en,"Action, Thriller, Crime",3,False,False,Released
970948,What Happens Later,2023-11-02,2023,3000000,3370345,104,1.3823,4.8,92,en,"Romance, Comedy",2,False,False,Released
972118,The Goldman Case,2023-06-07,2023,2600000,2883655,118,1.3204,6.9,231,fr,"Drama, Crime, History",3,False,False,Released
972119,Making Of,2024-01-10,2024,4000000,1261221,119,0.5643,5.7,141,fr,"Comedy, Drama",2,False,False,Released
972230,Maybe I Do,2023-01-27,2023,7500000,4393504,95,1.7969,5.409,274,en,"Comedy, Romance, Drama",3,False,False,Released
973778,The End We Start From,2023-12-08,2023,10000000,604830,102,2.3319,5.846,130,en,"Drama, Mystery, Thriller",3,False,False,Released
974036,Ordinary Angels,2024-02-22,2024,13000000,20571534,118,4.1493,7.663,377,en,Drama,1,False,False,Released
974453,Absolution,2024-10-31,2024,30000000,3854594,112,4.7431,5.896,514,en,"Action, Crime, Thriller, Mystery",4,False,False,Released
974576,Conclave,2024-10-25,2024,20000000,115657988,120,11.0818,7.187,3339,en,"Drama, Thriller",2,False,False,Released
974635,Hit Man,2024-05-16,2024,8800000,5101673,116,6.5735,6.794,1601,en,"Comedy, Romance, Crime",3,False,False,Released
974950,Emilia Pérez,2024-08-21,2024,26000000,16317120,132,5.9774,6.454,1937,fr,"Drama, Thriller",2,False,False,Released
975056,Cabrini,2024-03-07,2024,50000000,20592796,142,4.8798,7.8,161,en,"History, Drama",2,False,False,Released
975511,The Return,2024-11-28,2024,20000000,3300444,116,4.5435,6.501,418,en,"History, Drama, Adventure",3,False,False,Released
975762,Sugar and Stars,2023-02-22,2023,4700000,945987,110,0.8639,6.6,80,fr,Drama,1,False,False,Released
975773,Wicked Little Letters,2024-02-23,2024,12600000,27219729,100,3.8153,6.934,656,en,"Comedy, Drama, Mystery",3,False,False,Released
976293,Lie with Me,2023-02-22,2023,2100000,636052,98,0.995,7.333,135,fr,"Drama, Romance",2,False,False,Released
976573,Elemental,2023-06-14,2023,200000000,496444308,102,12.0487,7.577,5248,en,"Animation, Family, Romance, Fantasy, Comedy",5,False,False,Released
976576,Emmanuelle,2024-09-25,2024,19000000,712413,105,4.9503,4.7,109,en,"Drama, Romance",2,False,False,Released
976584,The Book of Clarence,2024-01-11,2024,40000000,6205230,129,2.3737,5.865,133,en,"Adventure, Comedy, Drama",3,False,False,Released
976893,Perfect Days,2023-11-10,2023,14000000,24094016,124,8.8654,7.791,1872,ja,Drama,1,False,False,Released
977262,Ezra,2024-05-30,2024,5000000,3046741,100,3.4019,6.914,110,en,"Comedy, Drama",2,False,False,Released
977506,The Crime Is Mine,2023-02-24,2023,13700000,10436638,103,1.3897,6.467,451,fr,"Crime, Comedy, Mystery, Drama",4,False,False,Released
978870,Last Night of Amore,2023-03-09,2023,9500000,3800000,124,0.8655,7.125,530,it,"Thriller, Crime",2,False,False,Released
980026,The Promised Land,2023-10-05,2023,8500000,2246680,127,3.5314,7.688,568,da,"Action, Drama, History",3,False,False,Released
980078,Winnie the Pooh: Blood and Honey,2023-01-26,2023,100000,7717044,84,2.4821,4.97,1554,en,Horror,1,True,False,Released
980489,Gran Turismo,2023-08-09,2023,60000000,121700000,135,10.2192,7.705,3342,en,"Adventure, Drama, Action",3,False,False,Released
980599,Bhool Bhulaiyaa 3,2024-11-01,2024,17600000,45700000,158,1.2138,5.5,41,hi,"Horror, Comedy",2,True,False,Released
982271,Book Club: The Next Chapter,2023-05-11,2023,20000000,27849137,108,3.7745,6.3,213,en,"Comedy, Romance",2,True,False,Released
983044,The Arctic Convoy,2023-12-25,2023,6600000,3637940,109,2.3466,6.948,143,no,"War, Drama",2,False,False,Released
983883,Marry My Dead Body,2023-02-10,2023,1874400,15410325,129,2.3833,7.025,199,zh,"Comedy, Action, Horror",3,False,False,Released
984101,Bad Newz,2024-07-19,2024,9600000,8500000,140,0.9627,5.0,26,hi,"Comedy, Romance, Drama",3,False,False,Released
984500,UI,2024-12-20,2024,11760000,5520000,132,0.4586,5.1,13,kn,"Thriller, Fantasy",2,False,False,Released
985939,Fall,2022-08-11,2022,3000000,17363261,107,15.1861,7.107,4467,en,Thriller,1,True,False,Released
986054,Theater Camp,2023-07-13,2023,5000000,4400000,93,2.1353,6.507,205,en,Comedy,1,False,False,Released
986070,The Wrath of Becky,2023-05-26,2023,199507,207118,83,4.7454,6.313,469,en,"Action, Horror, Thriller",3,True,False,Released
986280,Fallen Leaves,2023-09-14,2023,1480000,12400000,81,2.0815,7.125,730,fi,"Romance, Comedy, Drama",3,False,False,Released
987895,Maaveeran,2023-07-14,2023,4000000,11000000,166,0.8841,7.022,45,ta,"Drama, Action, Comedy, Fantasy",4,False,False,Released
988402,Humanist Vampire Seeking Consenting Suicidal Person,2023-10-13,2023,3000000,97578,91,2.3552,7.38,371,fr,"Romance, Comedy, Fantasy, Horror",4,False,False,Released
988595,Mat Kilau,2022-06-23,2022,1800000,21144617,118,0.5992,6.571,14,ms,"Action, History, War, Adventure, Drama, Thriller",6,False,False,Released
989596,The Braid,2023-11-29,2023,8500000,9235757,121,1.3642,7.4,258,en,"Drama, Comedy",2,False,False,Released
989672,Just the Two of Us,2023-05-24,2023,6300000,5099005,105,1.2424,6.955,332,fr,"Thriller, Drama, Romance",3,False,False,Released
990326,A Guilty Conscience,2023-01-20,2023,2800000,10000000,133,2.0909,6.7,58,cn,"Crime, Drama, Mystery",3,False,False,Released
993784,Lisa Frankenstein,2024-02-07,2024,13400000,9927714,102,3.9891,6.333,562,en,"Horror, Comedy, Romance",3,False,False,Released
994108,All of Us Strangers,2023-12-22,2023,5000000,14864960,105,3.7552,7.391,998,en,"Romance, Drama, Fantasy",3,False,False,Released
994143,Skinamarink,2023-01-13,2023,15000,2131183,100,2.0473,5.337,365,en,Horror,1,False,False,Released
995746,Rosalie,2024-04-10,2024,7000000,308326,115,0.9832,6.6,81,fr,"Drama, Romance",2,False,False,Released
995806,Banel & Adama,2023-08-30,2023,1750000,164602,87,0.3614,6.6,22,ff,Drama,1,False,False,Released
997660,Nightsiren,2022-09-29,2022,1720000,94914,110,0.696,5.47,33,sk,"Mystery, Drama, Horror",3,False,False,Released
998846,Back to Black,2024-04-11,2024,30000000,51001975,122,3.9697,6.7,697,en,"Music, History, Drama",3,False,False,Released
999142,Rabia,2024-11-27,2024,2900000,107359,95,0.6365,6.487,39,fr,"Drama, Thriller",2,False,False,Released
999278,The Goldsmith,2022-10-08,2022,250000,63830,89,0.7141,5.9,103,it,"Horror, Thriller",2,False,False,Released
999582,Babes,2024-03-09,2024,3700000,3663309,104,4.4385,5.846,81,en,Comedy,1,False,False,Released
1000092,Nowhere,2024-08-29,2024,3000000,67895,92,0.3796,7.5,12,it,"Animation, Drama, War, History",4,False,False,Released
1000130,Hounds,2023-07-19,2023,2000000,200993,94,0.2457,6.0,34,fr,"Crime, Thriller, Drama",3,False,False,Released
1000521,Zodi and Téhu: Princes of the Desert,2023-02-08,2023,11000000,1678897,105,0.4421,7.0,24,fr,"Adventure, Family, Comedy",3,False,False,Released
1000597,Jeff Panacloc : À la poursuite de Jean-Marc,2023-12-20,2023,9800000,652968,90,0.3232,5.319,36,fr,Comedy,1,False,False,Released
1000837,I'm Still Here,2024-09-19,2024,8000000,36361572,138,4.6906,7.895,1046,pt,"Drama, History",2,False,False,Released
1000866,The Marching Band,2024-11-27,2024,6100000,26252618,103,1.7547,7.274,481,fr,"Comedy, Drama, Music",3,False,False,Released
1001023,Just a Couple of Days,2024-04-03,2024,3749000,331,0,0.2459,6.1,38,fr,"Drama, Comedy",2,False,False,Released
1001026,Open Season,2023-12-20,2023,9827000,14990406,101,1.5143,5.974,175,fr,Comedy,1,True,False,Released
1001684,Niki,2024-10-09,2024,42744,1157127,98,1.0978,6.2,53,fr,"Drama, History",2,False,False,Released
1002155,Monsieur Aznavour,2024-10-23,2024,28000000,16,134,1.8132,7.201,333,fr,"History, Music, Drama",3,False,False,Released
1004096,Son of a Rich 2,2024-01-01,2024,8300000,44459991,119,1.7392,6.4,58,ru,Comedy,1,True,False,Released
1004348,Boléro,2024-03-06,2024,12900000,3337320,120,1.8525,6.301,73,fr,"Music, History, Drama",3,False,False,Released
1005141,"Luxembourg, Luxembourg",2023-04-13,2023,750000,904000,106,0.3818,7.8,60,uk,"Comedy, Drama",2,False,False,Released
1006462,The Flood,2023-07-14,2023,2,25,93,2.9093,6.141,283,en,"Action, Mystery, Thriller, Horror",4,False,False,Released
1008042,Talk to Me,2023-07-26,2023,4500000,91959188,95,8.6958,7.136,3674,en,"Horror, Fantasy",2,True,False,Released
1008392,The Blackening,2023-06-15,2023,5000000,18563767,97,3.5827,5.9,395,en,"Horror, Comedy",2,True,False,Released
1008409,The Bikeriders,2024-06-19,2024,40000000,36110860,116,8.5837,6.679,1120,en,"Crime, Drama",2,False,False,Released
1008903,Left Behind: Rise of the Antichrist,2023-01-26,2023,10000000,3649422,115,0.7334,4.9,28,en,"Science Fiction, Action, Thriller, Fantasy",4,True,False,Released
1010600,The Strangers: Chapter 1,2024-05-15,2024,8500000,48166448,91,10.8568,5.664,737,en,"Horror, Thriller",2,True,False,Released
1011985,Kung Fu Panda 4,2024-03-02,2024,80000000,548040835,94,33.1642,7.0,3460,en,"Action, Adventure, Animation, Comedy, Family, Fantasy",6,True,False,Released
1012201,HAIKYU!! The Dumpster Battle,2024-02-16,2024,5000000,100255784,84,7.3299,7.7,237,ja,"Animation, Comedy",2,True,False,Released
1013850,A Real Pain,2024-11-01,2024,3000000,24856027,90,4.7395,6.773,1368,en,"Comedy, Drama",2,False,False,Released
1014214,Singham Again,2024-11-01,2024,41100000,43800000,145,2.2813,4.976,41,hi,"Action, Drama, Thriller, Crime",4,False,False,Released
1016084,BlackBerry,2023-02-13,2023,5000000,2600000,120,4.0231,7.14,855,en,"Comedy, Drama, History",3,False,False,Released
1016121,Beautiful Disaster,2023-04-04,2023,25000000,6850036,96,5.3154,6.639,893,en,"Romance, Drama, Comedy",3,True,False,Released
1016346,MR-9: Do or Die,2023-08-25,2023,6700000,7100000,107,1.7391,6.422,185,bn,"Action, Drama, Thriller",3,False,False,Released
1016683,Semmelweis,2023-11-30,2023,5500000,1645196,127,0.891,7.783,46,hu,"History, Drama",2,False,False,Released
1016848,The Front Room,2024-09-05,2024,3500000,3165361,95,2.2246,5.0,123,en,Horror,1,False,False,Released
1018494,Operation Seawolf,2022-10-07,2022,15000,23000,86,1.7026,5.631,118,en,"War, Thriller, Action, Adventure",4,False,False,Released
1018728,Latin for All,2024-03-20,2024,3500000,300000,86,0.4919,5.1,68,fr,Comedy,1,False,False,Released
1019354,Letters to Santa 5,2022-11-04,2022,119,7328061,117,0.2684,5.5,17,pl,"Comedy, Romance",2,True,False,Released
1019939,Hundreds of Beavers,2022-09-29,2022,150000,1267995,108,2.5612,7.3,285,en,"Comedy, Adventure, Action",3,False,False,Released
1020006,Priscilla,2023-10-27,2023,20000000,30140906,113,6.8455,6.7,1068,en,"Drama, Romance",2,False,False,Released
1020822,Animale,2024-09-20,2024,3800000,71924,98,0.7792,6.1,54,fr,"Fantasy, Drama, Horror",3,False,False,Released
1020896,Handling the Undead,2024-02-09,2024,5141025,105046,98,1.3479,5.866,172,no,"Horror, Drama, Mystery",3,False,False,Released
1022789,Inside Out 2,2024-06-11,2024,200000000,1698863816,97,26.1267,7.543,6607,en,"Animation, Adventure, Comedy, Family",4,True,False,Released
1022796,Wish,2023-11-13,2023,175000000,254997360,95,6.5287,6.218,1765,en,"Animation, Family, Fantasy, Adventure",4,False,False,Released
1023922,MaXXXine,2024-07-04,2024,10000000,22057161,103,8.0752,6.303,1447,en,"Horror, Thriller",2,True,False,Released
1025125,Kishkindha Kaandam,2024-09-12,2024,830000,8920490,125,1.0225,7.667,51,ml,"Thriller, Mystery, Drama, Adventure",4,False,False,Released
1025491,Freud's Last Session,2023-12-22,2023,10000000,1697993,109,2.9239,6.622,172,en,Drama,1,False,False,Released
1026227,There's Still Tomorrow,2023-10-26,2023,9000000,50121593,118,2.9775,8.1,1510,it,"Drama, Comedy, History",3,False,False,Released
1026436,Miller's Girl,2024-01-18,2024,4000000,1430985,93,4.6831,6.32,930,en,"Thriller, Drama, Romance",3,False,False,Released
1027982,Abang Adik,2023-12-01,2023,653000,1363827,115,1.0637,7.6,36,zh,"Drama, Crime",2,False,False,Released
1028196,Nickel Boys,2024-12-13,2024,23200000,3016380,140,3.0223,6.6,342,en,"Drama, History",2,False,False,Released
1029235,Azrael,2024-09-27,2024,12000000,631272,86,4.7993,5.905,410,en,"Action, Horror, Thriller",3,False,False,Released
1029281,Strange Darling,2024-08-14,2024,4000000,4853595,97,5.9457,6.918,883,en,"Horror, Thriller",2,False,False,Released
1029827,Drishyam 2,2022-11-18,2022,7200000,41000000,140,1.1811,7.976,103,hi,"Thriller, Drama, Mystery",3,True,False,Released
1029880,Nightwatch: Demons Are Forever,2023-12-14,2023,4300000,104266,113,1.4599,6.2,91,da,"Horror, Thriller, Mystery",3,True,False,Released
1029955,Kinds of Kindness,2024-05-30,2024,15000000,16398509,164,5.7138,6.499,1252,en,"Drama, Comedy",2,False,False,Released
1030908,Mirciulica,2022-10-07,2022,300000,1802922,90,0.084,6.2,25,ro,Comedy,1,False,False,Released
1032194,The Blind,2023-09-28,2023,30000000,17265487,110,2.5093,6.031,49,en,"Drama, Romance, Thriller",3,False,False,Released
1032666,Bunker,2023-09-14,2023,2500000,101045,109,1.971,6.9,49,en,"Horror, Thriller, War",3,False,False,Released
1032823,Trap,2024-07-31,2024,30000000,83677281,105,8.6456,6.237,2774,en,"Crime, Horror, Thriller",3,False,False,Released
1034541,Terrifier 3,2024-10-09,2024,2000000,90322103,125,11.0561,6.79,1917,en,Horror,1,True,False,Released
1035048,Elevation,2024-11-07,2024,18000000,3300000,91,8.7128,6.412,948,en,"Action, Science Fiction, Thriller",3,False,False,Released
1035806,Detective Knight: Independence,2023-01-20,2023,2000000,36171,92,1.3007,5.322,191,en,"Action, Crime, Thriller",3,True,False,Released
1037051,Trust,2024-04-24,2024,8,1,136,0.7074,6.401,147,it,"Drama, Thriller",2,False,False,Released
1037113,Snack Shack,2024-03-15,2024,3000000,455708,112,3.9743,7.127,229,en,Comedy,1,False,False,Released
1040148,"Ruby Gillman, Teenage Kraken",2023-06-28,2023,70000000,46247409,91,5.7121,7.2,1098,en,"Animation, Family, Fantasy, Comedy",4,False,False,Released
1040892,Slotherhouse,2023-08-30,2023,350000,123000,93,3.0733,4.629,133,en,"Horror, Comedy, Thriller",3,False,False,Released
1041613,Immaculate,2024-03-20,2024,9000000,35340015,89,6.4222,6.213,1604,en,"Horror, Mystery, Thriller",3,False,False,Released
1045770,Daaaaaalí!,2024-02-07,2024,6700000,3,78,1.1259,6.1,313,fr,"Comedy, Fantasy, Drama",3,False,False,Released
1047431,Prancer: A Christmas Tale,2022-11-22,2022,7000000,18600000,105,1.7842,6.5,41,en,"Family, Fantasy",2,True,False,Released
1048522,Fremont,2023-08-25,2023,3000000,600376,92,1.1767,6.346,107,en,"Comedy, Drama",2,False,False,Released
1051891,Thelma,2024-06-21,2024,5000000,12537071,98,3.4268,6.86,397,en,"Action, Comedy, Adventure",3,False,False,Released
1052025,Anatar,2023-01-19,2023,1,3608,88,0.6382,3.5,24,it,"Comedy, Science Fiction, Fantasy, Adventure, Action, Romance",6,False,False,Released
1052433,Love Reset,2023-10-03,2023,6000000,18416734,119,2.1024,7.331,80,ko,"Romance, Comedy",2,False,False,Released
1052865,A Thousand Days,2023-04-19,2023,1230065,4512749,121,0.7172,7.0,32,id,"Horror, Mystery, Thriller",3,True,False,Released
1053024,Jailbird,2023-08-24,2023,1700000,13764,88,0.2483,5.5,12,it,"Comedy, Drama",2,False,False,Released
1053600,"20,000 Species of Bees",2023-04-21,2023,2000000,1193593,127,0.9319,7.08,112,es,Drama,1,False,False,Released
1056360,American Fiction,2023-11-10,2023,16000000,22483370,117,4.071,7.264,1312,en,"Comedy, Drama",2,False,False,Released
1057006,Sight,2024-05-24,2024,6000000,7,103,1.9431,6.3,40,en,"Drama, History",2,False,False,Released
1057999,Enea,2024-01-11,2024,8178032,1,115,0.5852,6.2,153,it,Drama,1,False,False,Released
1058063,Hell Torture,2023-12-14,2023,300000,5510590,98,0.6427,6.058,26,id,"Horror, Thriller",2,False,False,Released
1058078,Carousel,2023-10-20,2023,2250000,633385,93,0.8011,6.054,111,sv,Horror,1,False,False,Released
1058694,Radical,2023-10-19,2023,10000000,21761164,125,5.0411,8.322,498,es,Drama,1,False,False,Released
1059128,Queer,2024-11-27,2024,53400000,5450715,138,4.8995,6.592,506,en,"Drama, Romance",2,False,False,Released
1062215,Afraid,2024-08-28,2024,12000000,12977758,84,4.0704,5.926,495,en,"Horror, Science Fiction, Thriller",3,False,False,Released
1062807,SPY x FAMILY CODE: White,2023-12-22,2023,5000000,59629242,110,4.7431,7.134,625,ja,"Animation, Comedy, Adventure, Action",4,False,False,Released
1063197,Invalid,2023-02-09,2023,1087475,1704030,108,0.3511,6.8,21,sk,"Comedy, Drama",2,False,False,Released
1064028,Subservience,2024-08-15,2024,4400000,262793,105,29.7233,6.625,975,en,"Science Fiction, Horror, Thriller",3,False,False,Released
1064213,Anora,2024-10-14,2024,6000000,56286295,139,12.0447,7.06,3093,en,"Drama, Comedy, Romance",3,False,False,Released
1064307,Spermageddon,2024-12-28,2024,3000000,1333332,80,12.5018,6.409,126,no,"Animation, Adventure, Fantasy, Comedy",4,False,False,Released
1064486,Memoir of a Snail,2024-10-17,2024,4350000,7,94,5.6199,8.0,760,en,"Animation, Drama, Comedy",3,False,False,Released
1068452,Hi Nanna,2023-12-07,2023,7819000,9184966,155,2.9118,7.8,63,te,"Drama, Family, Romance",3,False,False,Released
1069200,The Teacher,2024-05-16,2024,3000000,57251,118,1.2528,6.125,12,ar,"Drama, War, Thriller",3,False,False,Released
1071215,Thanksgiving,2023-11-16,2023,15000000,46553280,106,5.982,6.472,1553,en,"Horror, Mystery",2,True,False,Released
1071815,Restore Point,2023-09-09,2023,2000000,821731,114,1.2801,6.036,140,cs,"Science Fiction, Crime, Thriller",3,False,False,Released
1072342,Night Swim,2024-01-03,2024,15000000,54785387,98,5.9589,5.51,839,en,"Horror, Mystery",2,False,False,Released
1072790,Anyone But You,2023-12-21,2023,25000000,214891370,103,18.415,6.787,3019,en,"Romance, Comedy",2,False,False,Released
1073486,Vaalvi,2023-01-13,2023,30000000,72500000,106,0.4512,6.8,10,mr,"Comedy, Thriller, Drama, Crime",4,True,False,Released
1074049,A Moroccan Affair,2023-12-01,2023,5500000,10950000,97,0.7614,5.943,105,es,"Comedy, Family",2,True,False,Released
1075971,"Food, Inc. 2",2024-04-09,2024,2000000,28161,94,0.4254,6.9,14,en,Documentary,1,True,False,Released
1079091,It Ends with Us,2024-08-07,2024,55000000,351441044,131,8.9061,6.94,1895,en,"Drama, Romance",2,False,False,Released
1079244,Bonhoeffer: Pastor. Spy. Assassin,2024-11-20,2024,25000000,12165702,132,2.8847,6.708,77,en,"History, Drama, War",3,False,False,Released
1079485,Winnie-the-Pooh: Blood and Honey 2,2024-03-26,2024,415000,7582541,93,3.1654,5.8,467,en,"Horror, Thriller",2,True,False,Released
1082195,The Order,2024-12-05,2024,20000000,1970445,116,5.7566,6.583,866,en,"Crime, Drama, Thriller",3,False,False,Released
1083241,Baby John,2024-12-25,2024,21176000,6941000,162,1.788,5.917,24,hi,"Action, Drama, Thriller, Crime",4,False,False,Released
1084736,The Count of Monte Cristo,2024-06-28,2024,46000000,75360860,178,9.8921,7.912,1999,fr,"Adventure, Action, Drama",3,False,False,Released
1084863,The Soul Eater,2024-04-24,2024,3500000,864825,111,1.7967,6.181,215,fr,"Thriller, Horror, Crime, Mystery",4,False,False,Released
1086357,Caracas,2024-02-29,2024,7300000,627242,110,0.2885,6.0,72,it,Crime,1,False,False,Released
1086747,The Watchers,2024-06-06,2024,30000000,51147812,102,6.8231,6.4,1558,en,"Fantasy, Horror, Mystery",3,False,False,Released
1087822,Hellboy: The Crooked Man,2024-08-29,2024,20000000,2014050,100,4.3561,5.161,536,en,"Fantasy, Horror, Action",3,False,False,Released
1088096,Goodrich,2024-10-17,2024,5000000,1559772,111,2.3412,6.472,108,en,"Comedy, Drama",2,False,False,Released
1088514,The Room Next Door,2024-10-07,2024,15000000,21519488,106,2.8381,6.747,674,es,"Drama, Comedy",2,False,False,Released
1092329,Journey to Bethlehem,2023-11-09,2023,6000000,7778330,99,1.7754,7.633,98,en,"Family, Drama",2,False,False,Released
1093966,Vettaiyan,2024-10-10,2024,35500000,30745762,161,1.009,6.237,38,ta,"Action, Crime, Drama",3,False,False,Released
1094009,Summer Camp,2024-05-31,2024,10000000,2402245,96,1.1768,5.3,43,en,Comedy,1,False,False,Released
1094274,Y2K,2024-12-06,2024,15000000,4481473,91,2.3418,5.146,268,en,"Science Fiction, Horror, Comedy",3,False,False,Released
1094605,The Duel,2024-07-31,2024,800000,7400000,100,0.6906,5.6,30,en,Comedy,1,False,False,Released
1096804,50 km/h,2024-01-04,2024,3750000,2448552,110,0.6108,6.7,117,it,Comedy,1,False,False,Released
1096996,Trinket Box,2023-03-31,2023,150000,305526,104,0.4948,4.3,15,en,"Horror, Drama",2,False,False,Released
1097549,Babygirl,2024-12-25,2024,20000000,60934894,115,14.1281,5.693,1173,en,"Romance, Thriller",2,False,False,Released
1099217,In Broad Daylight,2023-11-02,2023,650000,2000000,106,1.7718,7.4,37,cn,"Drama, Mystery",2,False,False,Released
1099413,The Rogue's Trial,2024-12-25,2024,8000000,13600000,112,0.5628,6.7,123,pt,"Comedy, Drama",2,True,False,Released
1100099,We Live in Time,2024-10-10,2024,20000000,37182814,108,5.8762,7.224,1247,en,"Romance, Drama",2,False,False,Released
1100782,Smile 2,2024-10-16,2024,28000000,138128854,127,11.5328,6.587,2103,en,"Horror, Mystery, Music",3,True,False,Released
1102493,Small Things Like These,2024-11-01,2024,3000000,12534032,99,3.6985,6.7,527,en,Drama,1,False,False,Released
1103621,How to Make Millions Before Grandma Dies,2024-04-04,2024,1000000,73800000,126,5.5664,8.102,387,th,Drama,1,False,False,Released
1106739,Juror #2,2024-10-30,2024,30000000,21418477,114,5.654,6.886,2429,en,"Drama, Thriller",2,False,False,Released
1108211,Lost in the Stars,2023-06-22,2023,9500000,334039200,122,2.6714,6.6,100,zh,"Mystery, Crime, Thriller",3,False,False,Released
1108658,The Shift,2023-11-30,2023,6500000,12238643,113,2.2146,6.5,88,en,Science Fiction,1,False,False,Released
1109255,Parthenope,2024-10-24,2024,32000000,10361110,137,4.18,6.694,739,it,Drama,1,False,False,Released
1109940,Accidental Texan,2024-03-08,2024,10000000,141270,103,0.7139,6.2,16,en,"Comedy, Drama",2,False,False,Released
1111873,Abigail,2024-04-16,2024,28000000,43015969,109,10.6441,6.672,2030,en,"Horror, Thriller",2,False,False,Released
1114513,Speak No Evil,2024-09-11,2024,15000000,77239314,110,6.2757,7.131,2052,en,"Horror, Thriller",2,False,False,Released
1115009,Unsung Hero,2024-04-26,2024,6000000,21220422,113,3.0223,7.006,81,en,"Drama, Music, Family",3,False,False,Released
1115623,The Last Kumite,2024-05-09,2024,1303000,6500000,105,2.5756,6.803,122,en,"Action, Thriller",2,False,False,Released
1117006,Me contro Te: Il film - Vacanze in Transilvania,2023-10-19,2023,4915109,1992797,0,0.4559,5.9,38,es,"Family, Fantasy",2,True,False,Released
1120911,Saturday Night,2024-09-27,2024,25000000,10055029,109,9.8356,6.689,349,en,"Comedy, Drama",2,False,False,Released
1124876,Ulajh,2024-08-02,2024,4300000,1100000,134,0.6555,5.429,14,hi,"Drama, Thriller",2,False,False,Released
1125311,Imaginary,2024-03-06,2024,10000000,43778760,104,3.7138,5.913,681,en,"Horror, Mystery",2,False,False,Released
1126128,13 Bombs,2023-12-28,2023,4600000,2466863,143,0.7794,6.9,29,id,"Action, Crime, Thriller",3,False,False,Released
1128650,The Prosecutor,2024-12-08,2024,38500000,128093757,117,6.0886,7.0,199,cn,"Action, Drama, Crime, Thriller",4,False,False,Released
1129508,Escape from Germany,2024-04-11,2024,1000000,2601719,97,0.639,6.4,24,en,"History, Drama, War",3,False,False,Released
1129608,The Greatest of All Time,2024-09-05,2024,36000000,47700000,183,1.4771,4.768,41,ta,"Action, Drama, Thriller",3,False,False,Released
1132079,Survive,2022-05-12,2022,5270000,890967,108,1.3711,5.0,47,en,"Adventure, Drama, Thriller",3,False,False,Released
1136418,Raayan,2024-07-26,2024,11900000,15000000,143,1.0688,6.086,35,ta,"Action, Drama, Thriller",3,False,False,Released
1136633,Eternal Visionary,2024-11-07,2024,13500000,579253,112,0.6793,6.7,30,it,Drama,1,False,False,Released
1137196,Blaga's Lessons,2024-01-19,2024,1140000,167000,114,0.5664,6.6,16,bg,Drama,1,False,False,Released
1138194,Heretic,2024-10-31,2024,10000000,51913394,111,7.5516,6.979,2590,en,"Thriller, Horror",2,False,False,Released
1148713,The Courier,2024-01-19,2024,5400000,1751343,102,2.1077,6.399,174,es,"Thriller, Crime",2,False,False,Released
1149791,Premalu,2024-02-09,2024,380000,9000000,155,1.5967,7.772,57,ml,"Romance, Comedy",2,True,False,Released
1152014,A Little Something Extra,2024-04-18,2024,6400000,84058132,89,3.6281,7.119,826,fr,"Comedy, Family",2,False,False,Released
1154215,Elyas,2024-07-03,2024,12460000,1359330,99,3.9107,6.183,156,fr,"Action, Thriller",2,False,False,Released
1155828,Sing Sing,2024-07-12,2024,2000000,3401789,107,3.1814,7.42,351,en,Drama,1,False,False,Released
1160018,Kill,2024-07-03,2024,4800000,5600000,105,3.0523,7.094,483,hi,"Action, Crime, Thriller, Drama",4,False,False,Released
1160164,TAYLOR SWIFT | THE ERAS TOUR,2023-10-13,2023,15000000,261656269,169,3.3516,8.175,515,en,Music,1,False,False,Released
1160878,The Blue Star,2024-02-23,2024,4,650,125,0.3211,7.4,47,es,"Music, Drama",2,False,False,Released
1160956,Panda Plan,2024-10-01,2024,25000000,42238170,99,6.4791,6.767,277,zh,"Action, Comedy",2,True,False,Released
1162322,After Death,2023-10-26,2023,40000000,11537680,106,1.6046,7.1,52,en,"Documentary, Drama",2,False,False,Released
1163258,12th Fail,2023-08-11,2023,2400000,8300000,146,2.8332,7.912,232,hi,Drama,1,False,False,Released
1164370,Neru,2023-12-21,2023,1805100,10247900,152,1.0625,7.2,39,ml,"Drama, Thriller",2,False,False,Released
1166133,Bramayugam,2024-02-15,2024,3300000,10000000,139,3.0891,7.646,79,ml,"Horror, Thriller, Drama",3,False,False,Released
1167271,Weekend in Taipei,2024-09-19,2024,30000000,2826064,101,3.941,6.348,267,en,"Action, Adventure, Thriller",3,False,False,Released
1175161,Agak Laen,2024-02-01,2024,60000,19601819,119,0.9608,7.1,28,id,Comedy,1,True,False,Released
1179316,The Bremen Town Musicians,2024-01-01,2024,13000000,34884591,116,1.0117,5.3,25,ru,"Adventure, Family, Music",3,False,False,Released
1182047,The Apprentice,2024-10-09,2024,16000000,17271613,122,5.2315,6.869,941,en,"History, Drama, Comedy",3,False,False,Released
1184918,The Wild Robot,2024-09-12,2024,78000000,331982078,102,26.1442,8.307,5942,en,"Family, Animation, Science Fiction, Adventure",4,True,False,Released
1185743,Renaissance: A Film by Beyoncé,2023-12-01,2023,15000000,44029271,170,0.9607,8.2,36,en,"Music, Documentary",2,False,False,Released
1186350,Marco,2024-12-20,2024,3467000,11559000,145,3.418,6.509,110,ml,"Action, Crime, Thriller",3,False,False,Released
1186532,The Forge,2024-08-22,2024,5000000,40392664,123,7.5072,8.22,329,en,"Drama, Family",2,False,False,Released
1187058,Munjya,2024-06-07,2024,3500000,16000000,121,1.4796,6.1,39,hi,"Comedy, Horror",2,False,False,Released
1187619,Shaitaan,2024-03-08,2024,7800000,9600000,132,0.9876,6.25,86,hi,"Thriller, Horror",2,False,False,Released
1189532,Wedding for Money,2023-10-09,2023,600000,1997639,116,0.2286,6.8,28,ro,Comedy,1,False,False,Released
1192195,Riviera Revenge,2024-04-24,2024,5000000,6483501,94,0.8157,6.101,94,fr,Comedy,1,False,False,Released
1194915,Saripodhaa Sanivaaram,2024-08-29,2024,6503911,11825293,172,0.989,6.516,31,te,"Action, Thriller",2,False,False,Released
1197989,El Harifa,2024-01-04,2024,250000,153811,117,0.7745,7.4,12,ar,"Comedy, Drama",2,True,False,Released
1203397,Rite Here Rite Now,2024-06-20,2024,1500000,4772954,144,0.7569,8.8,75,en,"Music, Documentary",2,False,False,Released
1206617,The Best Christmas Pageant Ever,2024-11-07,2024,10000000,40262167,99,1.9287,6.9,123,en,"Comedy, Drama, Family",3,False,False,Released
1209574,Sheriff,2024-04-18,2024,1200000,12613867,133,1.171,7.605,19,ms,"Action, Crime, Thriller, Drama, Mystery",5,False,False,Released
1214509,In a Violent Nature,2024-05-31,2024,600000,4258197,94,3.353,5.6,524,en,"Drama, Horror, Thriller",3,True,False,Released
1217690,Homestead,2024-12-19,2024,5000000,20811864,111,2.764,6.524,104,en,Drama,1,False,False,Released
1218032,Super Charlie,2024-12-25,2024,3500000,419252,78,1.0633,6.4,16,sv,"Animation, Family, Action, Comedy",4,False,False,Released
1220515,Treasure,2024-06-13,2024,2000000,583631,111,2.0682,6.535,43,en,"Drama, Comedy",2,False,False,Released
1225377,The Mouse Trap,2024-08-23,2024,800000,5737,80,1.3375,4.155,130,en,"Horror, Thriller",2,True,False,Released
1226578,Longlegs,2024-07-10,2024,10000000,127961936,101,8.6922,6.53,2589,en,"Crime, Horror, Mystery",3,True,False,Released
1228891,Pegasus 2,2024-02-10,2024,60000000,466862668,121,3.913,7.2,92,zh,"Drama, Comedy, Adventure",3,True,False,Released
1229349,Yolo,2024-02-10,2024,100000000,433606094,129,2.4083,6.662,111,zh,"Drama, Comedy, Action",3,False,False,Released
1233208,Santosh,2024-07-17,2024,2500000,1097812,128,1.2213,7.0,81,fr,"Thriller, Crime, Drama",3,False,False,Released
1233531,Article 370,2024-02-23,2024,2413068,13222021,160,1.2196,6.939,41,hi,"Action, Thriller, Drama",3,False,False,Released
1234397,Grand Theft Hamlet,2024-12-06,2024,200000,211734,91,0.7361,6.567,60,en,"Animation, Documentary",2,False,False,Released
1235499,The Last Showgirl,2024-12-13,2024,2000000,6380079,89,2.3196,6.419,273,en,Drama,1,False,False,Released
1236419,Piece by Piece,2024-10-10,2024,16000000,10591426,94,2.8275,7.246,142,en,"Animation, Music, Documentary, Comedy",4,False,False,Released
1241592,Khel Khel Mein,2024-08-15,2024,11760000,6680000,135,0.8339,6.083,30,hi,"Comedy, Drama",2,False,False,Released
1241674,The Last Breath,2024-06-28,2024,30000,273650,96,3.0092,5.9,157,en,"Horror, Thriller",2,False,False,Released
1241982,Moana 2,2024-11-21,2024,150000000,1059242164,100,26.1194,6.995,3032,en,"Animation, Adventure, Family, Comedy, Fantasy",5,True,False,Released
1242526,Sound of Hope: The Story of Possum Trot,2024-07-04,2024,8500000,11723502,130,1.6137,6.992,61,en,Drama,1,False,False,Released
1244112,The Super Elfkins,2024-12-24,2024,9700000,1789103,85,0.8666,6.7,10,de,"Animation, Adventure, Family, Fantasy",4,True,False,Released
1251621,Waves,2024-08-01,2024,3500000,8405432,131,1.1766,7.418,61,cs,"Thriller, Drama, History",3,False,False,Released
1278101,Big World,2024-12-27,2024,7000000,109500000,131,7.4671,8.088,74,zh,"Drama, Family",2,False,False,Released
1278263,The Seed of the Sacred Fig,2024-09-18,2024,3000000,6501810,167,2.4912,7.523,453,fr,"Drama, Thriller, Crime",3,False,False,Released
1283816,How Could I Live Without You?,2024-12-12,2024,9700000,7633135,105,0.3696,8.1,12,hu,"Comedy, Music, Romance",3,False,False,Released
1289601,Life After Fighting,2024-06-07,2024,234325,59530099,126,2.6139,7.218,71,en,"Action, Drama, Thriller",3,False,False,Released
1314762,Drazen,2024-10-31,2024,1713000,514596,100,0.4307,5.9,14,hr,Drama,1,False,False,Released
1320637,Am I Racist?,2024-09-13,2024,3000000,12311598,101,0.888,6.289,102,en,"Comedy, Documentary",2,False,False,Released
1353263,The Bibi Files,2024-12-13,2024,100,6,115,0.6004,7.1,28,en,Documentary,1,False,False,Released
1361141,Confessions of a Christmas Letter,2024-11-17,2024,100000,5,85,0.4131,5.9,12,en,"TV Movie, Comedy, Romance",3,False,False,Released
1594476,Bologna Brigante,2024-12-02,2024,220000,25000,0,0.1127,6.0,11,it,"Drama, Comedy",2,False,False,Released
